#{"t_start": 1642424126.2286503, "env_id": null}
r,l,t
-0.751584,5,1.096462
4.082411,84,4.031963
-0.210499,10,5.21098
-4.173915,23,6.85498
0.076434,29,8.506191
0.396854,18,9.890074
3.396673,65,12.385819
16.954258,33,14.144354
21.379826,39,16.027357
0.412466,122,19.932818
0.2148,22,21.412191
0.44891,22,22.900384
0.133118,13,24.183414
0.056289,23,25.677544
-0.524869,7,26.902256
1.440326,35,28.692385
-0.469041,8,29.841218
-0.17229,14,31.129949
-0.227228,15,32.442578
6.996512,59,34.819896
6.708127,87,37.972333
-5.109322,19,39.410674
0.490011,41,41.411696
-0.271122,23,42.920987
-0.748812,9,44.140679
0.205963,18,45.519302
-0.72928,46,47.713961
0.212515,52,49.999532
-0.272324,15,51.319896
-4.11938,45,53.378344
-0.630876,6,54.462588
-9.338481,47,56.700287
-3.426155,26,58.308882
0.783299,23,59.822795
-3.690933,30,61.531339
65.373979,57,63.90765
0.730925,41,65.841682
-0.788696,109,69.537598
-0.417771,18,70.997895
-0.354169,48,73.330684
0.207128,14,74.623125
-0.582552,12,75.848975
3.270046,31,77.684665
5.366171,40,79.923134
7.860964,68,82.584036
-0.161944,11,83.816124
10.325583,93,86.993207
-0.518929,12,88.229695
0.131937,58,91.729644
-0.618485,7,93.132682
-0.434694,24,94.796342
-7.603293,42,96.830742
-5.089124,36,98.838548
1.921472,29,100.652538
-0.574569,18,102.034571
0.221129,12,103.403507
0.727886,13,104.68736
3.809854,36,106.542508
-5.656892,30,108.265574
-0.314401,15,109.5818
-0.096065,23,111.081398
-19.074928,41,114.063549
0.31578,22,115.521332
1.533157,27,117.23085
-1.674534,23,118.777235
1.982312,23,120.292347
56.561998,48,122.412338
0.466917,21,123.878905
4.487595,70,126.605571
1.736528,31,128.297604
2.80974,46,130.362681
1.891679,29,131.995667
-0.377751,21,134.151214
-7.136143,44,136.699309
-5.450349,22,138.332099
-0.509594,11,139.563764
1.644065,14,140.886446
-1.593926,27,142.502636
0.93671,37,144.36463
-0.464741,17,145.869102
0.838578,32,147.599397
-0.010767,18,148.986587
-0.291716,14,150.300907
0.014759,14,151.597462
-0.465646,22,153.085112
-0.504214,14,154.394618
-0.323402,15,155.712119
-0.467195,17,157.067362
-0.337886,6,158.302067
-0.153693,10,159.504225
-0.518285,55,161.863586
-0.611877,22,163.339532
-0.315524,21,164.797682
-0.332165,21,166.364793
3.243356,41,168.311563
3.185698,46,170.391288
1.006455,24,171.943226
-0.066334,10,173.168601
3.102763,37,175.020266
-0.237887,21,176.588763
-0.441291,16,177.928863
-0.639207,6,179.026498
4.41322,65,181.576382
-0.466745,10,182.771949
-0.189311,14,184.061026
5.557407,119,188.234462
2.225138,44,190.424415
-0.022429,10,191.638208
-0.612302,14,192.943211
1.115129,16,194.275394
-0.136592,16,195.745464
0.122352,18,197.186388
0.08204,21,198.645849
-0.536721,9,199.82035
1.447891,24,201.359228
0.736324,40,203.273629
1.865708,46,205.460523
0.132159,25,207.014231
0.328249,16,208.356223
-0.69385,7,209.472983
0.797071,21,210.931363
-11.230667,37,212.821908
-0.222558,19,214.350433
-1.084557,39,216.268231
-0.057123,21,217.724295
1.540814,16,219.059755
12.254292,29,220.715857
1.699996,16,222.172597
1.139252,69,224.806832
7.092854,51,228.030545
2.241905,61,230.617681
1.383502,20,232.037534
0.436978,31,233.757919
-0.354824,17,235.348878
-1.95679,35,237.154475
-0.691235,5,238.226436
-0.094575,10,240.498624
-0.885843,15,241.854931
0.680532,14,243.580201
4.740661,48,246.061145
-0.550241,12,247.302068
2.825483,73,250.018723
-0.158242,12,251.264293
0.534788,18,252.643784
2.10017,91,255.902515
1.443318,23,257.405923
1.088744,19,258.818115
-4.402164,59,261.237922
-0.736248,11,262.463902
0.944571,35,264.309705
-9.118622,82,267.473984
0.768265,22,268.981396
0.329527,15,270.351416
1.863683,54,272.648561
2.470209,25,274.23138
3.72833,71,276.970764
-0.493667,32,278.739243
7.850315,84,281.754234
3.924736,27,283.368129
-0.537353,16,284.717536
6.8388,87,287.794442
-0.655031,50,289.961403
-0.082177,15,291.290289
1.009608,56,293.606128
2.222564,25,295.288392
-1.073874,65,297.937293
1.292902,23,299.45448
0.715156,23,301.103167
-5.439418,28,302.758899
1.105638,25,304.425723
-0.237875,30,306.126153
-0.100378,20,307.565335
0.870933,47,309.665109
-0.588513,8,310.812636
-0.443117,21,312.270483
-0.178674,15,313.682714
-0.218258,20,315.119667
0.554715,16,316.465214
33.860306,57,318.835871
3.294022,36,320.986087
-0.777614,7,322.102428
-3.305485,22,323.723254
0.071127,12,324.988681
-0.484684,55,327.291958
-3.338809,31,329.011946
0.585178,32,330.737237
1.052338,28,332.476323
-0.356134,23,334.030421
0.545961,17,335.406032
-0.828475,8,336.563025
-1.413234,32,338.303534
1.642866,34,340.09227
-5.009202,35,342.026801
-0.590316,11,343.250191
0.284824,12,344.533369
0.655921,23,346.052831
1.042999,20,347.483494
0.121912,12,348.713169
2.623886,35,350.6489
0.143661,9,351.897506
0.084535,38,354.107333
1.331237,30,359.015561
-2.036854,28,360.724293
0.632312,31,362.554328
1.561875,15,363.889943
-0.387601,7,365.023515
9.435229,64,367.54839
3.843118,48,370.015443
4.640535,107,373.534357
4.121335,94,377.074341
6.470838,65,379.597175
-0.409042,12,380.835587
-2.4833,28,382.489326
-0.251269,30,384.243649
-0.056095,14,386.072745
0.938137,52,388.257061
-1.848591,17,389.636324
1.307219,15,390.959703
4.903185,71,393.626917
0.664518,19,395.041508
2.186691,26,396.628449
5.210522,44,398.605957
0.872286,32,400.315147
0.045071,9,401.605398
2.032877,123,405.571184
0.92654,51,407.791916
2.408879,37,410.096836
-0.214389,9,411.334935
0.192385,13,412.98679
0.441661,17,414.384886
-0.683479,5,415.506327
110.843583,54,417.90087
0.560113,30,419.589819
-9.894296,52,421.818413
0.848682,24,423.482468
-0.631692,21,424.930531
0.388344,110,428.827066
7.916191,42,430.810019
2.344107,61,433.246686
-3.11455,15,434.555397
-0.318129,10,435.862615
0.286731,24,437.382139
0.845347,23,438.912998
-0.147024,11,440.136541
5.208299,73,442.840657
1.697543,30,444.620465
-0.230177,29,446.273404
0.938588,39,448.156347
3.581052,43,450.18645
2.142233,20,451.603906
0.279255,59,453.986335
-2.795108,26,455.696061
0.226015,13,456.956668
0.42549,21,458.398518
0.29363,12,459.629151
-0.084102,18,461.009007
-12.271657,47,463.281393
0.103232,42,465.930814
-0.711508,9,467.103138
-0.386102,10,469.832266
-3.690881,36,471.722344
-0.500489,27,473.316315
5.866551,84,476.41634
0.224671,21,477.864459
0.69745,37,479.806822
-0.048512,18,481.203201
-0.202548,19,483.059219
-0.009084,15,484.363642
0.413378,15,485.984172
2.851781,67,488.551058
-0.666947,13,489.819147
1.412911,74,492.723324
-0.076926,27,494.310765
-0.037642,14,495.722792
0.556783,33,497.46489
2.658875,40,499.368771
-0.206457,14,500.65585
-0.438756,14,501.934294
3.567528,27,503.664416
-0.182381,18,505.045004
-1.67972,34,506.853063
1.664626,30,508.50962
4.217547,50,510.645904
0.221611,19,512.038398
-0.223862,26,513.729645
-0.495521,19,515.144057
0.013727,20,516.589664
-0.564513,6,517.7355
7.727495,80,520.798291
4.852453,41,522.709099
-0.153384,16,524.157129
2.087654,37,525.989829
11.09849,93,529.148563
-0.762664,41,531.089425
10.657832,94,534.277331
1.051983,75,537.14822
2.351431,24,538.814606
-0.464441,15,540.128346
-9.251002,65,542.716638
0.298034,27,544.302262
-0.160593,16,545.8312
0.280617,12,547.258194
0.01097,60,549.729181
2.251345,64,552.203355
-0.724931,8,553.36412
-14.81279,68,555.982607
37.796741,61,558.46174
3.075835,50,560.727858
2.087963,37,562.63137
0.662366,24,564.189174
5.909099,55,566.478275
2.856911,44,568.473674
-0.503913,18,569.990342
-0.197807,13,571.338064
0.314565,14,572.684783
-0.358151,14,573.978026
-0.418584,89,579.116427
-0.616369,9,580.273242
1.620329,39,582.3007
1.204277,30,583.962358
30.295084,61,586.439705
-1.39164,28,588.072225
-0.175242,22,589.545567
-0.394536,12,590.898465
1.186299,22,592.398892
9.62799,80,595.287145
-0.396285,16,596.618414
-0.251065,9,597.790163
5.367934,79,601.117499
6.819229,137,605.382413
-2.029283,42,607.369055
20.482288,73,610.09354
-0.675578,11,611.448976
-0.264889,21,612.923592
-0.393238,14,614.221888
13.052638,55,616.502458
-0.665607,56,618.820242
-0.553751,14,620.224751
1.001879,58,622.656415
-0.011775,118,626.923146
0.00593,18,628.302182
2.63854,83,631.236406
-2.036158,22,632.747212
-0.206456,8,634.010965
-0.442955,8,635.16453
8.743485,84,638.179881
0.417941,17,639.538041
-0.743621,12,640.77486
1.200195,74,643.492926
-6.358289,29,645.288897
-0.342721,11,646.499934
-0.105454,15,647.911815
1.576971,32,649.654034
-2.235558,30,652.122658
-0.400559,71,654.895902
6.383475,64,657.385564
5.760751,91,660.56382
0.979289,16,661.9062
6.542029,48,664.03661
0.204956,21,665.487901
5.356351,43,667.582649
1.410878,14,668.883184
0.647771,22,670.533209
5.383125,34,672.326263
-0.193164,10,673.521973
0.184463,52,675.910988
-0.434953,18,677.457097
-0.022321,13,678.800298
-0.583183,7,679.96588
2.756068,22,681.441129
14.942163,106,686.531682
-0.289669,19,688.07256
3.524862,67,690.64259
1.595448,23,692.154936
0.892955,39,694.052851
0.347166,15,695.353867
2.07615,18,696.728731
-0.296348,16,698.182135
1.016141,24,699.699125
-0.005608,17,701.05502
61.254054,62,703.915953
0.025837,25,705.986685
1.649639,36,707.904701
0.11487,23,709.415472
4.129367,39,711.320221
-0.22933,25,712.877043
-0.110409,13,714.151344
8.806317,124,718.088262
-0.704211,8,719.242941
2.636741,34,720.992137
0.307448,41,722.960213
-0.612728,9,724.244941
4.102778,63,726.693303
0.134268,37,728.689455
2.409362,23,730.211154
1.63811,65,733.538687
6.631611,72,736.518009
5.514965,94,739.746354
0.089676,13,741.039361
2.09365,38,742.911304
1.60408,61,745.325733
-4.429828,74,748.06086
5.392836,65,750.697977
1.695716,41,752.634773
1.699857,23,754.12655
0.090115,22,755.599497
-0.728383,5,756.67184
-3.676297,43,758.965514
1.665391,47,761.195752
3.430558,40,763.66283
0.523239,25,765.236779
1.477522,19,766.659233
-0.315191,13,767.931247
3.242974,116,771.660252
1.195063,23,773.345972
1.180634,111,776.894157
-0.583352,12,778.25142
2.785674,24,779.779068
8.153139,94,783.015845
-0.851396,15,784.32318
0.043882,70,788.180769
-0.312199,17,789.659771
0.870061,15,790.987899
6.370946,67,793.530598
0.979771,24,795.051703
-0.008215,16,796.494542
1.145998,87,799.513528
1.442403,27,801.250978
0.214766,24,802.792158
-0.508066,24,804.293156
-0.58887,6,805.551837
0.858318,19,807.092416
0.350047,15,808.546498
1.864554,39,810.483491
-0.340548,15,811.803325
54.075768,107,815.410813
0.966443,31,817.221589
-0.123431,25,819.86798
1.501495,16,821.209169
7.726875,75,824.11417
1.630678,15,825.423213
7.51371,57,827.870847
3.144265,76,830.632522
1.266101,45,832.651835
2.753973,34,834.54459
0.032432,12,835.814769
4.785141,95,839.124986
1.01978,22,840.604612
-0.527083,12,841.862362
0.006539,15,843.164988
4.483423,45,845.217461
0.234038,30,846.864396
-0.197609,20,848.475436
0.955854,22,849.997295
1.376872,48,852.143629
1.611527,76,854.912935
0.755291,19,856.320931
4.254626,74,859.064271
35.56167,77,862.051715
6.172346,41,863.994769
0.696755,36,865.822888
-0.879739,79,868.730051
1.708232,21,870.195802
-1.293082,26,871.907328
1.583037,33,873.688075
0.00074,53,876.076569
-0.745891,10,877.584082
3.501667,31,879.325292
0.990284,58,881.68765
-0.388379,18,883.193179
1.990621,34,884.960834
-0.295235,15,886.27674
3.35114,52,888.799057
1.870891,24,890.316465
0.857717,72,894.52814
3.476729,32,896.257393
32.433482,44,898.290957
0.278701,88,901.353473
-0.67651,9,902.52576
2.305372,58,904.856178
3.937304,39,906.74301
3.900796,82,909.658287
-0.450664,13,911.054041
1.25219,59,913.407897
0.269207,17,914.772192
-0.542114,13,916.051012
33.709464,25,917.639061
2.897938,49,919.897599
0.150196,18,921.286177
1.382181,31,923.005729
7.295464,132,927.57405
-0.417082,32,929.299578
1.199417,39,931.191898
1.228513,29,932.845894
0.409514,26,934.424742
2.066334,107,938.025912
1.207171,53,940.636575
3.892419,76,943.514463
12.592213,42,945.515687
37.947615,62,947.944379
2.116771,39,949.948153
0.6252,28,951.574034
0.045923,16,952.910587
8.308633,109,956.531464
4.338019,51,958.720343
3.556712,51,960.913702
3.589854,41,962.853642
0.258312,11,964.055776
4.889559,72,966.875628
10.371926,81,969.784719
0.327408,62,972.255295
-13.329354,56,974.6223
-0.630279,19,976.019728
5.553887,38,977.984238
1.240996,34,979.753937
-0.118485,14,981.079147
4.293953,90,984.343075
0.242555,21,989.386321
1.287606,29,991.065059
2.040498,28,992.798838
0.035101,15,994.172136
1.219622,40,996.221225
0.791752,22,997.720683
0.635891,21,999.173521
0.388495,25,1000.869725
-1.328977,23,1002.409675
3.794582,42,1004.81845
1.025688,80,1007.70179
1.068734,17,1009.061438
1.27764,36,1010.870103
2.383657,23,1012.362214
0.253069,33,1014.089885
3.325938,61,1016.617777
0.586868,50,1018.990976
0.011903,14,1020.456026
8.6194,78,1023.313675
9.31669,65,1025.851164
0.038262,30,1027.662271
1.79413,54,1029.931734
-2.015694,32,1031.679554
-1.14803,18,1033.074476
-1.56472,43,1035.081835
-0.8932,76,1037.887794
6.236309,56,1040.302838
3.379059,85,1043.305344
0.179344,15,1044.731485
4.858271,90,1047.875939
0.49736,89,1051.020449
2.430378,75,1053.812954
0.608765,21,1055.274921
4.738141,35,1057.194214
-0.001397,24,1058.775776
5.27652,87,1061.853438
3.052884,39,1063.723439
-0.430975,17,1065.085141
1.894671,27,1066.671648
1.590224,24,1068.331301
3.511729,91,1071.440069
0.58602,22,1072.929407
6.052299,95,1077.260634
0.317646,36,1079.051841
1.705963,48,1081.122061
0.162386,28,1082.876321
2.41302,27,1084.478811
0.263621,20,1085.930508
12.186687,80,1091.620358
10.313422,147,1096.179743
5.083572,63,1098.767002
1.922423,23,1100.280548
-0.130844,12,1101.530664
0.602442,18,1103.553946
1.419304,16,1104.962963
-1.424134,47,1107.087554
5.144428,88,1110.262072
6.55215,87,1113.716225
-0.255998,13,1115.19235
0.544196,13,1116.469002
2.115765,46,1118.525364
4.249396,36,1120.337454
5.205564,67,1123.033627
-0.136783,16,1124.383099
0.108307,17,1125.740438
2.704623,47,1127.829302
1.316545,24,1129.347382
8.596954,50,1131.614526
4.440699,43,1133.587093
6.381557,65,1136.090372
2.82962,44,1138.087675
-2.201107,29,1139.750301
7.578129,97,1142.989778
0.902439,69,1145.716387
3.628023,48,1147.826933
1.266223,22,1149.305269
-0.093503,12,1150.642977
0.870264,48,1152.937047
2.778063,34,1154.704545
-0.463831,31,1156.515849
39.428173,52,1158.719302
51.757616,26,1160.297121
2.318222,38,1162.242799
-0.889193,37,1164.132729
10.411916,143,1168.611189
-0.2668,7,1169.748667
2.863938,34,1171.5057
3.489291,37,1173.344589
1.474597,53,1175.573982
0.055538,23,1177.069252
2.776039,20,1178.614213
4.130817,27,1180.210577
0.968331,22,1181.680307
1.13905,22,1183.176478
6.126624,45,1185.246458
1.434062,15,1187.150796
0.710033,31,1190.133485
0.138974,14,1191.447672
-0.332465,41,1193.395692
6.085349,56,1195.709593
7.159925,71,1198.351745
6.198719,119,1202.270079
-0.552193,17,1203.650295
4.81655,92,1206.891042
5.794334,31,1208.585932
-0.870959,30,1210.263155
11.851394,154,1214.83433
1.361585,18,1216.355994
0.796196,45,1218.439096
0.051241,21,1219.902014
1.026782,25,1221.4521
9.553854,98,1224.887193
2.292992,51,1227.163196
3.187151,38,1229.04516
3.778673,29,1230.700758
3.307744,37,1232.559759
1.614584,45,1234.576062
3.295736,24,1236.371277
0.991049,61,1238.74415
0.520299,23,1240.216425
-2.200439,88,1243.81886
1.973394,42,1245.903307
7.0162,38,1247.775299
24.452903,42,1249.757328
-0.77912,80,1252.616253
9.317921,82,1255.58113
10.282566,58,1258.031485
4.842569,44,1260.047358
46.124617,33,1262.080477
1.954884,29,1264.128629
1.023293,16,1265.476354
-0.403129,18,1266.843256
2.944308,52,1269.137078
3.193179,43,1271.112847
3.433012,30,1272.795559
2.026319,26,1274.36563
2.906587,54,1276.942848
4.839693,58,1280.406385
3.432446,73,1284.695575
7.469741,168,1289.75347
0.46387,47,1292.117383
-0.004824,33,1293.854903
-0.10718,32,1295.565868
4.693887,52,1298.153675
4.766748,50,1300.286919
0.183049,20,1301.837106
-0.097922,17,1303.219616
0.75643,11,1304.456491
9.148539,72,1307.143365
4.108451,37,1309.010035
1.497187,23,1310.507731
2.876507,25,1312.068051
4.450458,38,1313.91761
-0.427026,13,1315.323251
3.529079,84,1318.744976
17.599136,112,1322.478286
8.031977,71,1325.158295
-0.262924,18,1326.559276
3.92988,61,1328.972702
1.3877,35,1330.775605
-0.633137,8,1331.95836
-0.229912,18,1333.401031
21.607361,75,1336.382588
12.360099,106,1339.996355
9.55094,99,1344.058033
0.838971,58,1346.485568
1.301217,48,1348.599437
1.700381,22,1350.204877
-2.765105,62,1352.715148
-0.148246,14,1353.999314
0.035455,14,1355.290134
7.26355,61,1357.716911
-2.888722,24,1359.24453
1.452132,18,1360.744965
0.166653,15,1362.06011
-0.745699,61,1364.472981
1.709429,25,1366.026644
6.646289,89,1369.111859
2.812301,27,1370.898087
0.726769,24,1372.444757
3.899965,40,1374.381298
1.95573,61,1376.797218
-1.264452,81,1381.086083
9.805747,54,1383.337258
2.351491,44,1385.319119
2.654942,20,1386.756829
10.379904,60,1389.353661
12.851008,185,1395.103005
9.141915,105,1398.919725
11.410352,99,1402.269094
9.45531,65,1404.893861
0.685965,16,1406.237487
0.855052,17,1407.604562
0.11485,90,1410.705693
-0.206022,55,1412.982219
15.103581,101,1416.467539
-0.430628,17,1417.818495
4.762802,46,1419.863143
6.783686,40,1421.773489
1.449461,27,1423.372252
1.055856,17,1424.858508
1.28067,27,1426.478467
-0.025101,26,1428.215562
0.240122,13,1429.560487
2.458305,29,1431.283036
-3.315043,68,1433.947476
3.989909,62,1436.512259
4.083277,107,1440.066245
1.656445,39,1441.952921
20.791778,62,1444.424667
0.070386,10,1445.611738
0.729342,62,1448.352402
0.889672,61,1451.480761
4.445695,73,1454.532269
33.726063,104,1458.016397
2.55233,23,1459.547638
8.140982,181,1466.008702
61.437462,87,1470.381204
2.283746,22,1471.869981
2.743169,25,1473.447312
6.347842,54,1475.766577
2.930395,23,1477.266819
3.261424,22,1478.758498
2.176452,88,1481.996193
8.133629,70,1484.629429
2.148867,60,1487.012877
3.936599,85,1489.982299
17.415169,78,1492.836603
4.049138,135,1497.21682
22.361264,67,1500.250848
1.503886,31,1501.99715
25.523676,55,1504.316998
1.539218,29,1505.967036
2.236013,85,1509.076922
3.629358,34,1510.905999
10.631877,184,1516.231657
4.076595,72,1519.044235
6.901167,83,1522.451124
7.835282,135,1526.607092
9.668807,121,1530.446589
0.937554,37,1532.270875
3.927358,38,1534.249002
1.227213,66,1536.790811
3.168046,36,1538.807508
0.562239,49,1540.93956
72.295019,187,1546.424982
4.327908,31,1549.267491
-0.160449,22,1550.900182
2.623133,68,1554.288423
2.856217,41,1556.229409
9.245012,70,1558.888912
1.052237,60,1561.30192
10.351079,141,1565.868768
22.68119,105,1569.603711
4.11266,41,1571.5751
2.515031,17,1573.082035
65.801082,37,1575.256095
5.219552,71,1577.902708
2.233695,33,1579.783121
-2.635504,33,1582.069256
-3.08435,29,1583.84442
1.689183,20,1585.259546
2.363099,42,1587.252104
2.55117,16,1588.57581
41.521124,12,1589.950604
10.340767,90,1593.041195
7.267885,42,1595.021785
8.405727,66,1597.533063
-6.202112,39,1599.451143
-0.579453,7,1600.700549
-1.858211,93,1603.868792
4.527327,56,1606.17273
-0.829165,8,1607.394457
-2.004328,52,1610.09452
16.131308,221,1616.247916
4.832656,58,1618.625747
16.623269,206,1624.610179
17.779449,114,1628.328646
-0.341643,14,1629.759924
4.242365,51,1631.933808
2.021966,30,1633.620918
0.70666,11,1634.832215
6.603911,85,1638.922344
0.195641,36,1640.754612
9.227742,61,1643.44415
1.427272,59,1645.942279
0.006988,16,1647.288328
17.777157,77,1650.091748
41.485754,186,1655.642037
5.305815,53,1657.97202
-0.013397,27,1659.651257
0.385479,12,1660.90589
-4.808636,40,1662.85548
10.029635,76,1665.621341
22.226244,59,1668.015794
1.207155,17,1669.374676
44.447636,144,1673.73988
33.046697,41,1675.689493
1.793609,37,1677.623514
0.00127,11,1678.856607
-1.729134,23,1680.407089
0.063814,14,1681.85352
8.505603,115,1686.055768
-0.456573,14,1687.489733
0.598303,36,1689.772368
3.80724,50,1691.91135
-5.696311,42,1693.898363
-3.309324,31,1695.622418
0.35942,16,1696.953191
9.51152,85,1700.366252
7.809644,148,1705.399587
3.656157,22,1706.909538
0.962115,27,1708.508285
4.019629,63,1711.725797
3.784274,21,1713.436894
0.019597,27,1715.043494
23.281708,55,1717.311692
-0.905385,30,1719.041673
4.006459,33,1720.775143
0.01964,19,1722.201693
5.651999,40,1724.120647
8.217907,52,1726.320229
2.411862,28,1727.938635
2.92277,29,1731.104055
2.537287,55,1733.414455
1.07391,14,1734.715042
35.382472,94,1737.993323
53.983509,53,1740.244437
1.206862,21,1741.949424
7.29075,41,1744.322811
-0.129483,12,1745.577475
14.504624,181,1750.900449
66.268495,112,1754.534572
1.444679,31,1756.232305
4.625615,27,1757.959425
17.037995,92,1761.318793
4.805929,61,1764.059318
88.832288,204,1770.337396
0.141157,15,1771.671352
60.437877,76,1774.902902
49.063225,93,1778.14109
0.027838,17,1779.518709
211.13881,59,1781.961371
9.503202,79,1784.83843
1.024443,80,1787.769495
2.346303,30,1789.461176
-1.816746,37,1791.319847
67.327407,397,1803.830959
19.924578,137,1808.194371
8.060249,61,1812.356526
36.465173,159,1817.454705
2.03614,41,1819.388323
-0.47056,15,1820.696544
3.649963,40,1823.09529
-1.206187,29,1824.770622
4.099422,26,1826.367418
-0.811548,111,1830.195874
-4.437451,58,1832.631038
74.837635,143,1837.001394
22.724751,31,1838.718905
0.613656,14,1839.992099
4.532654,37,1841.849219
78.380631,24,1843.521238
3.853137,47,1845.580192
-3.946446,44,1847.63471
50.455406,100,1851.204665
5.677274,58,1854.160266
3.867586,38,1856.048228
0.128009,28,1858.088369
9.838259,45,1860.144958
132.833741,115,1863.924999
5.564989,66,1866.423966
-1.470425,27,1868.028274
-0.230031,30,1869.708919
6.289894,128,1874.014811
0.353109,14,1875.320644
21.238836,56,1877.600839
-2.945633,34,1879.393405
-0.082036,12,1880.638314
0.281977,23,1882.280732
0.365639,17,1883.655904
1.24383,18,1885.059746
2.336233,41,1886.986326
23.717323,100,1890.392331
7.861913,60,1892.9242
-0.804215,113,1896.720856
1.451599,23,1898.237352
2.934362,64,1902.264053
34.912434,150,1908.148962
0.551611,22,1910.153111
1.050515,21,1911.603053
5.260259,44,1913.640018
0.113777,18,1915.172842
10.441561,86,1918.516544
8.48436,91,1921.654791
2.882851,32,1923.384089
-0.834773,18,1924.784605
23.801967,46,1926.877587
118.961268,101,1930.477927
0.287152,20,1931.904102
6.381498,103,1935.449794
-8.87802,54,1937.74249
3.68936,35,1939.527643
2.713189,47,1941.96224
0.462214,34,1943.701841
4.060774,57,1946.139822
92.497117,45,1948.207999
0.680037,17,1949.591988
3.135391,54,1951.898256
-0.04229,13,1953.184772
6.492925,126,1957.162952
-0.268822,32,1958.886755
18.441614,76,1961.679844
-0.296489,57,1964.7148
13.148788,104,1968.133549
-1.899067,112,1971.728157
3.311203,41,1973.639417
-0.313323,9,1974.976677
-4.074412,79,1978.601682
4.684253,67,1981.23647
7.068747,71,1983.946602
8.729273,89,1987.039684
2.136452,28,1988.657813
-0.524779,9,1989.819851
2.998933,35,1993.024625
16.75451,86,1996.073373
10.040985,31,1997.820167
42.303563,100,2001.239825
9.652943,109,2005.100461
9.789897,54,2007.468678
7.695049,144,2012.1751
-0.547204,24,2013.708968
-5.199715,131,2017.870157
-0.481002,21,2019.450315
12.449558,47,2021.531996
5.713823,82,2024.473074
4.644991,48,2026.581861
-0.185611,53,2028.813998
-0.851189,70,2031.593964
8.789706,44,2034.705756
11.285523,101,2038.977582
1.081185,24,2040.576516
22.623862,142,2044.895164
11.940773,168,2050.000098
13.116361,66,2052.546906
6.874835,50,2054.719025
3.577257,28,2056.346939
43.386632,306,2064.67206
5.45629,57,2066.984463
-0.541697,34,2068.891887
-0.279423,23,2071.812709
-0.578049,36,2073.881778
0.335379,17,2075.505634
28.334238,78,2078.308578
64.821001,86,2081.470415
1.281522,32,2083.226525
4.875833,79,2086.11917
41.705456,27,2087.869621
47.353751,39,2090.15665
-2.737774,35,2091.966932
-0.149877,25,2093.510689
0.894742,41,2096.614452
8.092744,216,2103.085201
68.080985,81,2106.205004
71.595367,33,2108.349498
24.500593,432,2119.703332
1.307767,32,2121.433856
7.837989,92,2124.687149
1.933928,45,2126.815467
6.405813,47,2129.785571
7.317513,82,2132.871814
0.982838,111,2136.549702
188.068399,84,2139.568343
-0.965348,27,2141.202039
2.197273,32,2143.051521
89.51851,68,2145.698533
30.215569,136,2150.111915
52.118711,183,2158.201942
-2.992596,14,2159.489113
1.129317,30,2161.155286
32.244934,58,2163.673552
-0.349285,27,2165.300038
1.699948,25,2166.838083
1.092976,23,2168.333938
3.138074,146,2172.837183
176.139862,130,2177.225267
52.998236,117,2181.060937
75.735878,186,2187.899206
0.225137,24,2189.452634
12.766002,76,2192.256895
25.139168,71,2195.142909
-3.725472,76,2198.247878
11.872083,111,2201.848927
11.420553,71,2204.642359
-6.997257,28,2206.569808
4.115517,28,2208.213125
-0.429082,15,2209.681936
14.459071,168,2214.902915
120.056625,30,2216.632032
0.421195,46,2218.697891
4.904394,91,2221.866602
86.3193,106,2225.464026
7.729325,141,2229.841579
-3.774341,37,2231.71343
-5.390714,22,2234.842459
72.665226,125,2238.862377
10.052999,72,2241.565274
-0.365715,45,2243.699305
96.578755,30,2245.429094
2.882593,86,2249.027897
93.371504,137,2253.497252
-2.54625,15,2254.826277
-0.372366,31,2256.555248
0.989269,18,2257.936228
43.595585,98,2261.259043
29.67413,55,2263.72235
-2.154071,22,2265.235189
83.779523,32,2266.997303
1.104007,21,2268.470336
2.010982,37,2270.431255
3.330827,42,2272.400862
94.897019,49,2274.719269
-4.258605,44,2276.780654
1.440586,15,2278.100298
1.886052,21,2279.56398
-0.018515,69,2282.225067
5.72189,115,2286.207083
0.859737,70,2288.918048
22.271535,35,2290.868745
4.094506,90,2294.010554
13.382656,107,2297.597773
-4.37737,42,2299.601174
67.033352,216,2306.116028
3.918454,42,2308.055037
35.178498,112,2311.703283
-2.173207,74,2314.479747
-1.032647,26,2316.072567
2.663003,39,2317.964699
1.153039,24,2320.838786
56.625308,141,2325.316731
-1.700634,24,2327.577032
-0.188895,21,2329.499551
1.846909,28,2331.136159
-0.76559,162,2336.156378
46.816542,73,2338.904708
2.597074,30,2340.571244
114.451325,80,2343.518576
-0.730584,5,2344.583321
62.27988,155,2349.261733
-3.476384,85,2352.421072
-3.896358,33,2354.209083
7.753759,106,2357.735861
73.546337,44,2359.771555
7.512571,75,2362.525613
3.956567,85,2365.62899
12.884772,64,2368.108329
-0.185283,21,2369.596258
68.154532,187,2375.044801
9.768834,197,2380.793659
1.831812,81,2383.716325
91.712714,131,2389.071089
10.776739,79,2392.057727
5.056191,38,2393.911765
49.831734,109,2399.282093
74.23551,156,2403.990372
-2.640647,19,2405.419042
1.202257,29,2407.175542
64.86321,88,2410.271765
0.679714,18,2411.669621
106.719442,210,2417.740909
0.894704,105,2421.23352
-0.100592,22,2422.82986
1.098827,18,2424.222419
96.90565,30,2425.940563
64.153896,45,2428.081861
12.729598,108,2431.710972
0.001098,71,2434.40137
33.130666,161,2439.320725
73.223814,29,2441.019657
28.16074,27,2442.675944
-7.232308,24,2444.322469
1.406912,15,2445.672794
55.56275,56,2448.256551
15.283237,94,2451.470708
67.843393,163,2456.855435
-2.206686,55,2459.188898
0.535434,54,2461.840712
25.649498,36,2463.938649
-2.563463,39,2465.873503
-8.966908,123,2470.016998
63.087659,158,2474.95314
105.42291,74,2477.759447
78.962844,223,2485.315917
2.556129,20,2486.855361
-0.060427,27,2488.501939
35.754383,27,2490.119958
0.567179,24,2491.707893
-0.33758,16,2493.056559
0.408964,22,2494.541489
51.212746,50,2496.870732
6.402771,78,2499.70642
13.055277,46,2501.798627
26.784784,169,2506.809845
92.892287,140,2511.189374
117.585216,116,2514.942993
32.989853,167,2520.458771
-2.246755,146,2524.999598
113.850156,86,2528.113595
-1.646543,14,2529.421241
3.594448,87,2532.474969
41.165317,190,2538.079857
6.399486,90,2541.311947
6.444344,55,2543.620382
0.408628,17,2544.994076
30.155229,172,2550.408202
4.638258,90,2556.461725
-3.220853,45,2558.671606
261.471411,123,2564.222083
0.249413,156,2568.994987
-1.583785,76,2571.877625
57.395189,44,2573.96489
35.546928,24,2575.52641
35.239997,53,2577.915532
1.846741,22,2579.428466
-0.589261,11,2580.655569
25.353923,111,2584.484981
-0.464996,17,2585.855225
23.323244,174,2591.166675
-3.560598,48,2593.334647
107.410105,500,2606.560956
30.10927,224,2613.134334
13.020507,27,2614.805946
-2.500801,72,2617.58307
0.634564,25,2619.20077
99.33382,68,2622.28276
30.424314,194,2628.357947
37.572418,156,2635.470836
13.96429,153,2640.152432
-8.701255,24,2641.733672
272.414904,478,2654.135014
-3.30637,23,2655.791738
28.948898,45,2657.901597
-10.664121,69,2660.582956
62.388574,83,2663.599739
-2.598676,29,2665.281606
160.552872,169,2670.729469
0.694176,19,2672.277464
1.954067,39,2674.540036
108.458726,124,2678.460022
-1.837224,29,2680.214304
35.112162,23,2681.732268
29.435001,82,2684.813112
0.097477,31,2686.956652
5.158599,71,2689.722723
-9.375298,40,2691.709395
-4.749079,19,2693.158933
0.263059,131,2697.335424
-5.242405,26,2698.935585
-0.403014,9,2700.125813
111.251484,130,2704.472776
1.782393,206,2711.970481
6.371145,58,2714.354222
85.353685,327,2723.264849
2.868712,99,2726.613744
-10.945851,153,2733.886585
148.921375,181,2739.803003
-4.102133,22,2741.448805
81.989465,79,2744.630326
13.764621,84,2747.797043
57.250182,87,2750.910051
1.590756,34,2752.744633
45.386345,78,2755.751472
2.739496,77,2758.63079
14.470857,370,2768.664897
0.693877,18,2770.041004
2.031636,62,2772.457889
70.036179,341,2784.485853
-0.94307,20,2785.956887
-2.49878,29,2787.659401
0.287356,17,2789.013786
11.835791,140,2794.838419
15.958729,190,2800.739987
11.005447,67,2803.378034
125.027627,142,2807.824279
43.575614,132,2812.11604
109.235196,286,2820.129474
5.6691,108,2823.688884
83.92014,151,2828.57137
75.553609,203,2834.456577
89.119041,119,2838.378525
86.279022,17,2839.765634
1.266402,17,2841.128466
-2.134322,44,2843.283498
115.802545,100,2846.680739
22.914826,214,2857.73265
62.664127,31,2859.564062
114.463803,442,2871.14604
19.640668,282,2878.97929
123.277528,69,2881.688596
57.114783,60,2884.130126
60.811631,157,2889.079389
26.18747,155,2894.642392
3.136111,59,2897.089745
181.909873,500,2910.454992
59.37828,234,2919.078432
-0.068446,29,2920.902416
49.917426,218,2927.239798
286.37722,458,2940.026865
60.233361,43,2942.054455
250.325357,193,2948.01186
203.532969,126,2952.76747
0.064244,20,2954.327497
218.324862,146,2958.940341
16.886318,124,2962.966493
0.129729,54,2965.239023
9.215432,103,2968.84313
-1.449736,36,2970.877666
28.519353,55,2973.238868
107.837593,225,2980.175355
38.503287,28,2981.954464
0.199036,29,2983.640893
133.110592,68,2986.294384
2.708471,46,2989.756172
-3.833864,84,2992.82416
68.88496,188,2998.35238
17.898689,207,3004.904129
97.356852,113,3008.773928
85.804503,278,3016.693336
37.878612,38,3018.639489
12.138171,80,3021.562254
108.272547,74,3024.69743
98.312957,177,3030.486193
18.924562,102,3033.959683
145.548437,219,3040.351939
6.566978,80,3044.080632
-0.397173,11,3045.290383
-4.829852,116,3049.244797
3.647338,137,3053.621077
97.002437,198,3062.524756
0.359135,16,3063.884149
13.23941,122,3067.831806
242.762947,325,3077.070931
-6.930756,25,3078.717324
89.386603,163,3083.818622
47.154447,43,3086.264217
154.40142,53,3088.588797
-0.995264,77,3091.487385
86.764179,220,3098.360686
204.031588,159,3103.362431
-0.266077,13,3104.825057
12.174395,36,3106.708501
143.047835,141,3111.244066
46.070469,116,3114.992367
-4.231646,21,3116.607514
-3.321166,144,3121.09644
67.05288,170,3126.307527
-5.483162,35,3128.154524
220.83893,219,3137.583323
154.594617,297,3146.089847
-4.586009,120,3150.139384
99.797795,111,3153.906886
179.790104,198,3160.415915
-8.707064,38,3162.36256
1.175885,59,3164.808177
77.812668,174,3170.334436
2.896711,87,3173.445933
30.382079,43,3175.480743
233.194676,313,3184.329611
85.255289,185,3190.230186
-3.214353,159,3195.30451
78.685659,50,3197.510076
53.166534,38,3199.655222
0.957276,141,3205.586509
-1.084319,33,3207.394346
186.718828,349,3217.494847
159.12886,180,3223.118229
-5.144356,15,3224.524101
52.95459,66,3227.321804
2.10547,48,3229.564782
3.14757,70,3232.231229
205.522372,285,3240.440576
94.661386,115,3244.205526
250.962873,311,3252.988977
-1.94796,57,3255.377882
-0.873214,54,3257.70085
-10.309261,74,3260.583452
185.796316,197,3266.530039
-7.561918,41,3268.463739
-0.955671,23,3270.113935
-2.736694,33,3271.921638
15.785764,74,3276.907058
288.43208,417,3288.80427
35.687711,161,3293.70521
29.606852,105,3297.296151
71.464127,73,3300.161155
164.614655,181,3305.755415
178.8442,364,3316.107371
14.83338,74,3318.905393
37.855772,68,3321.53732
194.719714,348,3331.676887
2.009667,29,3333.641104
28.373523,122,3338.039855
69.495129,15,3339.377918
40.143343,148,3345.211896
37.312698,181,3350.904957
-5.757798,70,3353.660866
20.517543,40,3355.643761
68.961629,198,3361.499906
115.834335,210,3367.741772
150.452714,276,3375.508766
356.043671,500,3389.066836
174.995207,238,3396.106113
59.274227,64,3398.753632
17.596912,97,3402.18191
290.126239,234,3410.228594
161.211307,308,3418.970062
280.337909,287,3427.380699
168.43561,282,3436.209929
300.45998,500,3449.592849
203.930787,172,3454.89923
32.306468,77,3457.729993
127.14073,235,3464.772345
33.850237,30,3467.763917
214.820885,492,3482.49015
187.886899,296,3490.911689
69.264126,74,3493.712018
0.853979,16,3495.05766
23.690144,45,3497.179732
308.957232,500,3511.011469
7.382789,120,3515.00357
190.398609,232,3521.68674
264.353467,500,3538.397176
179.602914,249,3546.275076
175.904815,207,3552.56232
81.793375,137,3557.285454
179.612419,99,3560.776978
83.315805,145,3565.424106
-2.421293,63,3567.994676
92.11247,500,3581.417407
390.553119,500,3597.481977
140.608456,500,3610.878735
-0.522976,49,3613.492434
303.255617,500,3627.123806
216.958783,500,3640.618524
36.544083,54,3642.989882
88.465363,57,3645.405317
342.487081,500,3663.201749
201.074041,246,3670.554246
518.813417,429,3682.207961
298.27865,500,3695.882884
63.563169,42,3697.906858
0.855164,54,3700.172743
6.456227,64,3702.668248
331.252977,500,3717.01576
59.215355,44,3720.66688
237.383259,150,3725.734416
335.100555,500,3739.485364
371.920851,500,3753.54264
125.609831,500,3767.315126
92.878958,100,3770.755486
503.071497,500,3785.711497
206.06246,105,3789.334439
241.05507,500,3803.215673
341.517729,500,3816.607414
165.899236,364,3827.203904
203.742018,125,3831.513184
132.625771,117,3835.454641
-0.578091,10,3836.649435
1.032522,24,3838.170943
-5.939947,39,3840.248053
-7.947751,104,3844.979439
277.901712,500,3858.609078
-8.343591,21,3860.123951
135.766821,500,3873.8838
243.635999,435,3886.298597
344.975771,234,3893.71432
85.792451,219,3900.182506
230.911211,500,3917.112203
240.953029,500,3930.605002
268.313304,500,3944.080257
372.959615,500,3957.875226
424.920096,500,3973.769531
408.52674,500,3987.917391
369.375847,500,4001.978326
447.565118,500,4015.635835
346.754823,500,4030.716155
453.575539,454,4043.132306
496.195056,500,4057.042621
350.901047,236,4063.976715
274.955994,500,4077.917245
285.990257,500,4093.521364
480.978463,500,4107.240702
269.475943,293,4115.621331
427.259047,500,4129.53176
174.825965,131,4134.145056
447.03999,500,4149.689428
464.828563,500,4163.746323
234.385382,500,4177.852715
432.244427,500,4191.635573
287.538796,500,4206.517456
3.244566,38,4208.549189
236.021089,435,4221.292457
308.33923,500,4235.383513
-5.803008,88,4238.617596
471.81709,500,4252.649637
436.504862,500,4268.223552
313.483261,500,4282.11164
0.238064,9,4283.2879
61.685372,58,4285.769511
495.445069,500,4300.072603
383.51284,500,4313.816694
315.544182,500,4329.904171
454.326533,500,4344.497941
0.446813,17,4345.874338
-2.210516,32,4347.654046
408.799538,500,4361.92136
437.039756,500,4376.082031
295.932468,500,4392.353866
169.933923,121,4396.719698
30.069052,110,4400.336605
446.333812,500,4415.020611
478.691389,500,4428.97499
27.164717,168,4434.216687
444.82883,500,4450.677823
394.493389,500,4465.392161
129.517568,269,4473.278722
160.477507,500,4486.997481
400.521658,500,4501.171079
304.725257,500,4516.669905
361.83576,500,4530.866459
448.225943,500,4544.770106
419.788947,500,4559.680506
397.819054,500,4574.71017
312.053467,500,4589.524079
514.555976,500,4603.440295
73.227846,120,4607.663368
-1.435982,35,4609.513063
340.723846,500,4623.185661
439.783973,500,4640.228109
421.147903,295,4649.823829
493.910033,500,4664.188483
497.042567,500,4678.588026
545.925384,500,4694.510908
523.75364,289,4704.37569
218.803017,497,4718.210075
127.211473,104,4721.804329
443.08191,500,4735.637846
374.379968,500,4750.89415
353.109281,500,4765.791299
78.247322,114,4769.596435
550.18266,500,4783.285496
453.312541,500,4797.546628
388.602783,249,4804.712784
418.319428,500,4819.879149
396.612304,500,4834.248722
484.721827,500,4848.215776
247.329066,363,4859.130047
577.584089,500,4876.04272
295.218491,500,4889.780519
-0.325964,10,4891.014268
471.723118,500,4905.161365
446.357641,500,4918.823942
430.875453,500,4934.4738
-0.273493,11,4935.699443
507.233225,500,4949.541297
189.314739,302,4958.765188
370.819646,500,4972.311135
279.493167,500,4986.320521
578.069292,500,5001.304146
533.078818,500,5016.159755
439.509192,500,5029.789368
554.928556,500,5043.26564
435.274541,500,5058.000248
555.306599,500,5076.082605
335.921176,500,5090.244288
543.778307,500,5104.06412
541.821843,500,5119.189857
548.723022,500,5134.299607
525.199246,500,5148.123736
338.135917,278,5156.439221
561.195475,500,5171.612055
443.295402,500,5187.095505
159.074887,108,5190.747637
482.677029,500,5204.715446
82.922457,73,5207.689479
449.262756,500,5221.832595
344.148954,500,5236.986265
344.649016,500,5251.452073
495.601733,500,5266.100851
12.346998,29,5267.801292
461.613034,283,5276.189733
535.647738,500,5290.257188
1.456247,22,5291.766445
59.964366,51,5297.363821
301.826616,500,5312.113487
122.900998,146,5318.113089
-0.722875,11,5319.400384
434.674211,500,5333.254534
333.928469,500,5347.464679
383.633765,203,5354.019846
301.475833,500,5369.702135
483.209535,500,5384.237635
358.623044,145,5389.042071
-3.26752,32,5391.010382
557.245299,500,5404.558922
265.603071,500,5418.858519
354.888464,500,5434.047458
517.947457,500,5448.978146
386.300096,283,5457.170769
382.495578,500,5472.481455
369.507194,500,5488.624396
479.452375,500,5503.283139
487.404867,500,5517.776169
509.014521,500,5531.649285
475.440535,500,5547.408023
460.008255,500,5561.389316
515.145988,397,5573.086405
478.807801,500,5587.631074
428.376079,319,5597.096386
460.344266,485,5612.261362
534.780332,500,5627.574457
-0.330717,21,5629.027371
558.94415,489,5642.62292
476.832642,500,5656.652883
480.426369,215,5663.137786
290.876267,500,5679.562261
227.679508,99,5683.64445
94.838204,98,5687.316529
390.25723,500,5702.051564
-0.087362,24,5703.81273
12.688739,35,5705.84266
449.242679,255,5713.541546
517.383602,500,5727.500653
174.420385,110,5732.738029
504.30046,500,5747.410542
499.787477,500,5763.063173
470.630577,500,5777.279168
515.7817,472,5790.871656
557.970412,500,5806.25217
321.803047,500,5820.346992
283.477868,500,5834.629641
460.200892,500,5848.912792
524.919568,500,5865.801548
417.536097,500,5880.890456
462.061234,500,5894.883045
524.244308,220,5901.59038
1.436257,29,5903.376656
506.541252,500,5920.85462
477.883229,500,5934.85445
149.606518,131,5939.350652
534.13466,500,5953.127254
499.727148,381,5964.198089
508.941739,500,5980.742015
532.872381,454,5994.182087
243.798638,500,6009.353389
471.88284,500,6024.146357
-7.579752,38,6026.061975
535.549308,337,6035.99788
474.824149,500,6051.600673
552.010257,500,6065.714857
525.962775,271,6073.86457
385.934036,142,6079.441904
499.098074,419,6091.574365
500.168871,389,6105.839406
457.063885,500,6120.283669
448.174838,500,6135.471417
529.773666,301,6144.24603
413.257233,500,6159.083013
18.780448,48,6161.294733
522.258047,500,6176.945744
333.31468,207,6184.310317
521.166945,500,6198.442186
504.618461,461,6212.407133
482.310325,500,6227.424155
506.364276,500,6243.488172
518.594732,500,6257.688782
497.204166,151,6263.048218
542.648483,500,6277.498601
550.76274,445,6294.098316
266.758857,500,6309.397198
558.137783,500,6323.668111
360.624116,500,6338.52793
421.879219,500,6354.309631
408.372462,500,6371.1362
562.542721,500,6384.989028
228.686956,500,6400.143965
524.34806,384,6411.750271
396.314656,500,6427.702302
501.695972,490,6442.432738
518.432913,500,6457.321709
394.332907,500,6472.962297
450.650851,500,6489.090186
551.713173,346,6499.30644
229.277022,369,6510.473125
515.992404,429,6523.421217
518.506043,500,6537.696029
444.711538,500,6553.527378
519.068831,500,6567.821376
514.797458,500,6583.465886
518.889602,417,6595.958785
515.278554,269,6604.179873
528.985658,222,6612.541448
483.581972,500,6626.948473
342.231553,500,6642.62042
431.677367,500,6656.841172
539.842213,471,6672.037884
382.68982,500,6686.898323
459.976473,500,6702.021497
436.432413,500,6716.083354
437.357337,500,6733.034707
515.696452,184,6739.222853
472.354691,500,6754.295296
350.354171,500,6768.964543
537.213306,483,6782.942161
520.872738,287,6791.468565
525.928213,240,6800.40688
430.616034,500,6815.838403
419.675698,500,6830.144661
539.979446,315,6839.492998
511.764825,355,6850.009446
521.003778,500,6866.791209
471.728438,328,6876.727987
509.879718,452,6890.290177
437.106179,500,6904.783629
466.43729,500,6920.45419
319.656793,131,6924.903433
538.064264,275,6933.355825
522.246286,350,6943.718182
351.354,500,6958.158352
519.891154,359,6969.342367
494.959309,370,6981.75929
527.304426,427,6995.333353
399.75625,500,7009.607433
530.215941,383,7021.73816
529.243704,349,7032.438117
255.37672,500,7048.636316
468.443967,375,7059.681252
533.590362,500,7073.93203
510.495888,213,7080.523215
523.08793,271,7089.040237
482.635087,500,7103.349007
521.363003,426,7116.970114
525.320294,452,7130.460278
407.834878,306,7140.549557
504.852259,123,7146.066658
511.341711,209,7152.609181
518.069517,181,7158.405414
520.023098,224,7165.362068
486.728281,500,7180.968375
180.428265,44,7183.162081
523.104684,288,7191.855832
492.890949,500,7208.900873
468.978066,423,7221.280662
516.934465,417,7233.234219
512.617394,108,7240.192621
499.696333,121,7244.39139
566.894663,394,7255.895579
528.10521,165,7261.684694
536.570157,260,7269.353266
477.553709,500,7283.309547
383.971055,500,7297.634477
507.740688,500,7317.55475
501.079993,500,7332.05334
481.604803,500,7346.578
521.787213,243,7354.002178
486.866071,500,7372.984699
552.500326,389,7385.104959
504.456726,158,7390.287101
545.330584,340,7400.210817
466.561574,272,7408.324919
555.05113,338,7417.93734
521.130128,201,7424.149345
531.170606,177,7430.395734
512.685401,367,7444.747048
549.162447,500,7458.716486
582.621526,478,7472.152913
521.148152,392,7483.585455
442.606868,500,7500.45711
414.845033,500,7514.689011
540.71693,212,7521.262127
410.272387,500,7535.96279
514.486332,500,7550.538922
476.442705,500,7566.829829
324.540066,500,7581.776539
536.083033,192,7587.744736
530.131944,295,7596.568435
131.431944,34,7598.449235
391.857645,500,7614.625611
579.12279,453,7628.691089
536.428961,500,7644.019633
384.690168,500,7658.374189
420.297681,500,7673.213655
524.970816,270,7681.341446
458.443455,500,7697.11322
513.065905,110,7701.044272
421.241912,500,7715.745409
528.276883,500,7730.680996
527.516045,500,7746.214884
510.576728,428,7758.608489
531.588454,230,7765.587423
464.940063,500,7779.715513
0.523034,23,7781.224692
533.084276,263,7789.760806
548.662624,308,7800.218964
418.223165,500,7816.013409
500.477603,366,7827.457169
324.726381,500,7842.349386
340.23051,500,7857.826945
342.791529,350,7868.378438
514.724911,500,7884.254523
464.461787,500,7899.329862
506.657108,180,7905.196932
508.321894,500,7919.929828
276.542513,500,7935.492823
558.662945,500,7949.623088
455.928924,500,7964.444262
504.876147,335,7974.561264
258.089283,347,7987.197469
0.713492,15,7988.510117
354.728718,500,8004.695436
537.678404,294,8013.592302
309.082479,500,8028.211424
372.425726,500,8043.0551
533.699905,348,8053.25949
519.450908,500,8068.852182
535.964088,500,8083.615327
524.700279,266,8092.068508
513.39382,263,8100.193972
577.985009,474,8113.422621
459.960341,500,8129.239542
477.337466,500,8143.664711
539.2841,473,8157.404818
553.953144,304,8166.58452
525.575669,220,8173.474638
504.591724,249,8181.14638
545.292566,468,8196.308042
513.013744,135,8200.857338
-0.294788,14,8202.162081
300.903309,500,8216.396065
483.421271,500,8231.190734
511.14439,223,8238.024798
493.606489,500,8255.087673
532.181998,363,8265.573396
558.459811,500,8279.805874
494.810043,357,8290.799385
505.520226,352,8301.101206
565.189808,425,8314.25412
519.669486,333,8324.232282
3.092711,22,8325.710982
499.49687,228,8332.716882
558.837199,370,8344.126997
522.810452,242,8352.461833
542.654523,500,8366.653097
553.167298,329,8377.587826
544.803759,500,8392.480793
518.354898,198,8398.921207
515.104372,171,8404.363908
377.853954,500,8420.10378
511.116317,206,8426.692134
560.104999,500,8442.168931
515.795905,135,8446.941989
519.423011,425,8459.160627
557.387043,402,8471.909623
411.079311,500,8487.033751
379.074981,500,8503.551832
508.22482,157,8508.747715
328.616602,108,8512.650749
512.566265,161,8518.060484
560.059651,500,8532.55347
353.482668,500,8548.151544
541.622149,307,8557.468941
538.484956,343,8568.728959
530.469754,244,8576.140255
507.353199,146,8581.082877
252.518132,500,8597.120781
481.859545,500,8612.482845
516.854692,248,8620.289467
192.52988,500,8636.593345
440.196481,500,8652.528567
515.445141,272,8660.746866
513.390019,446,8674.129625
348.820404,500,8688.891068
517.817419,500,8704.502505
527.116523,189,8710.477438
568.664633,399,8722.917245
514.422227,147,8727.819525
236.073816,500,8743.192171
506.313563,154,8748.344932
487.110576,500,8764.138323
510.562661,500,8778.712148
549.089311,326,8788.580241
536.849388,220,8795.671737
547.318116,500,8809.633427
517.2344,193,8816.16121
512.824061,183,8824.465312
462.335444,500,8839.44247
495.094685,352,8850.358349
523.168144,500,8865.141639
526.794121,203,8871.449633
448.580433,500,8887.355381
506.674812,185,8893.238526
507.795644,200,8899.586793
556.921674,351,8910.224062
540.329557,500,8924.433406
504.734926,317,8934.460149
511.477288,176,8940.11349
503.757629,500,8956.41617
298.087648,193,8962.504831
506.903225,122,8966.859085
522.162477,322,8976.604766
529.813262,240,8984.509389
549.464928,500,8998.920313
503.772024,104,9002.659742
531.354909,283,9011.818964
509.167832,219,9021.716142
500.875025,128,9026.150337
514.684038,452,9039.312804
513.759347,500,9054.220576
557.639662,398,9065.679319
496.894435,198,9072.713665
346.976075,332,9084.87686
509.790491,121,9089.119874
501.002472,173,9095.913311
553.179636,500,9110.253619
417.197867,500,9125.00018
521.948445,381,9136.311072
474.934075,500,9152.29086
274.817553,500,9166.917769
512.804519,155,9172.022391
462.298794,500,9186.952888
318.465544,500,9203.679294
446.981644,378,9217.875451
515.777499,500,9232.853211
515.191065,500,9247.459907
532.513125,355,9258.261981
504.409075,206,9265.120907
495.997069,194,9272.017309
240.888501,500,9288.187744
494.118417,329,9298.079555
509.089376,131,9302.550545
451.258323,101,9306.194651
501.968683,101,9310.457336
495.891817,500,9326.162092
504.193627,72,9329.060439
539.822201,409,9342.03991
504.067805,201,9348.550231
513.548805,361,9359.327498
430.914793,500,9374.860789
501.042403,112,9378.940797
404.790482,500,9393.580635
500.195246,362,9405.905147
500.809324,147,9410.952593
491.961333,234,9418.393076
499.739139,208,9425.052269
500.650257,39,9427.172738
501.767349,162,9432.582536
511.992593,190,9438.671608
393.802893,500,9453.64053
495.944324,302,9463.166299
305.660295,500,9479.231329
548.615443,292,9487.817084
513.856378,167,9493.286155
507.35345,179,9499.082155
521.08454,186,9505.224767
368.3569,500,9519.805221
517.11391,242,9527.436691
364.674177,500,9545.05949
484.202742,500,9560.000945
119.502363,57,9562.473904
534.880505,263,9570.531215
483.923488,500,9585.529556
533.717839,472,9600.917072
512.966105,253,9608.628759
498.595331,460,9622.850919
523.895238,298,9632.890956
339.749623,500,9648.734519
339.578352,500,9664.64438
496.267948,397,9676.502553
528.826367,405,9688.396388
501.886123,165,9694.179272
507.277204,331,9704.715312
463.923435,500,9719.372212
506.136386,114,9723.41639
503.403706,267,9733.103655
502.037886,298,9742.388626
490.70053,415,9755.717175
369.510181,500,9770.635378
507.066755,84,9773.934052
499.373583,146,9778.907598
522.786023,160,9784.169062
513.357355,233,9791.452222
486.657375,181,9799.32219
415.138167,500,9814.045339
491.464801,500,9828.868724
447.332834,163,9834.14937
506.476294,119,9838.347384
470.6594,205,9845.192382
476.084902,500,9861.943175
506.049865,497,9878.112206
535.159753,500,9892.989621
503.938987,163,9898.596542
518.867943,497,9913.625677
484.564576,233,9921.432295
508.867891,214,9930.93056
511.922874,167,9936.482182
511.330825,396,9947.997962
503.223677,235,9955.339334
512.398786,333,9965.485813
496.90735,500,9980.397841
535.189621,447,9996.322044
500.324317,156,10001.922022
507.869443,338,10012.630686
478.896624,500,10027.262487
388.172489,500,10042.612652
567.218365,500,10059.826832
550.738481,366,10070.627181
535.605123,226,10077.482633
512.242628,139,10082.19038
325.438879,145,10087.001615
368.538299,500,10101.829245
509.803006,147,10106.769567
348.444714,500,10125.735045
515.100169,277,10134.246758
498.842232,134,10138.876842
505.957504,223,10146.63907
519.226008,284,10155.48614
265.65412,500,10170.253953
501.821161,218,10179.629003
495.793791,500,10195.199073
340.11837,500,10210.414653
537.086256,500,10225.267641
543.196894,398,10237.714718
436.915805,500,10255.017896
467.170205,500,10270.549502
508.477108,95,10274.063066
506.205639,403,10285.823767
543.115344,429,10298.526975
520.790188,285,10307.340391
494.551547,500,10323.489309
365.606003,500,10338.463505
261.404425,500,10353.775761
236.584321,500,10369.849987
377.392506,500,10385.608068
256.525734,500,10400.384538
508.400962,500,10414.496922
522.308986,190,10420.970399
501.083724,245,10428.614342
518.878321,299,10437.989545
508.029986,500,10454.537887
465.879158,500,10469.050587
507.137909,210,10475.923638
520.416408,381,10487.568092
372.991379,500,10501.944777
535.03261,500,10517.747555
504.087452,96,10521.309906
512.895591,290,10530.144278
155.307591,27,10531.812304
505.435764,208,10538.455129
297.035502,500,10553.378187
546.179802,415,10565.262346
343.899321,500,10581.998394
313.428963,500,10596.882139
207.652482,500,10611.831586
523.470496,241,10619.032035
411.718107,500,10635.811
352.291278,500,10650.665211
538.928582,397,10663.295615
325.466522,500,10680.108486
510.833137,179,10685.851468
512.490975,171,10691.953734
516.291853,187,10698.048643
519.318928,500,10713.78812
502.223094,142,10718.683238
113.035318,24,10720.276944
558.496843,485,10734.62292
497.16892,500,10749.207855
541.01357,393,10761.520001
4.090161,37,10763.471687
516.407848,228,10772.005206
515.549888,500,10787.846043
492.957377,171,10793.639752
482.52594,449,10806.621124
482.86576,500,10821.102892
507.090631,341,10832.563195
452.422474,500,10847.190538
65.601638,16,10848.568098
525.346223,293,10858.270103
532.152824,500,10872.80267
532.086854,332,10882.6627
532.98924,370,10894.602419
500.944525,195,10901.260126
499.715692,141,10906.480875
509.995634,500,10921.727509
521.477469,292,10930.851547
468.579453,500,10945.698775
550.029202,372,10957.537323
520.473456,218,10964.256254
525.806624,425,10978.006212
-1.35262,21,10979.522742
495.021276,295,10988.949431
493.189339,256,10997.177721
474.666778,500,11011.927831
510.473867,250,11019.620272
513.417407,296,11030.469744
311.714731,500,11045.632561
525.543623,251,11053.384166
504.938158,173,11059.076605
318.607819,500,11074.048899
23.456741,18,11075.462288
495.951819,199,11081.910118
446.879327,500,11097.668575
500.896283,243,11105.202335
510.580957,174,11110.894902
-3.024336,23,11112.421953
499.623931,203,11119.084637
498.166511,153,11124.194889
514.033248,248,11131.927916
502.129433,194,11138.237892
499.919922,500,11154.173187
405.922946,154,11159.340336
501.930411,105,11163.293518
560.021878,488,11177.574281
510.831388,194,11183.788024
489.232742,332,11193.973074
509.368098,105,11197.81299
383.373749,500,11213.650492
520.03512,442,11227.843817
473.831306,500,11242.769309
490.310351,257,11250.481107
442.210372,500,11265.377891
504.001104,118,11269.974277
459.619121,500,11287.353663
508.471845,225,11294.64613
527.228329,239,11302.241543
490.517153,500,11317.084037
515.712498,306,11326.416467
510.321585,150,11331.674326
407.695549,500,11346.870459
508.210179,284,11357.292408
374.074645,500,11372.026595
380.717191,500,11386.431008
441.581348,500,11402.541999
506.223564,129,11407.093549
522.236848,180,11413.882864
504.976566,137,11418.682623
505.06083,152,11423.801579
386.54479,500,11438.354904
455.819532,500,11453.034089
515.229011,197,11459.271371
493.584075,500,11475.099275
504.768587,310,11485.608056
523.537018,213,11492.093632
417.572698,500,11506.741587
542.252183,500,11521.960373
432.417746,500,11536.914907
502.861757,56,11539.435293
512.100627,90,11543.893547
506.708266,159,11549.2625
342.09506,500,11563.412127
551.387387,500,11579.65393
330.176641,500,11595.711676
100.249769,26,11597.395244
510.816771,248,11604.88171
519.706439,237,11613.419568
436.895805,500,11628.372713
519.243042,500,11644.485446
526.861272,431,11658.051539
333.537547,500,11674.510878
269.233463,500,11688.919744
449.94964,500,11703.583126
527.546116,177,11709.245697
528.20431,261,11717.632181
502.951779,75,11720.63171
521.915609,326,11730.861025
535.108655,296,11741.006768
515.174192,296,11750.556367
503.629127,97,11754.312668
551.719759,442,11767.073937
325.979706,500,11782.164968
518.218451,212,11788.904658
478.919757,500,11805.239239
449.404021,500,11820.021063
490.902243,260,11828.074888
526.038433,500,11842.658061
473.23068,500,11857.121843
519.32733,237,11865.600139
386.456347,500,11879.931128
541.270038,381,11891.071453
511.179139,217,11898.091501
484.783148,500,11913.704017
414.804347,387,11925.881928
522.608744,314,11935.464886
500.396883,94,11939.066482
532.498124,203,11945.43001
522.637234,500,11959.859685
528.441669,149,11965.945018
536.521919,500,11980.171541
531.986219,476,11995.861512
510.907833,149,12000.845069
522.902781,308,12010.113795
490.197231,500,12026.281242
484.840661,500,12040.602989
499.784668,200,12047.179831
506.537135,500,12063.670579
527.076322,160,12068.923534
442.579674,500,12084.198419
509.360689,167,12089.596755
267.686814,99,12093.498233
521.287138,239,12100.717107
521.74627,500,12116.031108
483.959279,121,12121.640827
527.496716,500,12137.925959
498.123354,357,12148.065794
518.076422,238,12155.633927
509.239615,158,12160.897574
68.0322,22,12162.493794
525.128293,345,12172.731519
308.208296,324,12182.490354
530.549735,332,12195.212467
481.438543,500,12210.265287
536.946053,285,12218.683086
516.63104,500,12233.577552
513.770453,197,12239.819568
518.861583,128,12244.200495
514.899713,264,12256.601146
467.390418,500,12271.040077
552.194418,500,12285.381171
492.100419,144,12290.412157
510.305156,500,12304.56864
510.165683,216,12311.91721
505.697207,134,12317.830476
566.884571,438,12330.08951
502.788907,119,12334.267902
495.306033,500,12349.241063
519.847084,383,12360.514357
510.074799,241,12368.159271
493.379365,209,12375.19644
534.123944,245,12383.867251
521.800753,270,12392.03008
491.418375,500,12407.659492
521.097487,193,12414.344534
508.941667,261,12422.70226
501.144517,180,12428.767425
504.113185,148,12434.939805
391.56093,500,12450.851587
551.534332,500,12465.129973
496.537429,500,12479.492752
419.062113,500,12493.962437
523.276434,355,12504.275089
329.653466,500,12521.816043
542.108995,328,12531.479663
508.257017,99,12535.14119
523.774639,274,12543.5057
508.658886,202,12549.917765
344.056461,500,12565.884887
529.048888,308,12576.236692
541.156531,407,12588.792926
464.220599,500,12603.848134
510.114393,408,12615.801482
517.47273,251,12624.781608
499.243707,281,12633.494078
528.184644,442,12647.890809
498.585338,500,12662.720127
536.194226,261,12670.556851
504.346178,249,12678.398812
517.110257,207,12684.727448
529.143356,281,12693.299644
366.17967,500,12710.261004
507.702443,500,12724.591776
324.815585,500,12739.626508
367.121376,500,12754.370465
509.59893,192,12760.692825
524.501313,173,12768.694645
306.200427,196,12775.062049
526.08199,335,12785.652685
513.373655,164,12791.269674
495.793646,123,12795.660596
509.112649,329,12806.561842
304.237038,500,12821.854861
508.170831,153,12827.057534
514.604713,356,12839.286496
422.350217,500,12854.397535
328.033337,81,12857.902486
515.362935,500,12872.651094
526.547654,244,12880.255367
495.730807,96,12883.866127
507.379394,415,12898.760782
520.082239,298,12908.176541
413.747818,500,12923.355804
492.056436,136,12928.077118
506.111618,111,12932.090948
528.30668,197,12938.286507
499.98222,295,12947.018812
464.501625,500,12962.907325
512.049828,365,12973.696095
500.809978,500,12988.539921
503.441544,158,12993.923627
501.006968,123,12998.321211
471.250154,368,13009.602396
480.888145,500,13026.849733
508.990131,494,13041.920765
492.570534,135,13046.976546
506.759701,293,13056.061508
501.268312,122,13060.376706
494.957593,219,13067.595782
508.388992,95,13071.1387
346.500727,500,13087.020883
492.552407,226,13095.755999
543.900265,251,13103.209829
436.272755,500,13117.909861
504.885453,195,13124.148286
490.205427,121,13128.457749
503.161367,221,13135.618896
526.769291,191,13141.665452
533.074066,328,13151.67876
508.478173,275,13161.638923
493.211478,222,13168.644194
508.679888,169,13174.260621
433.976153,500,13190.551743
522.067723,326,13201.632875
495.417889,116,13205.733213
515.075954,284,13215.279824
441.359344,89,13218.679583
502.163893,207,13225.74314
537.613794,391,13238.315299
415.616475,500,13253.077252
535.078067,303,13263.638594
444.37147,500,13278.420068
487.095018,140,13283.295077
518.858998,500,13299.517535
510.41919,96,13303.426151
509.659503,158,13309.012405
543.920485,500,13326.235436
560.0754,464,13339.421152
499.100451,238,13346.982378
493.285292,156,13352.236869
504.824248,168,13358.184877
537.041536,471,13373.310848
503.66192,161,13379.02718
498.677665,268,13388.114553
521.115429,500,13402.44467
491.135791,500,13417.301813
488.303394,500,13433.542843
511.83282,255,13441.506986
440.398776,500,13456.900307
544.759899,459,13470.433214
565.262434,427,13482.696242
549.306149,493,13498.860025
502.287058,88,13502.270077
354.375579,500,13517.576731
523.517455,205,13524.01175
526.298112,347,13534.406592
530.669807,500,13550.572162
537.539899,340,13560.570395
376.329703,500,13575.496979
477.334648,500,13590.042567
514.264398,369,13601.550677
475.116279,500,13620.174323
500.896608,500,13634.747683
498.49019,500,13649.291372
420.672442,500,13664.474238
445.232627,500,13681.17095
517.974423,430,13693.964866
444.28044,500,13708.583861
231.562276,54,13711.329068
546.269307,500,13726.59525
517.369111,306,13735.801671
504.808292,246,13744.540931
513.238046,222,13751.523139
518.517381,190,13757.953495
327.221845,500,13773.004046
418.91441,500,13788.54627
509.447896,220,13795.748738
506.294996,219,13802.923821
543.537889,399,13815.788046
496.868506,154,13821.144333
528.817558,289,13829.530172
528.780691,489,13843.141123
33.856852,20,13844.64397
506.199025,126,13849.044972
548.732941,436,13861.399243
462.498387,500,13877.135794
547.511316,457,13890.340649
521.494823,327,13900.940999
565.964058,500,13915.512178
514.004267,289,13924.843946
531.584176,258,13933.602427
229.160575,500,13949.417166
505.054573,229,13956.631531
548.342675,350,13966.60708
404.839715,500,13981.339561
523.201707,407,13993.155615
278.623893,500,14009.360246
497.541297,178,14015.270115
514.530471,207,14021.959197
492.398452,185,14028.167262
348.23098,500,14042.872216
539.41793,353,14053.177231
501.814665,149,14059.353825
522.081593,387,14072.170233
442.919754,500,14086.810694
429.168603,500,14101.477719
511.157746,160,14106.706697
512.243344,123,14111.025856
440.47685,391,14123.512801
540.592558,341,14133.455117
536.838565,300,14142.475539
499.140261,170,14148.111044
495.365514,91,14151.589444
518.643546,185,14157.444776
512.803294,292,14166.223314
512.764298,224,14173.349089
488.999077,136,14178.201524
240.700789,500,14197.744913
268.147353,500,14212.39683
465.228451,500,14227.016119
516.272715,462,14240.942597
511.14291,148,14246.812964
498.811226,107,14250.895676
441.234134,500,14266.958741
436.196508,500,14281.818187
497.389514,122,14286.3101
430.053302,135,14291.359047
512.629764,159,14296.476615
519.422166,203,14304.108133
512.80739,271,14313.332157
408.67201,500,14329.741079
503.221339,205,14336.1657
506.758564,500,14350.239867
445.828094,500,14365.114737
508.841167,143,14370.015922
501.963965,88,14373.947908
539.281964,500,14389.299759
493.236445,123,14393.668129
500.388425,168,14399.16803
501.191009,254,14407.166407
505.030388,111,14411.195086
495.949389,500,14425.645473
535.028398,303,14434.682877
529.251842,454,14447.708979
491.08877,118,14453.280619
542.977433,500,14467.328707
475.464969,500,14483.001083
497.707629,384,14494.209704
506.515785,144,14499.598729
553.206306,403,14511.645066
456.457327,500,14529.000036
418.808811,206,14535.51563
503.283104,104,14539.302638
531.211314,291,14547.984449
431.019592,500,14565.31364
516.246399,213,14571.957346
533.885782,323,14585.157986
504.211332,214,14592.059838
511.30898,135,14596.686546
522.817515,188,14602.608871
498.05506,374,14613.713243
491.443049,66,14616.523615
494.350439,80,14620.047178
494.047886,115,14624.400272
482.686872,500,14639.890589
297.463395,500,14655.781718
466.682757,500,14670.336634
542.535593,500,14685.482805
512.105048,124,14690.193026
515.969702,255,14698.608751
495.880084,303,14707.79231
500.988614,311,14719.140586
505.369201,123,14723.317885
376.584749,500,14738.763136
536.935643,433,14753.204679
495.809404,500,14767.606906
509.390111,257,14775.543344
489.787933,221,14784.223655
473.468512,500,14798.942451
489.65343,500,14814.336644
507.948295,378,14825.528076
506.668999,169,14831.035475
423.354903,500,14847.095888
492.272785,500,14861.822675
524.590557,406,14874.571575
512.371708,197,14880.915683
507.561989,212,14887.695204
507.752407,130,14892.166656
517.162301,311,14901.365404
349.807673,500,14919.524159
499.055382,227,14926.794235
534.647155,314,14936.710902
499.712772,151,14941.750243
525.592738,500,14955.955266
500.173182,151,14961.13542
515.49413,240,14969.183408
497.166624,151,14975.805048
505.440192,288,14984.618488
492.148406,386,14996.122222
503.991192,369,15007.05656
422.012073,500,15022.016194
494.954449,500,15038.014471
523.258129,161,15043.441886
398.621259,500,15058.192033
507.200802,140,15062.870993
533.236472,378,15073.857441
491.732069,217,15081.237001
505.400557,181,15087.69479
508.808709,291,15096.492948
533.773064,500,15112.004995
508.763815,184,15117.81575
427.27096,500,15132.169192
506.29302,310,15142.028286
516.006369,384,15153.582497
326.152675,422,15167.467722
512.200967,166,15172.903618
353.836738,500,15188.315276
506.948878,413,15202.040046
511.082488,345,15212.355042
506.808053,500,15226.756272
385.210493,500,15244.626402
501.976924,176,15250.517798
533.019153,382,15262.401505
496.238172,500,15276.849117
146.768757,59,15279.596214
440.028769,192,15285.736748
505.764804,164,15291.097692
514.860668,189,15300.52227
520.255644,176,15306.894175
502.401595,174,15312.611287
518.974673,249,15320.329506
518.541592,216,15327.037512
483.253098,500,15341.700445
473.17864,500,15358.637242
504.457415,138,15364.713319
528.276273,500,15381.344051
540.800114,309,15390.199914
506.336327,116,15394.283416
504.941783,228,15401.510298
498.786828,209,15408.102634
510.419355,242,15416.135949
522.694606,230,15424.302099
530.02205,275,15433.556538
517.035,161,15438.79946
523.822162,369,15449.737261
444.987353,500,15464.373843
507.258007,89,15468.457271
565.390889,496,15482.832541
524.896543,395,15495.987823
517.187929,500,15510.354208
538.994503,334,15520.052345
515.859413,500,15535.24465
523.062199,331,15545.315565
313.096442,79,15548.567178
472.93312,500,15565.546152
507.906342,132,15570.050093
530.030267,500,15585.082506
533.521286,390,15596.700565
503.761864,102,15600.510718
347.987539,500,15615.053885
504.717821,121,15619.271003
559.533289,337,15629.997528
543.744975,500,15643.96162
529.435194,287,15652.722975
511.850147,213,15659.371736
525.644092,220,15666.426867
532.51894,174,15671.9559
497.290676,500,15687.599565
418.555335,500,15702.505694
396.92017,500,15717.502647
534.730055,372,15728.593683
432.095899,500,15743.403423
579.289438,500,15759.457904
502.951079,153,15764.63817
494.210885,116,15769.290269
93.21975,34,15771.238463
448.362545,500,15785.373171
499.238021,105,15789.316926
527.233067,500,15803.550075
570.346326,500,15819.036136
541.109593,500,15833.108793
554.784322,500,15847.357706
548.183669,418,15861.092603
533.059632,244,15869.172588
473.967114,500,15884.723784
585.860146,500,15898.432358
552.953683,338,15908.138496
516.45418,99,15911.864167
520.324215,244,15919.378761
502.160137,217,15926.435029
518.651378,205,15932.829925
403.69467,500,15949.911683
466.472737,500,15965.518425
499.599314,89,15969.361412
524.796145,196,15975.525943
541.352367,467,15988.820336
542.402828,334,15999.77526
582.095441,500,16014.830771
502.926173,163,16021.137506
511.89086,122,16025.936816
551.662308,500,16040.332576
513.684705,115,16044.329523
521.749727,283,16053.679962
562.993604,422,16066.883952
511.604711,210,16073.411728
25.757453,23,16075.031132
541.274386,246,16082.830599
476.472357,65,16085.59958
526.480014,221,16092.633673
413.316136,500,16107.412478
327.687418,127,16112.103696
518.722462,221,16118.925978
488.602858,111,16122.953747
527.367212,181,16128.669008
522.730927,242,16139.557471
536.375809,500,16153.907501
552.38174,500,16168.808234
542.62286,378,16180.319863
559.169753,500,16195.196255
560.557702,323,16205.531113
415.851608,500,16220.073567
493.547816,300,16229.247808
560.542823,500,16244.434759
537.466507,500,16260.435145
571.331957,375,16270.778005
498.019006,190,16277.153073
516.693795,199,16283.689819
527.807158,289,16292.502342
496.83307,164,16297.933922
504.844799,336,16308.431123
406.193468,500,16324.325767
520.989368,193,16330.363036
515.65115,154,16335.422091
408.024456,500,16350.188003
473.833572,143,16355.232607
520.857791,231,16362.830959
496.16021,63,16365.555461
540.196427,483,16379.372386
298.074029,500,16396.184219
480.605997,500,16411.079202
515.662001,248,16418.79591
521.671427,186,16426.238616
557.368482,500,16440.481292
516.615341,251,16448.013323
535.655763,247,16458.137346
498.593456,28,16459.892035
534.893072,310,16468.936943
501.419309,191,16475.206222
417.149929,500,16491.08032
470.196417,500,16505.600814
299.785928,500,16522.013029
505.694392,113,16526.078485
503.455462,155,16531.177044
529.397345,263,16539.339844
501.161271,143,16544.249643
512.190942,131,16548.83818
496.991029,500,16563.462073
497.364001,203,16571.023859
524.550715,500,16587.473619
535.679012,331,16597.366363
500.072107,111,16601.670258
473.602596,500,16616.426174
439.215061,500,16631.239063
386.417388,500,16646.322737
506.106475,68,16650.485938
537.934971,500,16664.495349
