#{"t_start": 1642253786.875915, "env_id": null}
r,l,t
-0.249096,5,1.16803
2.1795,63,4.076662
0.272645,33,6.059024
-1.071879,65,9.158016
-0.081986,13,10.524803
0.727654,33,12.478298
-0.714501,52,15.04152
-0.181673,13,16.511112
0.331269,30,18.386956
-0.153554,17,19.860142
-0.045211,20,21.444987
0.279017,29,23.289189
0.366417,26,25.167692
-0.202101,18,26.690448
1.27245,65,29.710613
-2.981692,33,31.692719
0.819699,35,33.852258
-0.24401,7,35.033739
-0.173461,15,36.456348
-0.238324,14,37.842039
0.243703,20,39.410655
-0.28287,6,40.657058
0.064669,19,42.2204
0.695343,53,44.769839
6.810623,71,47.955292
1.222334,39,50.243095
0.188535,14,51.630152
0.108528,18,53.134982
-0.930747,36,55.249463
-0.604131,42,57.501432
-2.547461,42,59.919054
-0.297586,7,61.101241
1.120769,25,62.839338
1.16364,26,64.619354
-0.237607,9,65.979263
23.131967,46,68.403951
5.414776,51,70.97388
0.242483,15,72.388628
0.922253,63,75.460891
1.416112,44,77.813116
0.262459,59,80.608214
-0.137434,15,82.022171
0.855781,84,85.577506
0.204164,29,87.532893
-0.229215,13,88.914132
0.742355,31,90.806193
3.607631,74,94.041999
1.531686,51,96.667637
-0.206848,19,98.235572
0.132723,23,99.927683
-2.53691,76,103.285945
0.170845,39,105.461396
-0.234688,6,106.72772
22.658187,55,109.438743
-0.598336,26,111.238607
2.65758,91,115.042282
1.360772,45,117.561076
0.025922,15,119.002468
0.052724,23,120.699529
0.013013,23,122.375442
-0.860234,22,124.952917
-0.025741,15,126.506649
1.96034,59,129.33664
-0.114953,23,131.009025
0.099795,21,132.624472
0.156698,27,134.554567
0.264925,20,136.160375
0.176736,38,138.307457
-0.12836,16,139.782508
0.019755,14,141.183016
-1.117612,43,143.680185
0.493769,34,145.703865
1.117247,37,147.848738
-0.184016,19,149.401425
-0.043945,12,150.855337
0.172016,31,152.800848
-2.675059,30,154.768725
0.347893,15,156.207947
-0.28696,6,157.511212
-1.185487,22,159.206636
-0.018472,76,162.576459
-0.137623,15,164.025362
0.166279,17,165.55108
0.6364,36,167.635464
-0.215226,11,168.951311
-0.197559,9,170.312445
-0.106569,23,172.010894
-0.189466,9,173.260133
0.241889,15,174.707997
0.467032,23,176.494797
0.017222,14,177.918777
0.453318,18,179.447086
0.25921,24,181.18767
-0.068769,20,182.767878
4.886464,21,184.53792
-0.071392,18,186.066383
-0.028548,26,187.879273
0.665609,31,189.799033
0.719846,55,192.575415
1.022283,45,194.939023
-0.298648,9,196.187736
-1.584819,57,198.886775
-0.22927,11,200.183336
1.977512,34,202.302052
-0.168491,10,203.576133
-0.382278,25,205.332234
0.201467,22,206.969925
1.204926,133,212.143383
-0.981817,66,215.197456
0.035386,33,217.15747
-0.025284,21,218.769291
-0.02614,23,220.425257
-0.026236,28,222.373794
0.252527,23,224.045965
-0.120454,24,225.751497
0.365255,23,227.415325
-0.002178,13,228.90405
7.985287,60,231.735197
0.736114,65,234.788747
-0.137406,13,236.143975
0.159474,19,237.681039
-1.148779,35,239.856802
-5.568311,75,243.229339
-1.626349,28,245.080764
1.072124,82,248.560825
-0.109245,17,250.158405
-2.750172,42,252.515348
0.073522,18,254.038701
-2.298819,26,255.83577
-0.03073,8,257.045767
-0.030958,28,261.145514
-0.149881,15,262.581018
0.584636,76,265.905523
2.714498,153,271.475477
0.027059,26,273.374886
0.037482,27,275.169832
1.621085,72,278.349341
-0.033406,15,279.775419
0.746632,33,281.898527
-0.990007,49,284.422602
1.324142,64,287.397045
-0.165005,11,288.70148
-0.029304,33,290.708491
-0.188624,10,291.976385
6.295388,36,294.082167
-0.218606,11,295.502772
-2.432323,54,298.198188
1.178511,25,299.924349
-0.100659,14,301.321491
0.768797,39,303.579804
1.387603,29,305.452266
1.281564,28,307.270316
1.785942,71,310.475842
-0.074003,12,311.804834
0.705892,55,314.589807
0.344972,17,316.067977
0.316984,31,318.000262
0.920121,76,321.322246
-1.502688,68,324.567819
-0.167261,16,326.033541
0.313855,25,327.767199
0.821042,39,329.940324
1.409351,55,332.611453
-0.017497,21,334.345654
0.818123,57,337.09939
1.501694,93,340.918029
0.079384,38,343.062046
-0.960813,24,344.909446
-0.55573,30,346.832638
-0.024474,10,348.112877
-6.045281,91,352.050152
0.0449,15,353.465541
1.247977,116,358.120662
0.284489,30,360.012315
-0.189337,7,361.206632
-0.410573,52,363.795958
-0.482588,52,366.518459
0.037658,16,367.980012
0.187127,32,369.941747
0.514316,48,372.379821
-0.15415,11,373.691794
0.133066,28,376.514161
0.592941,15,377.950351
1.413709,28,379.776502
0.49737,27,381.570505
0.519864,33,383.660326
1.661396,32,385.626533
2.078984,40,387.806328
0.582783,41,390.065079
0.085997,11,391.35892
2.971795,91,395.272868
0.169458,19,396.827707
-0.070333,17,398.328797
0.57768,31,400.230589
0.500745,32,402.327716
-0.765235,89,406.059705
0.428743,19,407.630588
-0.061097,10,408.902003
1.138632,34,411.068003
-0.769084,21,412.698938
-4.218946,57,415.498292
0.540272,26,417.267286
0.898446,30,419.164105
1.019522,22,420.802097
0.458491,23,422.482239
0.449281,18,424.120676
1.216995,49,426.631413
0.167631,18,428.137128
2.739987,96,432.0847
-0.05443,19,433.741654
0.117612,29,435.607423
-0.371347,14,437.019751
0.201936,15,438.452177
-0.134183,14,439.857259
-0.093869,13,441.339272
0.253485,50,443.830546
-0.255691,10,445.117844
0.897686,83,448.646647
0.058267,18,450.286114
0.263321,29,452.14559
0.159532,21,453.756702
-0.176003,19,455.299857
0.211109,15,456.748873
-0.162991,14,458.268182
0.31059,35,460.325447
-0.045655,21,461.931127
-0.112267,13,463.302969
1.458179,45,465.746073
0.206876,25,467.467789
0.528848,24,469.170875
-0.452544,20,470.76756
-0.115367,10,472.031311
2.973508,111,476.607097
0.052001,12,477.944917
0.579946,82,481.445827
0.170674,19,482.99332
0.226424,20,484.687772
0.310677,24,486.398301
-2.199633,37,488.595687
0.04546,28,490.436286
0.373117,40,492.688882
0.058797,16,494.252838
0.106546,24,495.953098
0.93963,32,497.879119
1.202344,33,499.892754
3.767136,126,505.796201
0.556954,32,507.768384
1.447099,87,511.366455
-0.102429,9,512.623958
0.323505,21,514.231666
0.338219,20,515.932767
0.509643,33,517.913645
0.371531,37,520.046365
-0.046342,11,521.332974
0.665332,20,523.047141
0.130238,34,525.051367
23.576851,51,527.639982
0.280154,14,529.041481
-1.943027,38,531.356233
0.511783,27,533.157912
2.411349,40,535.383433
0.457755,18,536.894306
3.513731,126,541.784326
0.229713,19,543.348793
-0.061435,10,544.631253
1.336618,40,546.941894
0.062742,37,549.078184
0.373292,29,550.927229
0.028591,18,552.465289
0.694,34,554.608983
1.85911,67,557.644183
-0.213843,15,559.085414
-0.102043,15,560.525488
1.052881,45,562.874635
0.049428,15,564.430423
1.257712,83,567.932726
2.590941,92,571.753594
0.294533,21,573.348226
-1.285436,24,575.220289
3.273731,78,578.601682
1.074756,38,580.781496
-0.137832,17,582.313693
1.457391,221,590.154658
0.02858,12,591.593741
-0.115157,9,592.842007
-0.135524,15,594.26771
0.20526,44,596.619854
3.526888,36,598.835401
10.702703,60,601.685361
-0.037983,17,603.177534
-0.295183,9,604.431709
1.39884,87,608.074844
-0.870967,90,611.966167
0.018452,16,613.425182
-0.163375,13,614.804171
-0.776468,23,616.481317
-2.397466,29,619.35314
-0.10104,16,620.811522
-0.06137,11,622.127294
12.739023,74,625.397649
-0.067209,88,629.129157
0.553519,31,631.147615
-0.220553,9,632.403269
-0.295574,7,633.59138
1.00704,21,635.205989
7.352792,81,638.902266
-0.003995,12,640.23362
-0.325128,45,642.59977
-0.013175,12,643.923685
0.738859,50,646.417286
-0.135753,11,647.834377
0.930355,100,651.877035
0.089508,22,653.532703
-0.718727,23,655.228017
-0.080118,13,656.715765
0.691642,19,658.266116
-0.184495,27,660.082485
3.297361,119,664.67575
1.263581,29,666.672421
-1.067659,25,668.431818
1.557198,67,671.506004
4.210018,15,672.94171
0.833011,37,675.0748
0.960584,38,677.194876
-0.266647,8,678.412377
-0.110749,23,680.198748
-0.224224,11,681.510841
1.305207,78,684.924206
-0.942174,32,686.894595
1.235281,30,688.907184
-0.207519,9,690.157823
-0.092974,14,691.566485
1.032855,109,695.915205
0.187355,21,697.521697
2.064138,41,699.896488
0.073778,16,701.357417
-0.633051,32,703.351361
20.24009,37,705.445768
0.651307,23,707.264126
0.641286,34,709.268705
1.808623,44,711.59518
-0.165857,6,712.743036
0.131232,19,714.291558
1.876407,224,722.232576
0.04615,15,723.680926
-0.902218,45,726.018118
0.138716,14,727.40722
-0.045398,12,728.863471
0.304423,14,730.2617
0.142787,18,731.793679
1.478069,76,735.121164
-0.089071,16,736.573782
2.336489,60,740.391855
1.161508,72,743.602633
-0.155699,13,744.981977
0.823918,28,746.802341
0.007716,29,748.763719
1.670851,82,752.273539
1.14412,37,754.391277
-0.182549,22,756.035159
-0.036384,30,757.941805
-0.237654,9,759.296004
3.297687,70,762.447439
2.110459,55,765.101632
9.035363,50,767.643689
0.309879,23,769.429934
0.197932,22,771.092888
0.12264,26,772.85531
0.890297,74,776.113603
0.078558,28,778.05576
-0.256062,5,779.201046
1.343096,41,781.445261
0.245029,19,783.010207
3.251197,54,785.656646
10.409379,60,788.538428
-0.119444,8,789.749317
0.978447,45,792.228256
5.873569,174,798.461205
1.579254,92,802.297866
2.758505,47,804.723239
0.479482,22,806.475684
0.440008,36,808.54536
8.637703,131,813.648987
-0.177667,8,814.863713
-0.864638,19,816.453367
0.191574,40,818.7877
0.667038,31,820.722266
1.068313,34,822.734842
0.584026,89,826.445046
0.587389,31,828.463463
0.219505,29,830.347255
1.009146,52,832.921053
1.348485,88,836.619235
-0.305997,39,838.796649
4.847619,125,843.737626
1.271573,118,849.227306
3.226047,116,853.802084
1.350435,56,856.473091
0.152065,17,858.087831
1.314694,83,861.630992
0.476478,38,863.830062
13.401141,27,865.634667
0.032726,14,867.038233
0.347135,21,868.766837
1.737784,35,870.835304
0.073251,48,873.266769
0.384279,26,875.059682
0.561512,23,876.850404
-0.203149,10,878.133087
0.570666,23,879.808555
0.012748,11,881.143117
6.645642,109,885.51151
-0.309724,6,886.770424
-0.066796,40,889.016105
0.251304,39,891.189989
0.100171,19,892.749402
0.530268,34,894.886438
0.113639,13,896.269284
0.657655,44,898.618274
0.210138,16,900.117054
-0.161695,8,901.452071
0.541156,26,903.216849
1.960219,48,905.679252
1.106606,47,908.102029
-0.058078,21,909.720134
0.382068,25,911.472423
-0.127939,14,912.862182
0.066261,17,914.483601
5.035502,26,916.282505
-0.152216,12,917.626817
0.701499,40,919.832427
4.00613,91,923.678804
0.607205,33,925.677476
1.062975,93,929.46688
0.969204,24,931.184426
-3.06487,68,934.275735
0.373226,28,936.229358
1.095365,19,937.775669
1.901056,37,939.873011
0.295666,15,941.30913
-0.171915,14,942.833811
2.307789,42,945.088068
0.602488,21,946.712948
12.958353,37,948.833701
0.795865,27,950.624691
0.334732,17,952.23925
33.971097,44,954.655366
2.549095,88,958.307613
1.021393,32,960.268578
-0.240315,6,961.546772
0.386669,32,963.518442
1.819779,100,968.462028
-3.573013,27,970.306103
3.922418,39,972.533289
1.397218,51,975.217576
18.408394,60,978.083488
-0.984001,20,979.693259
5.300654,118,984.292572
0.900014,29,986.278916
2.139905,52,988.815892
1.390029,38,990.96563
-0.236433,52,993.518847
2.849944,145,999.056806
4.877112,99,1003.193318
1.204514,62,1006.126287
0.535355,52,1008.678916
3.607542,54,1011.295185
0.32078,23,1013.079536
0.540571,89,1016.756562
17.093947,72,1019.927558
-0.419071,25,1021.689157
11.68276,43,1024.123287
2.420774,34,1026.174342
-0.07036,14,1027.594027
0.084063,100,1031.668236
0.266784,23,1033.359291
2.113643,47,1035.774745
0.0342,12,1037.081791
-2.160204,26,1039.018471
-0.191765,26,1040.811966
-0.119037,12,1042.13334
0.665919,27,1043.939687
23.075419,28,1045.939878
-0.167769,10,1047.217275
-0.151876,21,1048.849193
1.305254,58,1051.589039
4.41209,106,1055.805384
-0.259309,8,1057.140505
-0.008657,18,1058.654835
-2.157488,27,1060.496238
0.056955,11,1061.806678
0.619171,35,1063.948655
1.029843,27,1065.750758
0.946322,56,1068.445181
0.111358,22,1070.086902
1.598164,30,1071.970989
3.238557,43,1074.395989
0.13089,19,1076.817441
0.130741,20,1078.408225
0.102543,15,1079.819226
0.29844,28,1081.77588
0.11904,15,1083.198097
0.426167,31,1085.11801
0.325024,23,1086.793324
-1.506468,64,1089.775415
1.340716,69,1092.936295
0.864997,39,1095.123069
5.283112,107,1099.419098
0.364693,20,1101.007238
0.117752,10,1102.423324
31.408557,49,1104.949113
0.584502,21,1106.55305
3.511181,127,1111.574405
-0.250078,8,1112.782659
-0.062615,13,1114.2779
-0.080827,14,1115.69602
9.78036,61,1118.592628
0.840693,80,1122.031339
0.848962,40,1124.393043
4.910867,30,1126.287669
3.164171,143,1131.818972
0.399516,50,1134.333966
0.661199,24,1136.155886
2.63586,47,1138.541863
2.515282,75,1141.842982
1.413688,32,1143.787336
0.045847,21,1145.415918
2.463045,136,1150.512421
-0.145062,9,1151.759719
1.100805,47,1154.280626
0.373828,31,1156.209695
0.291877,45,1158.558405
0.496517,17,1160.048343
0.112017,18,1161.675674
25.298018,28,1163.538476
1.658477,78,1166.927185
1.878906,91,1170.697914
1.725689,79,1174.017389
8.36429,167,1180.248999
0.535236,67,1184.165931
0.129562,20,1185.743671
3.2312,85,1189.278469
0.37439,24,1191.102892
0.131913,12,1192.451305
0.513927,29,1194.357038
-0.241651,9,1195.598327
0.255043,15,1197.031157
-0.126191,7,1198.350126
0.260749,29,1200.209334
0.204633,14,1201.609046
-0.253478,33,1203.603734
-0.5911,27,1205.519056
2.721728,60,1208.348491
1.75785,75,1211.559602
9.061642,75,1214.908551
0.566496,22,1216.532339
2.90743,54,1219.303439
-1.21162,37,1221.461398
34.876998,65,1224.419912
-0.103039,23,1226.057582
41.887581,44,1228.535403
0.482787,16,1230.0098
0.902535,52,1232.630071
1.120862,34,1234.6394
0.654477,46,1237.157092
-0.353604,30,1239.061294
0.186615,38,1241.243004
-1.361606,25,1243.017139
1.015693,34,1245.015207
0.662773,17,1246.490741
0.6404,35,1248.549705
1.400866,66,1251.604754
16.840256,64,1254.585842
0.175934,20,1256.172111
3.832111,95,1260.132192
0.235092,16,1261.724323
0.668037,73,1265.066809
0.015056,16,1266.523268
1.696592,80,1269.97415
0.943362,21,1271.57677
0.737578,38,1273.846658
2.996353,48,1276.304385
0.077881,26,1278.072164
-0.238501,11,1279.38452
2.171573,57,1282.243349
0.842825,59,1285.043125
1.110292,25,1286.800933
0.587364,20,1288.362141
-1.418125,16,1289.846394
0.427262,40,1292.199533
0.181016,31,1294.126532
-0.777715,21,1295.768291
2.032003,66,1299.695672
47.746343,16,1301.289563
4.813201,90,1305.083326
35.167536,59,1307.937425
-1.579913,30,1309.888198
0.325829,20,1311.479685
-0.012079,13,1312.962781
0.037471,9,1314.213384
-0.105398,15,1315.678788
5.956951,152,1321.323957
14.447254,21,1323.088938
2.912052,52,1325.699123
1.649987,89,1329.456364
11.620262,112,1333.854951
1.740724,38,1336.168502
0.42444,25,1337.92805
4.82669,136,1343.132715
2.372835,47,1345.55905
0.939228,50,1348.109966
0.534886,27,1349.91348
0.529213,37,1352.024381
0.428503,23,1353.826135
0.75773,21,1355.464499
-1.728634,25,1357.250959
-0.057027,11,1358.554703
0.082756,25,1360.423307
5.192639,93,1364.304492
-0.076908,36,1366.390106
31.458283,41,1368.667036
0.837825,27,1370.454713
0.500742,35,1372.658364
0.179652,22,1374.325638
0.966576,42,1376.610298
4.533798,49,1379.104329
0.929177,15,1380.670373
3.157084,76,1384.011228
0.298468,17,1385.526542
1.101772,27,1387.332962
11.369062,34,1389.423494
0.295895,35,1391.604667
1.763229,26,1393.397586
-0.058541,18,1394.930754
3.344778,42,1397.206596
2.368012,56,1400.000819
14.012025,45,1402.427148
16.237363,35,1404.494076
-1.289222,37,1406.62948
0.936747,57,1409.35563
13.789184,26,1411.270015
2.0048,89,1415.866728
0.015453,26,1417.669626
2.185126,60,1420.495443
2.489375,57,1423.379513
6.613172,82,1426.917933
0.056705,43,1429.232395
-0.297009,25,1431.014761
0.105616,30,1432.946874
0.51189,23,1434.746176
3.068419,35,1436.844835
-1.032438,36,1438.957111
0.690488,37,1441.095774
1.118503,35,1443.262437
1.643612,36,1445.359514
35.807451,71,1448.565457
0.533785,50,1451.104346
4.060083,45,1453.614727
18.749609,109,1458.081789
0.394314,27,1459.898807
0.018407,50,1462.492513
0.055558,14,1463.913215
-2.101743,22,1465.616426
5.679751,249,1474.201561
48.667414,134,1479.543165
29.405064,26,1481.392167
-1.028912,19,1482.988442
10.34702,247,1491.581055
2.330171,85,1495.361712
-0.092718,35,1497.446181
1.912261,56,1500.211446
0.178691,14,1501.629024
29.827723,31,1503.596959
0.78923,26,1505.487459
3.192513,68,1508.579125
0.016214,54,1511.24635
0.889007,29,1514.011953
-1.084311,41,1516.417437
-0.587062,85,1520.102883
15.391605,108,1524.499
2.567025,55,1527.230313
-0.152628,11,1528.535473
2.012253,64,1531.668042
-0.034347,15,1533.098244
0.73559,59,1535.928136
21.540145,56,1538.649467
7.390446,103,1542.969896
43.957713,63,1545.889088
0.365466,26,1547.700662
5.99356,136,1552.872014
7.795475,63,1555.869835
1.96782,40,1558.211546
-0.13314,15,1559.655524
-0.670325,39,1561.857167
33.395339,110,1566.358052
-0.802611,26,1568.257144
30.770451,72,1571.566456
-2.230579,37,1573.749285
2.206847,39,1575.959257
1.725334,32,1578.056874
2.196242,43,1580.416276
2.197342,51,1582.979982
16.434176,32,1585.0213
-0.079839,13,1586.400849
7.350911,50,1588.956203
-0.099062,19,1590.512551
0.213815,12,1591.973425
1.080802,62,1594.869339
9.481623,44,1597.24537
29.110973,61,1600.178041
3.835296,73,1603.543572
2.035699,35,1605.564293
4.97584,258,1615.536686
-0.758644,15,1617.001242
37.771889,67,1620.078416
-2.074151,30,1622.116673
3.810563,95,1626.072863
-1.878734,25,1627.840981
43.584289,63,1630.81322
3.088122,26,1632.760005
-0.138771,11,1634.096749
0.951494,62,1637.001861
0.487209,26,1638.794507
2.979936,48,1641.237467
-0.017148,9,1642.62173
22.94476,32,1644.673593
24.83078,132,1649.845468
-0.364643,28,1651.696526
18.391524,22,1653.472713
-1.561233,27,1655.350074
0.984711,62,1658.294055
-0.635125,27,1660.153432
28.740363,63,1663.13853
-3.741959,31,1665.22657
4.850659,73,1668.489914
10.298649,26,1670.290773
0.838592,21,1671.924009
-0.15171,14,1673.459012
-1.523804,26,1675.287693
0.887615,139,1680.534941
0.095106,19,1682.092877
-0.063399,11,1683.550386
0.13089,13,1684.954208
-1.543284,28,1686.828521
25.421812,69,1690.00893
0.261794,17,1691.515179
16.392871,88,1695.368307
0.587014,31,1697.285636
3.896865,30,1699.37634
30.786162,103,1703.659113
2.993213,102,1707.855163
2.638431,29,1709.750724
4.574718,20,1711.485909
-1.341844,21,1713.160252
4.402714,91,1717.037755
35.234781,44,1719.471524
0.004063,30,1721.367774
0.800373,32,1723.456543
15.008841,31,1725.436083
0.681935,26,1728.101007
1.738319,54,1730.778803
-1.23966,41,1733.214445
0.410164,90,1737.117902
2.017358,45,1739.502561
-0.317145,29,1741.405722
2.694982,42,1743.694455
6.33622,115,1748.459658
20.861996,30,1750.390131
-1.815741,16,1751.925473
-0.903118,32,1753.897603
0.942135,186,1760.881492
2.460357,107,1765.219401
0.957095,21,1766.852517
-0.566885,18,1768.375646
-2.987126,31,1770.381
22.792869,25,1772.261191
2.588952,97,1776.306114
-0.124034,21,1777.928631
12.506321,41,1780.270906
9.529255,62,1783.296634
-3.272113,47,1785.820724
36.651246,53,1788.57691
0.601129,32,1790.546628
0.515199,22,1792.197913
2.470623,34,1794.371397
1.259024,42,1796.683797
0.179982,30,1798.597263
0.676792,23,1800.274383
-1.378594,38,1802.605395
0.784782,21,1804.226883
-1.054409,41,1806.563846
0.997187,31,1808.493265
1.436281,40,1810.850526
-3.45344,35,1812.992773
-3.379721,51,1815.663608
29.022815,34,1817.720889
0.62676,27,1819.563379
0.012043,21,1821.212901
27.435456,29,1823.101376
103.205063,109,1827.764127
17.542175,19,1829.369035
8.12522,66,1832.460116
0.010101,16,1833.948157
39.641712,31,1836.079851
13.718369,38,1838.294573
0.2734,20,1840.779218
0.619011,20,1842.399131
-0.83389,18,1843.954185
-0.831429,24,1845.828656
-0.448253,43,1848.207121
-1.736957,13,1849.624504
-0.617713,25,1851.393406
17.848239,30,1853.482742
-2.287021,51,1856.118132
-0.828317,27,1858.00932
0.888938,32,1859.984544
-1.559359,53,1862.654345
-2.903241,22,1864.482409
-1.699045,21,1866.139052
0.176482,25,1867.904561
32.209144,35,1870.007191
0.731796,18,1871.67481
1.630363,37,1873.835515
4.609967,55,1876.550779
0.150734,10,1877.829534
12.325076,18,1879.356654
-0.001851,74,1882.792124
-0.770701,31,1884.760848
0.067715,18,1886.310305
0.323784,16,1887.771278
9.234001,45,1890.313291
-1.003786,18,1891.875324
0.181976,23,1893.58847
-0.098505,40,1895.85075
-1.098597,17,1897.498503
-1.597295,60,1900.396826
0.589619,24,1902.117037
1.011862,85,1905.815902
20.326163,16,1907.315368
25.451231,39,1909.601654
10.147634,16,1911.095073
-0.352039,14,1912.632311
39.316728,31,1914.653561
0.622322,26,1916.454295
0.947846,38,1918.634246
-1.609526,18,1920.320565
0.108139,15,1921.76585
1.840381,31,1923.690978
0.116669,15,1925.134764
27.463809,15,1926.599228
24.076183,39,1928.984502
22.465009,129,1934.01193
17.871771,44,1936.411357
0.202066,26,1938.184079
0.217553,16,1939.783295
-0.94885,26,1941.60704
-0.512868,21,1943.256532
0.492134,16,1944.735802
0.318836,21,1946.36354
3.334664,63,1949.395597
0.86239,14,1950.822631
36.287196,50,1953.39336
-0.283424,36,1955.553244
98.993138,58,1958.55995
0.645342,36,1960.659523
6.261895,17,1962.182229
-2.914636,32,1964.201757
0.798503,41,1966.454057
1.424453,62,1970.38981
3.422903,58,1973.203912
-1.004974,30,1975.137116
24.123865,47,1977.613923
-0.871605,28,1979.625773
-0.562502,34,1981.704612
3.078502,80,1985.139869
18.231444,31,1987.115116
-0.221483,14,1988.520343
-1.173523,18,1990.199435
45.364054,88,1994.025072
-0.107905,14,1995.432997
-3.793498,70,1998.716485
0.171376,19,2000.408175
-0.593196,16,2001.892656
7.699824,86,2005.639184
36.677373,27,2007.518807
-0.202129,56,2010.390649
52.293109,46,2012.923361
50.234378,53,2015.656944
1.716567,18,2017.242113
0.71637,26,2019.030688
-0.47364,17,2020.552854
9.116834,42,2022.891324
0.342167,15,2024.48596
-3.346564,42,2026.775096
-0.673657,21,2028.42179
-3.9071,64,2031.435806
1.556642,25,2033.337564
17.557882,59,2036.170258
7.131186,30,2038.102525
0.705037,26,2039.871914
26.670821,50,2042.50209
-2.302833,63,2045.614055
-0.132811,10,2047.295099
-3.012577,28,2049.182869
65.165934,47,2051.725174
-2.761095,28,2053.728027
-1.733456,51,2056.312714
11.45253,73,2059.56597
-0.064882,22,2061.235558
-2.64588,61,2064.151667
-0.661915,25,2066.048199
0.147988,13,2067.435297
37.412555,67,2070.581094
-0.744635,67,2073.683328
-0.252224,24,2075.548791
1.47883,286,2086.270238
0.18758,14,2087.672544
-3.261015,35,2089.775477
14.670983,37,2091.927835
32.07307,88,2095.728818
9.977373,26,2097.554787
-0.692157,19,2099.132713
12.719122,23,2100.845836
-1.004359,17,2102.490095
-0.20924,12,2103.839955
3.758521,36,2105.976579
-0.024137,15,2107.415808
-3.03993,24,2109.167722
0.375582,14,2110.93243
-3.040784,25,2112.696637
13.593844,36,2114.849356
-0.903943,19,2116.428026
-0.385925,52,2119.156718
-1.18868,44,2121.526675
6.764508,88,2125.379876
-0.093739,14,2126.793479
0.330194,20,2128.532364
-2.091643,43,2130.903422
0.24426,26,2132.709982
-0.815385,27,2134.562287
-1.136283,26,2136.378143
54.465468,73,2139.69066
-0.851791,78,2143.178863
0.774899,39,2145.542222
12.812501,34,2147.611992
7.947881,35,2149.736258
-0.056471,14,2151.163368
7.14874,31,2153.280371
0.308474,19,2154.860168
-0.196361,16,2156.340209
1.679269,100,2160.415741
0.291285,22,2162.054906
0.18891,12,2163.534512
1.517656,27,2165.31627
-0.973007,19,2166.917352
4.352438,105,2171.14388
2.698048,93,2175.197766
9.749576,26,2176.992105
5.137019,60,2179.891173
3.019933,131,2184.951953
3.491163,108,2189.397861
-2.782116,18,2191.088307
41.266017,18,2192.64939
-1.925384,36,2194.787266
-2.380132,21,2196.446882
2.007019,34,2198.57698
-1.620502,29,2201.37885
30.553256,34,2203.43602
-1.545313,17,2204.992867
11.562921,38,2207.173832
-2.104344,19,2208.926167
-0.772512,25,2210.717175
21.613488,34,2212.871268
0.687678,22,2214.526626
0.131018,16,2216.121273
42.592891,57,2219.000067
21.013189,76,2222.415837
-1.337819,22,2224.07625
-1.367219,22,2225.782204
0.265302,15,2227.317927
-0.392215,23,2229.036014
11.858827,31,2231.016684
16.709977,62,2234.013682
2.792988,15,2235.612696
-0.869603,86,2239.335448
11.919461,24,2241.053523
23.308369,34,2243.144177
23.388897,35,2245.228212
47.885786,43,2247.744755
-1.848928,26,2249.553502
20.61814,175,2256.127332
82.98106,37,2258.300542
-2.434456,30,2260.368438
-0.955115,26,2262.156926
16.50177,58,2265.023557
0.213678,73,2268.291537
-0.818497,28,2270.295161
46.582879,27,2272.145831
-4.038316,102,2276.465251
42.521495,36,2278.617521
-0.871336,25,2280.43371
12.751336,24,2282.181956
0.173512,17,2283.692082
7.049553,87,2287.481205
0.695723,30,2289.430009
-1.066389,32,2291.424734
5.323946,31,2293.440709
-2.922284,93,2297.575861
8.42398,62,2300.56324
0.459208,17,2302.073934
-2.816906,28,2303.936922
1.486117,65,2306.904317
-1.911591,34,2309.104685
-1.276242,41,2311.373924
-1.999835,19,2312.984252
-0.258798,19,2314.551388
4.468454,25,2316.479212
60.458642,69,2320.52879
0.006571,23,2322.238404
-1.460689,18,2323.814041
119.687134,319,2335.106371
-0.447582,20,2336.83606
0.215597,28,2338.700958
-0.041421,18,2340.229837
-0.118435,26,2342.041185
76.474789,57,2344.943843
-1.9788,20,2346.590101
3.337219,53,2349.319862
26.815562,39,2351.577293
-0.656004,32,2353.564648
31.783532,22,2355.399978
-2.401906,28,2357.279176
2.206632,61,2360.189961
-0.145993,7,2361.398037
-1.010847,16,2363.030343
0.225757,29,2364.906647
-1.341667,23,2366.660859
2.011887,29,2368.530201
-1.249022,26,2370.342239
1.341178,22,2372.111925
1.810121,29,2373.999326
-0.749873,15,2375.474898
41.880419,56,2378.269845
-2.318221,46,2380.863009
0.451467,16,2382.352538
-0.229863,19,2383.924593
-1.821965,20,2385.527124
43.71082,135,2390.945851
-1.898357,29,2392.883614
-0.559174,21,2394.52923
24.055455,63,2397.569136
-0.396125,30,2399.520258
0.259676,25,2401.295801
0.729156,24,2402.991279
-0.621772,37,2405.281657
25.91528,33,2407.330447
0.678292,64,2410.381675
-0.026162,15,2411.823818
10.315251,31,2413.908921
7.230623,55,2416.648384
13.119219,62,2419.652533
26.352213,34,2421.717482
-1.279913,26,2423.530516
-2.544366,32,2425.653913
-1.337587,27,2427.502591
18.871268,50,2430.064614
0.901519,40,2432.347516
-1.584407,58,2436.286902
-0.987124,23,2437.999807
41.951745,97,2442.046243
-2.295136,30,2444.004992
0.44244,18,2445.519976
21.130689,49,2448.195819
56.216418,23,2449.919352
10.199985,67,2453.051672
-0.262423,10,2454.329288
22.06156,35,2456.592172
81.671505,62,2459.625786
-0.736339,38,2461.838454
1.123694,35,2463.934281
15.933994,60,2466.912696
-0.456184,43,2469.364799
24.166175,51,2472.059816
3.691259,40,2474.350841
-3.708919,31,2476.360837
34.052138,29,2478.413068
-0.059565,15,2479.861715
22.216112,62,2482.834798
53.528531,239,2491.440218
40.30537,37,2493.582301
-2.341256,25,2495.50114
0.013147,26,2497.29499
4.48835,58,2500.17388
9.678741,67,2503.35526
9.999025,36,2505.601448
19.499664,73,2508.851368
0.12547,39,2511.096661
-0.152348,15,2512.531293
-1.362714,39,2514.88348
-3.243211,29,2516.819961
-1.236942,23,2518.540332
-0.674827,15,2519.998646
0.758774,40,2522.299244
49.721912,64,2525.339118
-2.491869,21,2527.01555
66.279261,34,2529.207
-0.324561,21,2530.86009
0.383411,80,2534.34186
11.53225,38,2536.532238
-1.26213,18,2538.230792
7.486677,21,2539.932153
-3.410042,31,2541.951223
-2.988774,23,2543.691871
-1.110383,18,2545.23207
1.491699,29,2547.283542
28.787417,37,2549.477872
78.010565,26,2551.305423
-1.018176,24,2553.914533
72.98097,17,2555.56093
-1.932752,23,2557.311893
0.206363,20,2558.899065
-1.148299,28,2560.74938
21.678787,40,2563.042819
58.263366,30,2565.134161
27.872348,37,2567.313732
-0.458713,42,2569.609892
-2.117179,23,2571.332888
-0.558639,22,2573.140143
0.371043,16,2574.643429
41.917578,36,2576.803094
7.804626,105,2581.136684
41.591801,28,2583.004176
39.335987,20,2584.753954
-0.097628,10,2586.029858
-0.395443,13,2587.414447
-0.853762,36,2589.485887
-1.587337,18,2591.158653
-1.130839,24,2592.907035
-0.187035,35,2594.996414
-3.52657,73,2598.348932
26.587033,14,2599.777673
0.012756,10,2601.186435
28.114026,47,2603.683567
6.380333,50,2606.260873
14.050928,42,2608.571594
33.925462,45,2611.065578
8.009309,78,2614.571256
7.243659,50,2617.121049
-1.411096,16,2618.625923
21.389376,42,2621.049113
40.028498,33,2623.122086
0.019235,85,2626.777241
1.472071,27,2628.604525
2.802623,78,2632.082549
-0.111597,11,2633.397189
-2.036049,22,2635.087672
1.105978,42,2637.518684
-2.689302,50,2640.102381
0.264655,18,2641.658287
25.841103,41,2643.922849
28.125189,46,2646.517984
-1.52341,22,2648.220782
4.779915,26,2650.052435
38.7511,32,2652.059791
8.350701,105,2656.408921
-1.934434,60,2659.434324
40.219772,18,2661.025361
0.040495,12,2662.366394
-2.43044,40,2664.655414
0.203145,13,2666.13578
14.746246,48,2668.697284
-0.225348,21,2670.359763
-3.243052,34,2672.45099
12.11053,18,2674.010396
-2.334587,24,2675.909915
-0.767729,52,2679.393203
25.991947,70,2682.649858
-1.728196,25,2684.443612
0.850321,52,2687.202804
0.043585,12,2688.551721
-2.559701,22,2690.272499
-0.934433,31,2692.244284
-1.148044,14,2693.662855
-0.04049,7,2694.968666
0.400976,21,2696.616787
4.621465,26,2698.433491
1.490841,59,2701.278099
1.725107,19,2702.961622
0.158212,34,2705.210194
0.370561,21,2706.816129
10.275354,21,2708.469245
-4.359838,38,2710.676932
16.787791,51,2713.436169
-2.599874,43,2715.7999
20.644661,37,2717.954905
-0.512824,53,2720.607032
-2.130357,21,2722.399057
36.513605,46,2724.865875
-1.457632,32,2726.876185
4.188079,20,2728.486472
-0.025034,21,2730.268181
0.055042,14,2731.695356
0.016441,28,2733.59262
-1.192295,15,2735.072504
11.423494,27,2736.909883
-1.84383,25,2738.692685
0.928314,33,2740.731952
-1.084107,33,2742.893764
51.702995,89,2746.799497
-5.28412,47,2749.323737
2.159157,25,2751.121099
-1.540426,43,2753.621498
-1.964238,57,2756.456111
-0.467709,21,2758.121822
32.375623,29,2760.033556
-1.868147,48,2762.556319
46.849591,76,2766.178964
3.421205,54,2768.86306
-7.031744,41,2771.248982
-0.052853,56,2774.10876
-1.40596,23,2775.94191
-2.89702,35,2778.049918
-0.221529,8,2779.286228
0.308413,32,2781.301313
73.362138,40,2783.582727
2.21959,23,2785.419721
-0.442069,29,2787.35495
3.323859,47,2789.846993
5.935389,61,2792.796562
-1.148592,40,2795.213513
-0.297923,12,2796.588485
7.672169,38,2798.789326
38.291998,29,2800.710299
-2.379913,27,2802.546726
-0.011328,17,2805.052146
4.250468,43,2807.420244
91.158896,42,2809.804755
16.493426,70,2812.98362
54.682926,52,2815.773119
-0.725288,26,2817.603642
-1.255849,33,2819.639629
17.941061,35,2821.768706
-2.038742,36,2823.937682
0.776958,16,2825.517559
91.483545,62,2828.550752
-1.281214,37,2830.710107
-0.088576,20,2832.290763
45.475053,47,2834.929914
34.856982,36,2837.092229
0.057643,10,2838.398384
1.143988,28,2840.273332
1.871689,22,2841.940344
-1.27393,38,2844.265443
20.549131,37,2846.414687
27.816989,45,2848.89958
-1.824641,23,2850.627367
27.128896,63,2853.71446
1.926372,51,2856.337943
-2.518533,21,2858.029749
-0.719406,40,2860.299559
-0.328269,22,2862.092193
-2.337545,25,2863.890313
-0.508778,28,2865.785887
-0.561433,16,2867.258201
-0.238116,15,2868.72841
51.754595,56,2871.505994
22.979741,47,2873.968643
-1.54667,61,2877.043436
3.390859,25,2878.81758
2.653194,93,2882.720192
37.777552,67,2885.846801
53.706848,39,2888.201803
16.532557,105,2892.607869
-1.451062,32,2894.616051
2.752716,29,2896.532331
7.582928,63,2899.562746
-0.833958,14,2901.099486
-0.456923,29,2902.982949
-1.754463,72,2906.351521
-0.263649,102,2910.576532
26.8747,52,2913.41102
0.308635,18,2914.934428
-2.744293,53,2917.633952
-0.53445,28,2919.480005
2.443174,36,2922.488611
20.099307,43,2924.937006
14.591327,21,2926.578762
-1.091016,31,2928.561196
42.931555,29,2930.47278
11.778764,30,2932.505989
14.029839,24,2934.297914
-0.657487,24,2936.004731
3.333053,99,2940.081046
-2.018414,25,2941.85854
15.932648,18,2943.545351
49.847492,33,2945.623152
10.860456,35,2947.743379
-0.037532,12,2949.077986
12.374815,33,2951.264401
0.035269,13,2952.631604
40.01328,48,2955.234334
0.71452,40,2957.426999
-0.200951,45,2959.844588
14.616833,18,2961.498515
0.179905,14,2962.911688
-1.053559,16,2964.388061
-0.54621,25,2966.166031
14.801265,43,2968.675064
0.354427,14,2970.09213
9.620476,30,2972.028246
55.944769,29,2973.968943
29.514973,23,2975.703505
0.005759,99,2979.953439
57.577749,66,2983.029124
-1.987733,77,2986.482846
-1.11196,34,2988.568773
-0.666676,37,2990.872288
66.270088,64,2993.893041
1.191902,26,2995.703666
-0.261769,20,2997.290138
0.181502,47,2999.886301
31.80554,24,3001.6732
-1.617255,27,3003.545038
77.661382,77,3007.055913
0.991305,45,3009.508096
-1.53366,19,3011.145275
-2.38934,31,3013.125452
-0.77002,24,3014.973706
3.345526,84,3018.650425
-3.775849,16,3020.167088
12.475474,51,3022.814987
43.560311,43,3025.292726
64.958815,53,3028.035414
-0.965114,18,3029.563381
26.834031,69,3032.823527
-3.126567,42,3035.165008
17.8792,42,3037.684503
2.425432,56,3040.5071
0.208868,21,3043.160175
-0.722252,16,3044.642001
5.767565,47,3047.280544
21.939006,17,3048.805197
16.563273,29,3050.737671
-5.125208,95,3054.795642
27.202407,25,3056.621244
-0.615437,57,3059.478987
-1.695505,17,3061.027878
0.718322,20,3062.625522
-2.187025,21,3064.310649
38.771113,100,3068.563918
135.518466,22,3070.258676
26.574055,34,3072.323685
1.966602,47,3074.837566
44.83825,30,3076.779122
18.672005,28,3078.794055
1.579347,73,3082.041657
4.654983,29,3083.980944
12.859403,27,3085.849779
36.127029,55,3088.736921
-1.231026,80,3092.25969
79.437797,115,3097.058696
15.122202,80,3100.56004
1.125815,28,3102.394623
36.986015,85,3106.294563
-0.90856,72,3109.6167
49.861946,40,3111.887874
19.864426,34,3113.959242
23.396555,98,3118.162237
0.091007,43,3120.549693
30.832844,52,3123.214105
27.971261,64,3126.316917
7.261834,54,3129.111032
17.051556,115,3133.893677
-2.251628,19,3135.514747
-2.577608,28,3137.457019
0.33792,23,3139.172865
0.126797,21,3140.818825
22.25839,43,3143.191265
-0.456871,23,3145.042973
-1.756469,18,3146.614845
-1.91023,42,3148.956397
29.659392,57,3151.764026
17.143129,37,3154.851779
0.372586,13,3156.220018
15.566036,37,3158.421334
39.359521,79,3162.107335
36.703385,32,3164.163808
60.674842,44,3166.588945
58.407945,25,3168.383898
12.511492,47,3170.987995
61.901662,33,3173.060231
-3.242139,44,3175.499011
42.180241,100,3179.81711
99.974337,34,3181.948428
24.185344,35,3184.208015
-1.718156,20,3185.831726
44.847604,33,3187.908586
-0.319995,19,3189.483376
38.318653,118,3194.517177
-0.951958,34,3196.61028
46.914016,53,3199.330337
-2.240818,23,3201.062486
71.053415,89,3204.908821
-2.090759,13,3206.445855
16.95442,80,3209.999162
47.662364,27,3211.853072
43.858865,99,3216.006326
-2.575331,16,3217.638864
25.618603,56,3220.380273
8.677962,117,3225.115318
-1.767437,14,3226.567305
17.886081,61,3229.459691
23.372522,51,3232.219827
24.539576,26,3234.067245
0.866885,56,3236.819777
-1.68845,26,3238.638756
-1.501624,19,3240.36432
-3.929337,64,3243.412791
-3.116859,20,3245.056188
8.707819,70,3248.290451
12.104311,55,3251.026594
39.397365,31,3253.128601
11.946971,46,3255.64019
33.234554,111,3260.128205
-0.087704,21,3261.779573
64.369744,52,3265.427474
3.810682,20,3267.051052
-7.473423,127,3272.134725
0.862329,35,3274.238708
-3.726494,30,3276.346246
-5.185692,42,3278.774939
-3.868576,44,3281.198406
32.021878,31,3283.181419
15.379709,17,3284.706908
13.697171,132,3290.135146
26.372286,63,3293.103176
41.930799,56,3295.844027
-3.822231,45,3298.25857
51.395415,24,3300.197879
3.711836,68,3303.327519
-3.05038,22,3305.026702
1.83365,34,3307.083637
53.880993,18,3308.673999
-2.568477,61,3311.735819
-0.621864,30,3313.692809
14.219421,22,3315.394852
34.787672,47,3317.926854
-1.508556,14,3319.456658
16.379522,27,3321.33911
26.778261,53,3324.010535
92.91246,57,3326.890597
-0.568161,40,3329.147741
3.650521,64,3332.337838
7.75599,30,3334.290962
-0.336579,28,3336.170639
11.171801,23,3337.863737
38.259404,43,3340.377792
12.289052,39,3342.629498
-0.206277,54,3345.390444
-0.98395,20,3346.996213
-1.591962,18,3348.551218
-0.856101,40,3350.916978
13.219257,22,3352.62036
-4.476669,55,3355.354124
-2.79344,26,3357.174404
-1.186973,27,3359.122389
24.594619,37,3361.388876
9.502559,16,3362.872388
9.758544,20,3364.482634
-0.592702,22,3366.14166
-1.716913,16,3367.768268
32.403687,16,3369.255182
31.21931,21,3370.918213
33.534778,25,3372.718489
-9.41168,112,3377.433822
-0.959494,24,3379.171478
-3.2265,19,3380.770277
-2.227561,20,3382.416447
11.137088,44,3385.815487
0.268507,24,3387.58148
-1.190691,16,3389.083047
40.174499,111,3393.74974
3.675141,57,3396.57449
12.225574,136,3401.88496
81.166377,64,3404.991003
61.573608,33,3407.160218
11.203548,90,3411.12881
42.002411,19,3412.757996
32.727596,59,3415.718101
1.86237,33,3417.840962
107.740631,46,3420.386758
64.113164,42,3422.736707
0.546491,33,3424.80537
2.410904,55,3427.564542
2.055926,48,3430.202728
1.04894,28,3432.136194
54.769314,55,3434.964387
42.116742,24,3436.737443
39.971172,94,3440.992682
-8.023169,51,3443.674878
-2.181978,30,3445.639507
62.33702,48,3448.182382
10.703406,55,3450.959684
48.388233,24,3452.855421
-6.388196,51,3455.544072
-2.339917,14,3456.989141
-4.273124,28,3458.968781
-2.304895,17,3460.647985
-3.449608,19,3462.270573
43.069336,25,3464.070445
-0.608777,15,3465.522153
66.58375,28,3467.394758
-1.433814,22,3469.218224
-2.458372,17,3470.771459
-0.047647,10,3472.072971
35.829756,38,3474.281356
68.985373,81,3478.063974
-4.874766,85,3481.802391
-1.2926,13,3483.208013
-2.394557,32,3485.249974
-2.16434,19,3486.84082
42.458167,29,3488.903389
-6.008772,58,3491.870209
0.60761,37,3494.035901
-0.60352,14,3495.445046
-3.553249,36,3497.771003
82.372536,60,3500.722043
1.042896,29,3503.480361
-3.942145,29,3505.446097
30.368941,17,3507.10676
-1.684371,24,3508.859103
28.582565,63,3511.852053
-2.654998,53,3514.589803
-3.85967,28,3516.531658
-0.926602,43,3518.864926
110.867675,144,3524.387592
28.157095,146,3530.203085
89.949815,122,3535.226515
8.616881,26,3537.082624
-2.671178,25,3538.892346
2.85464,36,3541.210815
-1.173311,28,3543.096465
37.662889,21,3544.772558
-2.537927,48,3547.309515
-2.638287,16,3548.840276
91.915629,86,3552.795225
0.671716,39,3555.055472
0.722098,17,3556.582397
-0.106042,24,3558.325082
59.608459,25,3560.24508
79.763267,57,3563.098525
2.042363,46,3565.507124
-4.981655,42,3567.920054
0.72623,26,3569.727338
-2.737217,16,3571.341335
50.379991,22,3573.059141
68.440166,90,3577.044517
0.066647,14,3578.442692
50.945758,23,3580.326844
43.554594,48,3582.92172
8.853735,46,3585.326524
57.471053,39,3587.610797
8.571966,47,3590.209458
77.631272,64,3593.399502
-1.629571,17,3594.918819
-6.224626,54,3597.712847
-1.059554,46,3600.17404
-2.787417,17,3601.86048
-5.529219,57,3604.760348
17.936719,24,3606.519732
5.99567,27,3608.358373
23.14612,38,3610.528826
36.240687,28,3612.598555
30.414167,27,3614.498302
8.19472,70,3618.641021
15.40761,29,3620.548148
16.665883,42,3623.036619
-2.347988,18,3624.618715
18.069545,25,3626.434013
-0.52653,16,3627.930652
15.149947,20,3629.69501
-0.031892,15,3631.133779
-1.447448,25,3632.945675
-2.516371,34,3635.012277
3.122286,28,3636.919962
20.464232,56,3639.687978
4.432766,70,3642.985404
17.30565,67,3646.191923
87.432062,21,3647.97143
-0.968931,32,3649.977005
1.311578,139,3655.371884
18.016568,66,3658.580563
8.306697,42,3660.917355
30.190851,70,3664.200279
40.22058,51,3666.902461
-1.401907,32,3668.871784
60.031646,65,3672.090646
26.471636,29,3674.014953
-2.886563,17,3675.593121
7.338182,56,3678.389877
6.14345,104,3682.815099
40.591868,17,3684.346621
13.453775,74,3687.725905
61.226233,48,3690.298639
-2.008492,21,3691.951388
4.641447,29,3693.978281
13.998032,30,3695.918851
21.251164,35,3698.056976
31.802326,36,3700.236727
-1.52612,24,3702.115079
-0.50798,18,3703.672715
63.105676,58,3706.589312
2.074507,70,3709.832525
-0.760504,22,3711.547266
54.67747,60,3714.585555
-5.572339,56,3717.366509
-3.361229,106,3721.692852
30.220288,50,3724.261615
80.009161,70,3727.729547
17.475713,22,3729.444343
4.650935,71,3733.601638
73.123621,123,3738.500597
6.910784,146,3744.360723
24.631382,32,3746.501365
-2.428484,35,3748.644907
1.127453,49,3751.177561
-0.834818,13,3752.56931
0.046396,18,3754.219168
19.913424,46,3756.71242
9.648737,20,3758.355251
0.483693,31,3760.361961
-1.730975,18,3761.933681
10.67949,24,3763.834911
-2.892362,28,3765.734079
80.57379,118,3770.709401
-2.846679,77,3774.099227
40.446401,32,3776.25535
34.540468,63,3779.290081
47.123265,24,3781.076301
10.747635,39,3783.28706
119.10116,70,3786.789736
30.932744,95,3790.880565
0.298912,157,3796.899915
60.224292,107,3801.422023
-0.051435,11,3802.756492
-2.398544,24,3804.535819
-1.986804,115,3809.255747
-2.988485,60,3812.135942
-1.781799,20,3813.89057
-1.77372,24,3815.643223
95.296524,124,3820.765651
-2.758294,49,3823.299302
-3.942394,26,3825.253154
8.518678,29,3827.187032
14.711363,35,3829.296109
100.079158,79,3832.820316
0.727131,15,3834.384414
-0.45273,12,3835.754092
18.157485,38,3838.83125
0.072402,36,3840.942551
29.25782,28,3842.830952
77.28122,45,3845.377548
44.014363,56,3848.213808
17.154968,109,3852.598078
-2.870275,80,3856.137144
-1.436135,90,3860.088096
22.813853,18,3861.658837
34.553804,89,3865.55394
15.528441,77,3869.059582
68.288045,57,3871.90808
8.748197,74,3875.374098
-4.979946,33,3877.421189
15.481039,46,3879.886074
64.886157,78,3883.378375
37.06839,27,3885.403326
110.816062,144,3891.052068
21.363856,34,3893.158151
-1.687283,19,3894.719505
8.798835,96,3898.775192
32.427929,127,3903.882166
-7.77912,81,3907.57339
81.532342,53,3910.264954
-0.340833,25,3912.027287
97.36212,91,3916.189078
12.248952,22,3917.879483
108.116517,267,3927.466191
62.36368,115,3932.210245
41.402527,72,3936.501606
-0.248819,26,3938.441757
35.158885,151,3944.291323
-0.02842,12,3945.635091
16.181967,31,3947.615461
39.324495,69,3951.002104
19.492061,32,3953.035575
-10.544241,139,3958.625503
27.08097,27,3960.523397
-2.59565,38,3962.882624
22.266638,34,3964.977158
9.460795,60,3967.99202
0.491582,15,3969.423483
52.102633,40,3971.712273
18.427072,41,3973.998902
57.647454,16,3975.509235
-1.378848,17,3977.155605
-1.631966,16,3978.672089
111.252731,141,3984.321557
-1.862441,36,3986.509314
39.109806,70,3989.818746
0.19724,13,3991.204177
31.582421,58,3994.112838
16.937048,56,3996.999199
21.207317,38,3999.14561
41.011801,22,4000.996037
16.092786,36,4003.147007
62.901499,43,4005.570397
55.208536,124,4010.575723
192.018762,166,4017.370363
0.401542,53,4020.046932
17.511283,65,4023.197564
34.920509,118,4027.981407
34.350848,106,4032.494942
-5.954135,27,4034.501827
37.667105,72,4038.729901
7.901126,39,4040.938777
-0.515506,78,4044.50984
45.120049,32,4046.668393
13.939535,62,4049.724873
-1.878046,35,4051.809844
41.601292,71,4055.18054
58.565084,71,4058.427331
33.877857,24,4060.29358
-2.871136,41,4062.635494
45.029234,80,4066.347683
26.893984,45,4068.760494
-1.668049,15,4070.349241
6.698228,33,4072.389282
19.316698,190,4079.691999
-2.631879,15,4081.164677
0.168165,23,4083.060801
16.509931,70,4086.293331
23.343269,23,4088.036413
46.731338,54,4090.773909
-0.01873,13,4092.164417
-0.669159,19,4093.74935
29.912798,47,4096.278316
-1.237815,20,4098.020772
147.636189,134,4103.503005
24.007646,46,4105.944323
40.722678,62,4108.976815
62.006917,73,4112.463467
65.642787,60,4115.494459
68.838583,84,4119.219168
6.75004,94,4123.20935
81.109999,34,4125.302261
81.747275,271,4135.160841
41.597424,36,4137.330706
132.835116,60,4141.164164
2.731315,39,4143.403156
0.600024,135,4148.972994
117.134197,253,4158.214803
24.369516,31,4160.243535
12.300395,71,4163.503607
29.714198,54,4166.221682
-1.616935,14,4167.766784
-3.936998,33,4169.823628
68.088231,60,4172.760301
63.887346,15,4174.221761
32.271797,78,4177.861013
50.523265,72,4181.161703
13.560638,32,4183.181365
65.110927,67,4186.376946
-0.532563,27,4188.370209
56.182485,54,4191.148318
178.383415,58,4194.11976
-1.264515,26,4195.970076
0.394125,16,4197.434615
5.293897,77,4200.840774
35.034564,53,4203.493243
29.070266,105,4208.02374
11.783788,32,4210.065939
39.478019,56,4212.918744
134.455357,146,4218.6743
87.916667,294,4229.875145
85.798753,157,4236.881567
49.442993,120,4241.757111
56.302729,63,4244.759637
0.428899,18,4246.330147
-0.212079,15,4247.871586
138.15284,146,4253.708184
82.067824,45,4256.195495
-0.394645,28,4258.074976
132.367993,280,4268.432424
29.317007,59,4271.391903
18.200806,31,4273.377119
-4.842275,34,4275.518739
-1.453502,20,4277.130854
110.875341,99,4281.584062
74.358752,174,4288.208823
-6.430851,60,4291.171537
69.686945,66,4294.27673
15.368918,202,4302.098662
-1.804076,38,4304.313443
-4.726083,42,4306.680681
-1.34024,40,4308.908393
96.76982,174,4315.911309
-4.097747,40,4318.199263
-4.643268,40,4320.541855
4.437277,26,4322.368051
105.515244,41,4324.756812
31.41997,64,4327.879076
35.082518,141,4334.36638
-0.139315,20,4336.106755
211.113343,367,4349.44774
-3.087365,24,4351.228578
52.789746,155,4357.524831
8.796303,102,4361.911308
36.573464,83,4365.597804
74.010202,65,4368.74633
-1.537735,18,4370.305517
6.568275,94,4374.388305
-5.374041,64,4377.594557
50.327949,96,4381.754267
70.30887,191,4389.183029
21.21031,68,4392.35591
47.140898,123,4397.661592
97.570096,189,4404.74191
34.402188,70,4408.074363
-2.713746,58,4410.93341
-0.623559,28,4412.817038
28.436512,118,4417.907187
-7.646702,69,4422.152385
-1.706944,109,4426.706368
100.332883,162,4433.185989
3.980554,46,4435.771547
18.534485,23,4437.497802
185.598804,399,4451.703037
75.292927,158,4458.018544
221.294579,298,4469.142709
60.479852,119,4474.208605
8.08388,94,4478.196943
39.040001,52,4480.939025
106.517995,281,4491.300961
86.197245,118,4496.333029
7.227014,93,4500.309588
34.569588,56,4504.051622
-1.919458,39,4506.298853
77.751523,159,4512.640146
-5.68464,60,4515.594621
-6.336126,51,4518.276388
70.135917,196,4525.825364
-5.406272,47,4528.374081
115.808142,62,4531.551354
40.88636,147,4537.481701
6.079546,22,4539.170123
167.747443,284,4549.513874
35.40852,38,4551.758649
86.027162,188,4559.195425
130.789464,90,4563.176272
79.271651,286,4573.788222
-0.322833,13,4575.178105
4.114713,68,4578.361721
141.14307,101,4582.656699
196.480131,326,4595.575928
-1.096429,32,4597.610464
15.372277,29,4599.58657
46.135868,287,4609.862985
6.710444,23,4611.567831
132.519098,236,4620.367307
84.804181,192,4627.889843
32.303876,39,4630.160209
-6.586077,87,4634.024512
-4.827085,74,4637.57962
-1.848744,39,4639.810808
25.201407,38,4642.034643
-0.905417,29,4643.919542
166.156355,320,4655.509311
84.857438,128,4660.942177
187.463995,482,4678.624563
9.701628,143,4684.330675
7.602277,32,4686.388074
55.467388,52,4689.200829
157.258907,377,4702.896111
37.548656,26,4704.718546
113.952028,225,4713.009811
135.287729,342,4725.788769
29.716992,101,4730.038394
24.326432,53,4732.818932
111.716545,286,4743.231269
-7.440354,308,4755.2861
112.842127,198,4763.022288
291.072725,1028,4798.89064
22.994413,79,4802.601345
130.466917,113,4807.332731
91.945093,124,4812.917245
98.303271,255,4822.410173
90.304567,245,4833.059839
6.047118,21,4834.77526
-2.943207,43,4837.202067
-4.677299,37,4839.408103
178.572619,305,4850.638448
11.510089,102,4855.078095
0.035454,63,4858.130484
107.222093,316,4869.388118
95.591887,224,4877.860595
143.762328,308,4889.483566
77.312885,264,4899.077538
236.848334,199,4906.719011
11.32299,19,4908.304725
63.568686,169,4915.996168
278.225215,947,4948.843168
153.852873,206,4956.767624
201.320213,456,4972.538292
3.190026,35,4974.671541
59.155888,151,4980.934088
147.704605,707,5006.58697
141.614833,213,5014.768384
250.937374,309,5026.263246
145.364874,124,5031.559105
106.63563,154,5037.760342
20.979081,196,5045.223997
269.663721,704,5071.041873
98.286534,87,5074.973974
31.041355,84,5078.69427
118.044682,199,5086.191661
155.216307,423,5101.369906
171.462176,269,5111.128176
129.464254,371,5124.523307
122.79058,284,5135.118267
182.807241,689,5160.527136
25.341222,118,5165.643585
54.305021,56,5168.714716
195.134287,856,5198.563696
82.455399,130,5203.875
173.07267,230,5212.616531
92.475742,197,5221.343351
201.721096,703,5246.547809
211.68784,768,5274.028326
87.160369,411,5288.989541
187.641006,337,5302.525704
104.84539,549,5322.324678
7.014832,62,5325.359621
166.405067,363,5338.485296
-2.148199,64,5341.726825
221.461602,469,5358.453437
314.840472,986,5394.61412
358.001577,632,5417.257256
308.578016,502,5435.492689
-0.967145,24,5437.356324
23.130341,22,5439.067691
310.407261,447,5456.191195
221.600568,416,5471.316693
231.012506,575,5491.837198
67.166831,124,5497.016094
349.535195,575,5517.367471
336.13975,578,5539.742532
81.137281,100,5544.259129
53.693621,82,5548.200624
47.993044,74,5551.651572
253.192273,189,5559.308714
0.062257,14,5560.706183
196.466949,454,5577.416998
43.002654,39,5579.697964
17.930776,86,5583.548829
138.724166,321,5595.583212
278.634262,2566,5688.067681
287.338263,1695,5747.126619
188.747957,345,5760.936726
289.159219,2735,5855.487339
87.490796,47,5858.084804
174.02626,1183,5900.754867
308.218913,1684,5961.21904
5.797899,34,5963.278746
46.561119,92,5967.393289
18.662849,21,5969.048451
237.120473,6930,6211.042117
64.303445,32,6213.217505
306.120744,425,6228.873631
171.224322,203,6236.715198
16.804589,49,6239.294873
291.280575,2131,6313.458485
183.540629,155,6319.722212
32.28297,28,6321.565593
233.973203,1024,6358.309829
342.378388,469,6375.110919
367.271828,1003,6410.704648
124.123881,427,6426.281311
172.885236,1175,6467.319813
350.879593,1943,6534.274418
261.637315,2224,6612.22952
189.771313,939,6645.579716
88.124395,210,6653.630354
371.692792,3176,6761.196892
274.91529,945,6795.599298
366.082609,1023,6830.758902
361.04431,1326,6877.593445
248.896587,2158,6952.405531
364.000401,1253,6996.488077
333.494163,2263,7074.268713
66.78325,273,7084.670154
338.910163,425,7099.87162
253.474827,179,7107.053053
312.234729,280,7117.56658
0.15628,19,7119.127361
340.765913,1679,7177.577068
320.178723,388,7191.758842
58.715855,114,7196.533541
263.384708,636,7220.469233
236.378453,1867,7286.271049
328.900064,1268,7331.401711
300.472201,2151,7405.835063
362.005812,1299,7452.175759
283.677641,1080,7490.909985
-2.585827,43,7493.434385
350.549385,3541,7614.339193
375.066241,843,7645.066531
0.695716,22,7646.758592
283.827686,3304,7762.743649
125.179783,197,7770.589377
340.93756,3563,7895.925424
364.234723,2179,7970.315746
235.509457,1862,8036.50177
317.448841,463,8053.115903
205.165196,411,8069.022899
382.515961,749,8095.0919
250.979793,259,8105.058642
187.482941,1318,8151.774965
315.496162,744,8178.481896
350.455717,828,8206.746188
372.364312,1310,8253.002599
51.983404,49,8255.579319
394.656578,920,8288.307051
358.155582,786,8315.540084
228.581262,1665,8375.398702
374.483465,1462,8425.164434
310.80921,2379,8509.192939
323.344805,1869,8574.100979
378.984751,1697,8633.086878
189.946268,2090,8707.251234
173.750876,1949,8776.177883
244.09421,264,8786.241895
356.81079,2946,8888.121467
343.994305,920,8919.427813
-0.264773,28,8921.291147
339.525532,1429,8970.371256
281.041399,515,8989.170501
405.800762,1778,9048.51908
373.482507,1170,9090.170125
303.040131,725,9115.309291
328.345958,1348,9163.110881
389.215897,2781,9258.904773
335.160316,830,9289.112891
-0.678739,24,9290.878532
309.972154,728,9316.59313
144.523556,130,9322.228242
384.211361,537,9341.503298
343.669416,359,9354.456779
333.048665,1024,9391.13722
162.152603,2636,9482.446933
188.800517,1763,9545.65224
400.572681,1491,9597.375709
371.000233,436,9613.336236
357.2546,535,9632.415558
370.416072,1686,9690.850358
318.803043,1086,9728.944093
17.072346,61,9732.013482
317.682298,279,9742.356682
413.087197,2096,9813.448666
174.232008,164,9819.9547
373.089038,1367,9868.454063
378.08955,508,9886.671231
311.587849,724,9912.209797
281.866829,698,9937.768327
428.796726,5175,10116.349476
392.860505,1053,10153.503088
117.262505,284,10164.461103
433.890358,1812,10226.039745
391.219562,810,10254.003155
352.382479,1137,10293.923126
151.617187,48,10296.729789
313.825522,1153,10337.123533
289.505785,209,10345.374237
343.557307,434,10361.244203
305.605751,219,10370.885647
140.655557,312,10382.677502
170.018911,591,10404.10852
346.118989,662,10427.261258
368.209159,1248,10471.47208
416.232289,2460,10555.166569
264.779368,166,10561.932708
340.66397,710,10587.698092
338.11494,745,10613.912183
385.434751,1095,10651.191783
438.274232,2267,10729.823704
170.893979,217,10738.130615
390.638661,1171,10778.552469
64.817479,134,10784.28382
32.191123,62,10787.406903
336.059023,2223,10864.125283
356.403337,1369,10911.803962
306.16538,1228,10954.175359
495.835827,3075,11057.863901
7.280543,53,11060.634828
313.295498,368,11074.139778
340.082501,362,11087.989593
377.812926,1371,11134.105975
316.866088,1690,11192.694347
498.877227,2915,11292.117967
381.069049,493,11310.610194
412.308914,3197,11420.857623
581.773925,3587,11538.443863
1123.847309,10000,11870.48727
750.236004,4971,12029.781424
518.774409,2319,12108.267182
256.214685,378,12122.76056
735.452786,4172,12261.632219
210.384449,640,12284.643214
464.804358,1936,12350.329068
405.975899,903,12380.44434
693.863516,3452,12493.881127
1040.585341,10000,12827.520306
971.326992,9180,13124.433592
729.159563,4992,13286.591955
526.965315,2589,13372.704036
298.197319,921,13404.83797
723.872335,4123,13538.606426
426.812843,1142,13575.741137
1359.763971,10000,13899.443815
566.117698,5036,14067.074131
240.636287,1098,14105.463813
335.322649,548,14124.222952
324.068863,1429,14173.591349
716.288948,7502,14424.352466
351.426857,589,14444.746372
945.968241,5127,14609.094262
560.397952,3182,14716.320906
275.16297,313,14727.39962
488.326281,1506,14778.222226
872.796786,7177,15018.829648
431.827466,2971,15119.199597
747.293443,3956,15245.419554
627.002988,4130,15380.984124
524.790998,3374,15493.698381
1215.363754,8868,15779.036666
754.67325,3787,15898.916906
543.539658,3362,16008.937501
930.168371,6091,16205.411193
246.855774,236,16214.319651
535.547019,2636,16300.22769
425.91499,1357,16345.506589
319.496786,1434,16394.983036
517.481924,1816,16454.179852
271.822914,491,16471.321231
258.179414,460,16487.799631
1123.379267,7861,16739.577269
1525.255844,10000,17064.988378
1463.204272,10000,17390.643012
518.16382,2266,17466.388308
200.956225,122,17471.438738
1461.375474,10000,17795.681536
508.779517,2286,17871.714656
969.488754,5256,18041.470397
1510.851468,10000,18358.466064
1525.525759,10000,18682.007076
1573.064625,10000,19006.865509
1443.924122,10000,19339.980381
297.585535,832,19369.204621
835.179042,10000,19710.361774
1290.298443,10000,20030.552556
1535.056148,10000,20354.999195
891.877396,8051,20617.641877
1542.200627,10000,20939.150623
1100.539475,10000,21273.262555
1513.289875,10000,21594.258121
1359.785348,10000,21922.636878
1539.17202,10000,22242.820884
1621.223115,10000,22563.428936
1679.109194,10000,22881.596871
1205.505697,10000,23201.944763
505.141565,2454,23281.823694
757.665255,4089,23409.830494
1540.31726,9835,23725.573807
1428.67394,10000,24052.825486
1291.791364,10000,24374.384061
1365.496513,10000,24695.078075
998.186538,10000,25035.32982
1600.63305,10000,25355.013595
1693.478101,10000,25678.818787
1575.101237,10000,26002.248804
1447.673176,10000,26324.697309
1279.311996,10000,26651.217275
1693.440448,10000,26971.320715
1660.54733,10000,27286.635682
997.311145,8030,27550.337765
1547.144307,10000,27870.980137
1580.029037,10000,28191.656419
1328.632909,10000,28511.739685
1456.501418,10000,28832.440233
303.994006,707,28856.979441
1302.500029,10000,29177.768694
1366.479542,10000,29507.484633
1424.58592,10000,29826.451955
1358.593033,10000,30151.80905
816.580899,5212,30322.04871
1577.627106,10000,30639.552564
1687.029746,10000,30964.720579
1310.352982,10000,31288.047261
1479.920668,10000,31618.441846
1439.694344,10000,31942.339547
1741.844561,10000,32266.526645
1672.734423,10000,32580.767377
1539.650062,10000,32916.540887
1700.992226,10000,33233.153131
295.502888,1728,33293.128584
1350.189722,10000,33609.208645
1538.879008,9432,33916.760031
1669.363841,10000,34235.816084
992.457859,10000,34583.504961
1558.864376,10000,34907.520773
