#{"t_start": 1642761104.1588562, "env_id": null}
r,l,t
402.586252,1000,18.910587
1005.416434,1000,37.591579
597.452671,1000,57.372257
447.172528,1000,76.387076
1082.816564,1000,96.346704
335.405944,818,112.06438
1237.476481,1000,131.701156
899.699405,1000,151.585114
1275.794372,1000,171.287976
511.213811,1000,189.740363
755.120472,1000,209.78234
630.042854,1000,228.570708
474.904623,1000,248.236983
587.629331,1000,267.083186
1465.991981,1000,286.745501
685.256747,1000,306.258695
823.851782,1000,325.888875
433.923301,1000,345.523692
378.306297,893,363.690545
1455.105374,1000,382.352076
629.14506,1000,402.445481
261.413781,975,420.493845
477.215644,1000,441.790454
650.277728,1000,460.344398
392.882973,1000,480.944983
1423.820306,1000,499.651988
1142.816149,1000,519.548709
1173.947382,1000,538.317597
647.454422,1000,558.802662
882.307938,1000,577.104979
506.034307,1000,596.399219
928.419163,1000,616.502891
913.626514,1000,635.234436
1962.500163,1000,655.001419
1195.391568,1000,674.627368
1521.540705,1000,694.206762
1614.619048,1000,713.078075
1818.874962,1000,732.460099
1390.702103,1000,751.426227
1067.531043,1000,772.130332
854.662883,1000,790.977478
984.268582,1000,811.141913
1623.538065,1000,830.358415
1360.099769,1000,850.719117
606.158188,1000,869.456918
1959.101441,1000,890.77318
681.992308,1000,909.393681
2609.266186,1000,928.935652
1166.70012,1000,947.888423
1795.643177,1000,968.109692
1386.512647,1000,986.960232
2495.23775,1000,1007.184833
2619.023298,1000,1026.890311
2107.699398,1000,1046.893927
2630.454865,1000,1066.448723
2850.092433,1000,1086.899533
1621.045815,986,1106.044641
2427.428649,1000,1126.198696
960.269299,1000,1146.110108
2370.625023,1000,1166.297717
2189.395593,1000,1185.818142
1694.999882,1000,1205.977221
1686.233339,1000,1225.765198
768.08115,1000,1245.7199
2623.629841,1000,1265.085178
2079.672499,1000,1287.26907
2718.075732,1000,1306.337543
3236.588506,1000,1326.772666
3060.594758,1000,1346.635426
1412.606482,1000,1367.029681
2620.648855,1000,1386.564716
2529.085171,1000,1405.923735
2611.01746,1000,1425.982177
2453.608397,1000,1445.83561
1542.870587,1000,1466.360584
2742.775871,1000,1486.351642
2791.908492,968,1506.990196
2087.463981,943,1525.658059
2899.296718,915,1545.441275
1769.167026,918,1564.121225
2149.179539,1000,1586.214608
1562.034687,528,1597.154958
2510.716095,1000,1617.911103
1907.688614,835,1634.819467
2233.08313,772,1650.773689
1734.821869,1000,1671.300278
2027.940518,696,1685.449414
3053.549965,1000,1705.708999
2691.78479,1000,1726.009194
2740.204295,1000,1746.530694
2379.419654,1000,1765.958445
2998.659384,1000,1787.024996
2680.623326,1000,1807.422629
2607.848817,1000,1827.691175
1392.870502,1000,1848.403116
3194.845201,1000,1869.014229
1938.886876,1000,1888.606823
2699.961906,1000,1908.57998
2668.96371,1000,1930.012555
3121.706331,1000,1949.926971
2798.78033,1000,1970.649421
1954.648459,1000,1991.47628
2645.742877,1000,2012.677138
2284.341342,1000,2032.898615
2229.252552,1000,2053.973429
2363.987978,1000,2073.321047
3267.580232,1000,2094.527229
1752.650214,1000,2114.944731
2603.527924,1000,2136.608071
2992.391295,1000,2156.085184
2292.706634,1000,2178.008575
3170.569628,1000,2197.674036
3325.739173,1000,2220.138737
3010.924396,1000,2239.679616
1874.034291,1000,2262.375778
2047.121235,1000,2281.821756
2934.653797,1000,2302.982102
3167.545845,1000,2322.587035
2546.814949,1000,2345.209848
3346.733117,1000,2365.317555
2438.441871,1000,2388.186167
3053.416827,1000,2407.883261
3393.063672,1000,2429.024208
4051.055952,1000,2449.266065
3358.337293,1000,2471.033628
2588.767081,1000,2491.646867
2352.542597,1000,2513.454149
2071.105471,1000,2533.634224
3165.760648,1000,2555.83561
2808.679434,1000,2576.606474
1294.250052,1000,2598.520055
2347.936025,1000,2618.66977
2455.302936,1000,2640.187536
2638.974177,1000,2660.307245
4106.887638,1000,2682.040866
2277.555079,1000,2702.884027
2826.11973,1000,2724.118289
2563.875357,1000,2744.403715
1897.637852,1000,2766.287095
2742.591976,1000,2786.443375
4053.042991,1000,2806.615735
3298.836066,1000,2827.852006
1902.65958,1000,2848.633432
2087.707859,1000,2869.967275
3462.388016,1000,2890.617589
3288.942253,1000,2913.017033
1934.624001,1000,2933.591599
2869.268349,1000,2954.948036
2194.97078,1000,2976.001736
3243.391882,1000,2997.985411
2025.838209,983,3018.367495
2187.229816,1000,3040.026294
2641.502476,1000,3060.707671
1219.004088,907,3080.421248
2770.62998,1000,3101.099119
3344.193709,1000,3122.277387
2809.204993,1000,3142.899365
2149.825934,1000,3164.162908
1295.206114,698,3179.173777
3076.20094,1000,3200.896036
2220.601089,1000,3221.500958
2171.820256,1000,3244.504851
600.792929,603,3257.329206
1635.692945,944,3276.561557
2140.275274,1000,3298.190745
2783.734272,830,3315.193191
2585.202972,1000,3337.669086
999.501603,1000,3357.986613
2054.038678,1000,3379.534838
1879.010375,1000,3399.995955
1307.111578,952,3420.676293
1370.518343,905,3439.612164
972.828507,1000,3461.779222
816.103885,534,3474.648219
1809.837016,821,3491.748184
1337.436014,997,3514.635464
1498.872596,720,3529.735067
1208.852371,765,3545.757215
1334.402718,1000,3568.113029
1820.163979,987,3588.624358
3006.26017,1000,3610.132371
948.834947,833,3627.246649
1399.234582,661,3642.392534
1984.324587,970,3662.600401
2167.456343,918,3682.511
2091.179661,899,3701.098353
2232.173381,873,3719.428512
3568.230081,978,3740.637442
1860.446475,682,3755.071853
2968.29725,620,3769.031359
1866.813909,1000,3789.798375
3351.052895,1000,3810.43721
1600.852739,973,3831.675328
795.131993,679,3846.246485
2745.281583,897,3866.13344
1814.193886,520,3877.215199
1938.171399,1000,3898.545188
1133.817669,451,3909.517955
2497.182555,937,3930.005021
2656.562322,932,3950.553659
1922.698256,908,3970.216111
2134.158919,821,3987.774856
2621.318832,831,4006.470945
1951.537436,823,4023.807277
1804.000086,913,4045.580172
1753.294249,910,4064.059385
2618.030218,1000,4085.90265
3768.801538,875,4103.831155
2157.340743,924,4124.334108
2217.517843,817,4142.753285
2695.333072,872,4161.175745
1625.410099,1000,4183.955184
3401.236964,1000,4205.142606
1458.717718,1000,4227.39956
952.687962,784,4244.577332
2139.798085,1000,4265.882502
3053.220777,912,4285.863429
3851.941422,1000,4307.91357
3023.044774,968,4328.344205
1743.032918,815,4345.858155
1991.425968,1000,4368.579541
3204.958248,919,4387.907155
2928.20546,1000,4410.030595
1795.434887,781,4426.237239
4598.397126,954,4447.171789
4349.44688,1000,4468.60213
2203.862186,894,4490.100604
2790.388544,989,4511.069175
1778.954011,792,4530.426306
1911.940846,898,4549.490628
2026.763686,665,4564.242448
2937.582852,769,4582.452247
2300.59285,677,4597.296874
2416.320829,878,4615.527898
1974.13511,590,4629.318734
2963.969552,788,4646.018823
1450.460143,613,4659.484348
2943.548127,928,4679.72132
2822.218413,761,4696.039581
3221.638739,795,4714.007168
986.016414,732,4729.815266
2555.820865,547,4742.550312
2472.191905,602,4756.647224
1355.84656,564,4770.064518
1587.024572,480,4781.072028
2571.235738,893,4799.773884
1714.05556,565,4813.406291
1705.952354,590,4826.404361
1756.297441,643,4840.300044
1416.383205,624,4856.452113
1157.296625,545,4868.575081
1721.841297,601,4881.302157
1410.290029,761,4898.836104
2241.790386,570,4911.323004
3048.613278,871,4930.23301
3225.814147,874,4949.514527
2010.519355,632,4963.412772
1799.157554,813,4980.805996
2167.5086,884,5000.927799
2460.532178,1000,5021.492833
3448.847461,822,5039.988876
1730.335416,829,5057.384883
1663.249853,942,5078.181471
3273.757134,981,5098.640619
3443.514674,807,5115.680842
1914.455049,694,5131.390829
3816.627292,1000,5152.591418
2702.552668,930,5173.273299
2656.421602,962,5193.615376
2811.112953,770,5211.925287
1646.56138,913,5231.156326
2573.809052,1000,5253.043053
1272.561595,1000,5274.130795
3006.984248,952,5294.821623
2494.490379,1000,5316.177991
2517.643159,1000,5337.548261
2921.911876,1000,5359.674417
1170.064594,1000,5380.69038
2201.593,1000,5403.768615
1710.69049,1000,5424.74716
2834.688752,1000,5447.39722
2278.737214,1000,5468.961333
2855.562305,1000,5491.14772
2292.715165,1000,5512.167365
3275.787667,1000,5535.571982
3239.207084,1000,5556.518595
2530.556527,1000,5578.720964
2140.67783,1000,5599.630101
1483.880513,927,5620.366618
2721.164768,707,5635.382194
3508.76779,1000,5657.638395
1250.548827,1000,5678.770754
1425.291755,543,5690.878776
3864.543806,873,5710.398079
1348.999674,566,5722.373585
2260.423639,881,5743.587001
2575.627994,1000,5765.080388
969.021773,641,5778.968306
1584.901305,1000,5800.959126
1466.352222,887,5819.570314
1405.188585,687,5834.949012
1940.377404,813,5851.90213
2412.649376,562,5863.990063
1102.803154,530,5876.392044
1581.126181,746,5892.085844
1327.91828,640,5905.696727
1777.157102,655,5920.310664
2203.57423,1000,5941.791019
2123.405298,798,5958.728085
1131.241072,486,5970.155806
1255.090804,488,5980.566429
1943.757979,569,5992.687016
1612.508897,490,6003.365456
1674.876562,556,6017.709382
1569.95761,537,6029.777474
2728.82109,601,6043.111529
1250.013182,584,6055.465399
2000.395411,671,6071.032015
2432.387346,631,6084.432745
1454.568159,528,6095.518203
2565.541695,606,6109.33922
1481.404151,778,6125.636393
3397.70637,735,6141.54379
2243.025635,544,6153.984451
1854.278179,875,6172.257434
1276.237932,519,6183.59981
1805.113386,731,6199.837777
923.077051,478,6209.876801
1748.221457,531,6221.254704
1577.506913,540,6232.560537
1416.565403,571,6246.055647
2225.002567,583,6258.196743
1058.625572,709,6274.376978
1324.856323,611,6287.946193
1543.347283,555,6299.871318
1082.596973,467,6309.951411
1584.243386,523,6321.381001
1993.649375,664,6337.157302
2025.655097,472,6347.744902
1565.754048,526,6358.917472
1882.456571,498,6369.717087
2310.306881,615,6383.464356
1152.967087,455,6393.329679
2396.050255,742,6409.056264
1481.825158,479,6420.229343
1573.798636,582,6432.340727
1629.651049,472,6442.476938
1227.627694,690,6456.808119
1892.477618,776,6474.223229
2469.818712,851,6491.519993
1814.483685,750,6508.541375
1363.184961,461,6518.965356
1371.518203,887,6537.207582
865.920015,488,6548.54967
2186.964336,1000,6569.372855
2955.054105,1000,6589.76613
2932.756491,920,6609.87319
3115.132909,1000,6630.307264
1939.497997,699,6646.513156
2264.97431,858,6664.215685
2032.506639,855,6683.130121
3258.084428,975,6703.364857
3398.092656,908,6723.366758
1640.556416,570,6735.268106
2832.619367,989,6755.714942
4014.843352,966,6776.335908
3301.778486,952,6796.321075
2782.332874,1000,6817.408187
2596.83876,1000,6837.947668
2199.106187,924,6858.72441
3005.030428,797,6875.35238
3165.811907,1000,6896.824839
3742.891222,906,6915.749002
2230.340333,1000,6936.028197
3069.486501,1000,6959.625877
3363.09588,568,6971.880605
2626.22757,1000,6993.731063
1738.715115,878,7011.794286
3408.405155,985,7032.789677
3270.544517,967,7052.27615
3655.846261,1000,7074.160171
3907.901388,876,7091.982544
3537.812056,1000,7113.634241
5101.106371,629,7126.968147
3873.699261,1000,7147.579453
2792.103023,858,7167.282784
3124.140462,1000,7188.459915
3919.911422,844,7207.190412
3176.917162,669,7221.759319
3873.606828,864,7239.997208
3567.965737,1000,7262.209727
2919.683021,831,7279.598271
1903.96111,1000,7301.099779
2796.733019,961,7320.764217
3778.622098,858,7340.254968
2502.117815,859,7358.087051
2987.83537,1000,7380.642469
3181.256479,1000,7400.933244
3904.218919,693,7416.722357
2660.885699,776,7434.854611
3931.313997,815,7452.22878
3806.112671,1000,7473.474951
4573.388326,1000,7494.098113
4137.187585,1000,7515.603734
2611.62634,797,7532.390483
2317.319657,1000,7552.496404
3304.785,1000,7574.771431
3989.841295,1000,7595.51191
3434.433592,784,7613.161472
3847.022164,1000,7633.49538
2673.822148,744,7651.542859
2946.227693,1000,7671.706833
3909.746151,1000,7694.283703
3582.26357,1000,7714.813553
3724.292587,1000,7736.563062
3273.410894,1000,7756.911468
2701.749895,894,7776.346174
2940.569929,853,7794.507954
3449.726582,872,7812.829756
3300.56018,1000,7834.199932
3811.878436,868,7852.267446
4453.44055,1000,7875.150838
2185.039499,753,7890.669408
4071.028046,1000,7912.027483
3130.632835,1000,7932.656655
2541.049806,1000,7953.73446
2033.154178,778,7969.802673
1823.471229,662,7983.740359
3806.403609,1000,8007.088994
2628.333705,717,8021.989402
2401.578986,745,8039.154321
4269.131224,1000,8060.323985
2860.440747,678,8074.441186
3174.580253,1000,8095.454398
2744.709376,1000,8115.917233
3154.828612,1000,8137.999761
1826.842938,1000,8158.946527
3399.718023,1000,8180.227891
2596.301973,1000,8200.765272
4275.514141,1000,8222.224612
3501.818724,1000,8242.872365
2590.427312,1000,8264.50948
3619.428507,1000,8284.996953
2830.459545,646,8299.388355
2958.435149,1000,8320.039618
2282.175063,738,8335.645999
3642.50466,1000,8357.371253
3089.614599,1000,8378.692711
3061.5435,1000,8400.138862
3371.947546,1000,8420.477078
2873.880109,473,8431.718164
2282.657268,1000,8452.796507
3295.400059,1000,8474.00042
2421.81544,576,8486.093738
3962.705164,986,8507.120987
1731.122491,412,8517.024606
2574.322692,493,8527.854987
1719.529051,545,8539.890833
2437.231693,449,8550.897721
1563.633433,489,8562.259038
1707.22989,490,8572.698109
1733.893663,435,8582.315374
3365.601071,469,8592.554918
3540.417826,1000,8613.918798
3116.519905,441,8623.688653
3122.147958,488,8635.374925
3113.978464,533,8647.073967
1136.07117,441,8658.373235
3463.96657,1000,8680.183764
3365.36916,514,8691.292546
3176.349188,534,8704.421569
3755.077511,988,8724.567043
1942.735973,430,8734.050019
2405.091482,436,8744.465407
1209.755657,530,8755.72204
3671.616345,1000,8776.435445
2409.915898,779,8793.719101
3064.916012,1000,8814.178973
4158.853227,1000,8836.82331
3488.581787,1000,8857.144956
3477.278944,1000,8878.890777
2231.991612,1000,8899.238083
2928.738919,1000,8921.336473
4646.823183,1000,8942.301595
1859.061275,493,8953.003975
2022.596605,460,8963.918399
2360.577893,688,8978.465086
4221.832083,1000,8999.008372
3737.035932,458,9010.013427
2237.416689,1000,9030.46751
3552.509737,1000,9052.019397
4569.631947,1000,9072.675406
4412.240251,1000,9094.391363
2239.452796,671,9108.433371
3510.937502,434,9118.381511
4072.292194,473,9128.809055
2684.068901,700,9144.767138
2321.871173,503,9155.574847
3011.848235,745,9171.630735
1861.012955,731,9187.742431
3341.672278,774,9204.527238
3077.118979,730,9220.118272
2236.833855,1000,9243.051347
3311.686693,1000,9263.907394
3368.113199,1000,9285.687973
2640.488895,1000,9306.563301
2606.096742,1000,9329.673148
3929.437736,679,9344.251389
4337.972557,1000,9366.504975
2518.518357,1000,9387.125846
4376.044251,1000,9409.040439
3094.019809,1000,9429.396825
3166.986621,1000,9451.246987
2684.585293,1000,9471.866642
3157.971248,1000,9495.142705
2828.089451,1000,9516.016501
3339.972233,1000,9537.540008
4105.382414,1000,9558.411392
5132.123136,1000,9579.302742
3018.446486,1000,9600.849986
3749.424006,1000,9622.275074
4600.341949,1000,9643.858749
3742.11927,1000,9664.934655
3529.676222,1000,9687.766484
3165.044106,1000,9708.498296
4823.718498,1000,9730.909333
4946.721075,1000,9752.971822
3869.844975,1000,9774.587112
3565.479153,1000,9795.714256
4268.328234,1000,9817.722305
4410.697258,1000,9838.661395
3626.23362,1000,9860.395897
4373.18418,1000,9881.725404
3361.894316,1000,9903.603335
4968.945658,1000,9924.545631
5761.231216,1000,9946.091044
4449.396272,1000,9966.829494
5004.961372,1000,9988.729923
5096.223663,1000,10009.848553
3887.826608,960,10031.445493
4026.628059,1000,10053.221469
3282.104973,1000,10075.075444
5545.927053,1000,10096.364247
4049.331829,1000,10119.222851
4400.26196,1000,10140.342466
4388.863422,1000,10163.925371
4099.944149,1000,10185.18027
3502.910596,1000,10208.120639
2933.198425,923,10227.531365
4628.56205,1000,10249.576272
2524.096791,1000,10270.46116
4062.119027,1000,10291.963776
4577.945893,1000,10313.163409
4655.151461,1000,10334.935491
5426.110527,1000,10356.311164
4316.169457,1000,10377.84321
6099.44925,1000,10400.314584
3120.581038,1000,10420.987566
4229.969477,1000,10444.489194
5249.704363,1000,10466.793189
4743.081888,1000,10489.206251
3186.38237,1000,10510.078612
4372.019218,1000,10532.333242
3550.713463,1000,10554.433774
3928.327094,1000,10576.561715
5976.673093,1000,10597.561981
4026.869415,1000,10619.442517
4218.059486,601,10632.49901
3000.888161,1000,10655.037448
4278.451563,992,10676.248494
4009.442016,1000,10698.602911
2921.952596,539,10710.384324
4571.058112,1000,10731.766964
3596.937364,629,10747.310592
2995.26579,1000,10768.812343
3002.486419,570,10781.070626
2775.778343,1000,10803.467022
3715.17076,757,10819.744643
4459.506844,1000,10842.559577
2671.943777,629,10856.068667
1537.540728,510,10867.509184
4540.334286,1000,10889.517484
3249.120875,812,10907.625404
4088.584703,603,10921.610043
3490.117665,1000,10943.98903
3481.426153,646,10958.086921
5421.269854,1000,10981.079397
4482.822559,1000,11002.438882
4006.752315,1000,11026.700469
4697.747087,1000,11047.890408
4438.281517,1000,11070.445757
3378.919826,687,11085.530765
2485.404708,659,11100.051894
4121.31128,536,11113.014583
2837.856285,1000,11135.10559
2318.382347,674,11150.213768
4323.765851,1000,11172.311508
3816.161637,1000,11193.299509
4101.949586,1000,11217.586826
4621.150666,902,11237.908803
4414.059059,1000,11260.980883
3101.190933,789,11277.876935
5158.94693,1000,11301.426661
3708.827258,709,11316.858067
3191.346065,724,11333.0604
4700.14344,830,11351.862815
3727.298741,907,11371.320771
5666.438858,1000,11393.93314
4981.67566,1000,11415.502071
3675.376485,1000,11437.588345
4120.392855,1000,11459.395546
4140.071657,1000,11481.282212
4770.54531,674,11496.395762
3115.89149,1000,11519.36978
3239.580035,594,11532.978627
3228.897552,661,11547.070242
2997.02061,682,11562.777579
3104.552455,556,11574.771007
3484.132147,597,11588.000564
5049.170423,1000,11609.657061
4461.289558,1000,11631.504711
4853.482879,1000,11652.892376
4469.513577,1000,11674.256132
2799.309895,583,11686.725092
4105.068102,1000,11709.230976
3172.397891,1000,11729.786321
6067.039297,1000,11752.310354
4339.453289,1000,11773.186903
5069.128533,1000,11795.489223
3299.184457,1000,11816.12924
4204.978571,1000,11838.261379
3462.91442,1000,11859.194747
2626.660032,1000,11881.706727
4175.78825,1000,11902.426895
4614.236468,1000,11924.901821
2798.329156,454,11934.904464
5290.298652,1000,11956.169213
3336.123767,1000,11978.567625
3457.097448,1000,11999.859698
4416.954075,992,12022.33171
3682.166948,1000,12043.693537
4025.47857,1000,12065.605875
4682.571083,1000,12087.774713
4915.14388,1000,12111.632578
3252.089763,1000,12132.505717
3920.1152,1000,12154.348114
4204.410395,1000,12176.242151
4321.556423,1000,12198.483255
2690.343342,602,12211.848679
4534.576452,1000,12233.486837
6186.102633,1000,12255.262918
5084.970291,1000,12277.636616
3521.62123,1000,12298.806522
4365.952617,1000,12321.853371
5088.068791,1000,12343.413864
5490.69624,1000,12364.742501
5019.647559,1000,12387.064446
4250.315262,1000,12408.550436
4177.430492,1000,12430.961846
3436.342839,906,12450.804715
5966.806558,1000,12473.249858
4030.18851,1000,12494.669235
2784.417269,937,12516.056589
5436.608157,1000,12537.149403
4761.790908,1000,12559.417587
3339.70829,1000,12580.504713
3671.403349,938,12601.307141
4629.905377,1000,12622.423491
4482.548603,1000,12644.403511
4822.935593,1000,12665.24712
4113.149429,1000,12687.559531
2988.219335,1000,12708.287241
4007.657762,1000,12731.021463
4039.053929,1000,12752.072204
4837.296331,1000,12774.388602
4511.371468,1000,12795.568806
5523.674506,1000,12820.209026
5413.601327,1000,12841.804546
4049.570756,1000,12865.46963
4094.406739,1000,12886.873914
4636.812394,1000,12909.104813
4085.001313,1000,12930.073703
2988.521875,1000,12952.192912
3232.269862,1000,12973.07239
4087.948136,1000,12996.129568
3940.591923,1000,13017.678901
4562.941943,1000,13039.669631
4476.040101,1000,13061.293993
4893.543747,1000,13082.007162
4117.396846,1000,13103.99964
3369.037041,1000,13124.892971
3318.959077,1000,13146.425317
3243.054758,1000,13167.44462
4030.331323,1000,13191.072206
3565.932642,1000,13212.020756
4554.871079,1000,13235.297518
2821.467794,569,13247.703705
1581.90026,445,13257.481977
5019.665939,1000,13280.133074
3714.972003,1000,13301.367198
3476.137137,1000,13324.095788
4773.841586,1000,13345.359159
3647.502531,1000,13367.927728
2901.078112,550,13380.372621
4217.162413,1000,13402.362366
4532.245532,878,13421.119094
2166.237366,407,13430.851757
2255.207688,463,13441.008699
5577.207358,1000,13465.601187
2150.242958,470,13475.816224
3600.233145,1000,13498.403468
4452.542173,765,13515.155414
4749.769759,946,13537.490121
3016.091774,692,13552.182095
4056.318245,1000,13573.376824
3726.410715,639,13588.135929
3760.435962,501,13599.704942
4233.161209,1000,13620.576524
4094.476991,779,13638.710183
2677.087625,522,13650.68484
2279.933874,487,13661.62061
4008.137857,1000,13684.934602
2618.63672,845,13703.213228
3950.177376,750,13720.480287
1969.353308,569,13732.88891
3457.750807,1000,13754.092648
1886.046566,526,13766.502675
4084.012843,1000,13787.422431
1663.369223,388,13796.076617
3599.326336,1000,13818.420673
4040.370641,725,13834.733001
3661.568111,1000,13856.713218
1827.369606,356,13864.737888
3065.283279,821,13882.537263
2978.810102,1000,13905.11337
4720.172693,1000,13926.649163
2302.589359,424,13936.01414
3928.176475,1000,13957.714479
3780.173342,728,13973.696274
4700.809809,1000,13995.70189
868.350467,265,14001.971063
4070.927201,1000,14022.811365
5421.02696,1000,14045.12599
3138.680923,544,14057.087731
3096.492061,514,14068.634078
3482.75626,1000,14090.00217
2242.455468,355,14098.214467
2982.659409,609,14111.831779
3280.293147,1000,14134.88976
3576.33501,1000,14156.441405
4700.401012,1000,14179.16275
1713.006031,382,14187.731714
1692.132093,350,14196.049048
4211.014156,1000,14218.128834
4620.123558,1000,14239.537909
1846.123754,412,14248.554413
4257.360183,1000,14271.056143
3270.824729,820,14288.089505
2427.046771,720,14303.342739
4953.093694,1000,14325.516921
1996.271221,705,14340.728408
3601.426978,480,14352.53498
3348.176807,1000,14373.169289
1921.483468,433,14382.678233
4483.385848,1000,14404.838159
4958.522239,1000,14426.233259
3867.036317,1000,14448.282956
5387.531683,1000,14469.83022
5765.997995,1000,14492.757195
5688.157348,1000,14514.219516
2362.931672,676,14528.675963
3920.045787,1000,14550.868652
3779.621709,938,14570.614299
3549.801688,1000,14591.907468
4673.235699,1000,14612.854769
4145.129534,1000,14634.726726
3594.223447,1000,14655.916351
2717.583909,473,14667.226284
4165.219341,1000,14688.696066
6583.810699,1000,14711.81601
4760.373493,1000,14732.568796
4691.610645,1000,14756.157179
3464.688298,1000,14777.8635
4729.28543,1000,14799.787366
4105.492067,1000,14821.240724
4618.881361,1000,14843.202574
3942.398627,1000,14864.436665
6789.684322,1000,14885.767488
4355.772708,1000,14908.126055
4613.668364,1000,14928.856193
6376.367193,1000,14951.436763
4300.876759,1000,14972.284414
4776.489023,1000,14995.537907
4365.423583,1000,15016.102477
3908.400819,1000,15038.855855
3709.452857,1000,15060.579006
4871.836301,1000,15082.568409
4051.107905,1000,15103.658781
4108.422859,1000,15126.010236
4641.942731,1000,15147.295266
4557.341989,1000,15170.319224
5220.080658,1000,15192.544583
3724.375758,1000,15215.326449
5887.28263,1000,15236.587374
4838.829409,1000,15258.792966
4053.601421,1000,15280.023319
4509.766457,1000,15302.247829
4931.876426,1000,15323.504539
4227.644088,1000,15346.863981
5022.596315,1000,15368.400624
3642.97856,1000,15391.061479
3898.418869,1000,15412.508678
4518.290119,1000,15435.39413
4473.100526,1000,15456.964209
3536.731488,1000,15479.155797
4008.996551,1000,15499.738007
3980.396786,1000,15522.007924
5561.467927,1000,15543.628575
4456.461977,1000,15565.764461
3697.552682,1000,15586.520351
4207.324723,1000,15609.098974
3216.611785,1000,15630.43909
4692.480597,1000,15653.586718
3845.314563,1000,15674.228981
4035.571871,1000,15696.815648
4163.854426,1000,15717.685505
5097.954964,1000,15740.377633
3982.529597,1000,15761.507055
3760.106266,1000,15784.39233
4108.61512,1000,15805.712132
3939.921031,1000,15827.322618
4183.370818,1000,15849.892495
4508.858281,1000,15872.0251
3881.82904,1000,15896.614341
3424.139576,1000,15917.758981
2801.497495,1000,15939.577771
4411.575057,1000,15962.475203
2794.014382,1000,15984.566929
3731.078163,1000,16007.065981
4505.927892,1000,16030.637431
4187.556699,1000,16053.082688
5540.960372,1000,16076.028165
3532.89277,1000,16097.107452
3022.041007,1000,16118.662094
4514.911423,661,16133.848299
4079.162363,1000,16156.351698
3958.65308,1000,16178.958527
4708.228622,1000,16202.18521
3368.699989,1000,16223.703431
2936.103708,1000,16245.401037
3489.763208,1000,16267.064639
3768.155932,642,16281.313156
4038.520825,1000,16303.435192
2813.941189,1000,16324.87449
5330.124381,1000,16347.951666
3875.007925,1000,16368.919346
3771.290299,1000,16391.400541
4093.224306,1000,16412.746813
3886.628353,452,16424.022424
3991.681508,1000,16445.698071
4088.360496,726,16462.229953
3509.792876,1000,16485.774128
3657.179272,658,16500.584316
3291.557757,1000,16522.261235
3948.679115,1000,16543.613975
3304.016101,1000,16566.758642
3820.037702,1000,16588.152314
4181.968628,1000,16610.702815
3741.377067,1000,16632.068139
4598.405126,1000,16654.266585
4936.429577,1000,16676.206098
3828.129911,1000,16698.469166
4018.303816,1000,16720.137066
3159.964397,1000,16742.048545
3403.079098,1000,16763.510779
2947.368235,1000,16785.65902
2649.350717,1000,16806.689764
5397.97782,1000,16828.778355
4962.549591,1000,16850.211892
4341.939303,1000,16874.404421
4193.425825,1000,16895.473147
4262.460911,1000,16916.813983
3876.662105,1000,16939.821015
4760.143957,1000,16961.026197
3783.09877,1000,16984.559938
3332.844561,1000,17005.380403
3100.131882,1000,17027.863253
4461.930915,1000,17049.254468
3953.096142,1000,17071.373831
2491.952162,1000,17092.250235
4997.795959,1000,17114.83184
2765.749276,1000,17135.755921
3898.596026,1000,17158.97228
2926.570638,1000,17179.614356
3204.062638,1000,17202.501053
2628.94032,1000,17223.812263
4631.855577,1000,17246.421487
3668.176163,1000,17267.644427
4069.144499,1000,17291.34936
2807.298285,1000,17313.067905
3857.972551,1000,17335.575815
4646.073945,1000,17356.651636
4849.43756,1000,17379.40301
3955.191377,1000,17401.853505
3962.48546,1000,17424.282636
3209.855442,1000,17445.56206
3478.039797,1000,17468.532528
4205.455735,1000,17490.890063
3051.290818,1000,17512.857477
3902.680922,1000,17533.75974
4338.012416,1000,17556.158679
4557.107416,1000,17577.69891
3804.27554,1000,17599.846216
3186.870959,1000,17620.984519
4779.857817,1000,17643.660285
4244.927512,1000,17665.331464
3448.240225,1000,17687.48349
4311.102709,1000,17708.76096
3867.628474,1000,17730.617635
4757.162084,1000,17752.443742
4217.808469,1000,17774.645978
3994.502625,1000,17796.780715
3903.771636,1000,17819.14728
3361.150134,1000,17840.020498
3309.182522,1000,17860.939844
4516.606073,1000,17884.811561
4356.772419,1000,17905.975426
3841.896167,1000,17927.60951
3021.656201,1000,17948.99685
3887.100251,1000,17970.853579
3912.877878,1000,17992.987709
4037.730308,1000,18016.282973
2782.094022,1000,18036.947864
2689.567044,1000,18058.65994
3646.934875,1000,18079.970668
4187.591819,1000,18102.703296
3785.759933,1000,18124.220663
3686.913205,1000,18146.219844
3726.045312,1000,18168.031728
3507.317235,1000,18189.804635
4234.773319,1000,18211.186299
3554.501846,1000,18233.173769
4037.954522,1000,18254.447301
3096.460848,1000,18276.145374
2977.99855,1000,18297.646128
4772.418169,1000,18320.697512
4055.647739,1000,18341.963379
4160.359717,1000,18364.279718
3301.110267,1000,18384.967841
3579.837724,1000,18406.578111
3334.655775,1000,18428.359693
3975.536569,1000,18450.918422
3975.661932,1000,18472.051331
4414.178676,1000,18494.90168
3599.425825,1000,18516.968624
4875.589239,1000,18541.048187
3357.201756,1000,18561.716354
4422.404813,1000,18584.179505
4991.373518,1000,18605.649945
5224.717873,1000,18627.916626
3987.285048,1000,18649.566772
3637.621539,1000,18670.754922
4710.384068,1000,18692.119419
3543.109362,1000,18713.876354
4361.425771,1000,18735.113174
3778.079008,1000,18756.532332
2994.300469,1000,18777.544543
4284.535834,1000,18798.518094
3344.833975,1000,18820.660876
4014.288911,1000,18842.370416
4497.797457,1000,18864.791139
3742.796921,1000,18886.01064
3388.374002,1000,18908.26962
5382.925375,1000,18929.45311
4041.858189,1000,18951.967439
3627.791331,1000,18972.558867
3417.679592,1000,18994.295527
3940.376418,1000,19015.477102
5011.721355,1000,19037.603285
3779.869609,1000,19058.572565
2974.481142,1000,19080.105871
3924.355111,1000,19100.492474
4125.174134,1000,19122.601937
5604.072525,1000,19143.844438
3726.067549,1000,19165.392218
5175.135998,1000,19186.028587
3912.227683,1000,19208.087821
3140.92372,1000,19228.54898
4856.925798,1000,19250.6725
4606.168209,1000,19271.692703
4044.551848,1000,19293.340404
3508.856876,1000,19313.758271
3820.536057,1000,19335.543611
5114.051772,1000,19356.258934
4077.66158,1000,19378.224603
4940.201454,1000,19398.827215
4485.531108,1000,19420.296781
4918.357751,1000,19440.951334
4033.890028,1000,19462.787758
3908.67265,1000,19483.340296
3940.657188,1000,19505.225812
5075.761785,1000,19525.862505
4265.07251,1000,19547.79423
3724.48676,1000,19568.526604
3184.95174,1000,19590.103111
3106.099635,1000,19610.429063
4323.968566,1000,19632.628059
3492.357312,1000,19652.971944
4050.180746,1000,19674.502446
3907.369772,1000,19696.006398
3895.827959,1000,19717.495153
3436.845264,1000,19738.684828
5221.015173,1000,19760.001106
3888.082907,1000,19781.818309
4452.703309,1000,19803.402555
4092.690051,1000,19824.600878
3019.329289,1000,19845.369852
3117.252155,1000,19866.561459
4409.541182,1000,19887.450408
3956.392578,1000,19909.168532
3767.020488,1000,19929.691844
3890.553136,1000,19950.930531
4547.970876,1000,19971.899874
4923.968909,1000,19993.705997
3474.246046,1000,20014.284131
4966.874836,1000,20035.920719
3236.755722,1000,20056.310968
3224.398909,1000,20077.472541
3083.47901,1000,20097.917226
4013.024581,1000,20119.647834
2655.927772,1000,20139.922354
4871.208396,1000,20162.219048
4352.872659,1000,20183.356049
4315.381853,1000,20205.242673
2915.746093,1000,20225.764363
3343.507167,1000,20247.214187
3978.634063,1000,20268.242941
3788.858507,1000,20289.847022
2889.310297,1000,20310.961258
3972.588685,1000,20332.642457
4613.493334,1000,20353.51265
3541.153664,1000,20374.899543
3030.773862,1000,20395.541987
3355.721907,1000,20416.854585
3272.967397,1000,20437.41716
2969.832866,1000,20458.3899
3518.196151,1000,20479.248646
3262.143639,1000,20500.303032
4234.246091,1000,20521.668349
3521.854902,1000,20542.994466
3615.870683,1000,20563.439008
3712.039036,1000,20583.769329
5062.1004,1000,20606.042679
4244.595334,1000,20626.377567
3918.814088,1000,20648.535808
5030.73963,1000,20669.137691
3803.16703,1000,20691.249392
5087.425424,1000,20711.814864
3196.268517,1000,20733.610775
4633.283605,1000,20753.981301
4571.676032,1000,20775.675195
3878.948602,1000,20796.185686
3600.386835,1000,20818.740866
4566.636359,1000,20839.17608
3747.355742,1000,20861.41109
3477.280585,1000,20881.842746
3558.200429,1000,20903.529533
4203.426393,1000,20923.732606
3289.742211,1000,20945.830433
4478.359018,1000,20966.41273
3056.366323,1000,20987.77766
3023.934315,1000,21008.133149
3594.91682,1000,21029.490942
3142.511243,1000,21049.47537
3820.039242,1000,21071.477281
4446.794636,1000,21091.712199
3084.025789,1000,21113.225557
4070.672848,1000,21133.845615
4928.421731,1000,21155.48041
4138.951849,1000,21176.063652
3930.754921,1000,21197.567168
4768.17792,1000,21218.077204
3370.443343,1000,21239.674447
3716.103813,1000,21259.896682
4043.558001,1000,21281.424693
4573.709132,1000,21302.089337
4123.916825,1000,21323.559147
3163.633393,1000,21343.622136
4645.27684,1000,21365.254092
4024.247808,1000,21385.286261
4018.204571,1000,21406.628783
3544.103595,1000,21426.942756
5023.217553,1000,21448.414262
4543.030407,1000,21469.339469
2421.189192,945,21488.575432
2757.031571,1000,21509.711686
4607.32349,1000,21530.343385
