#{"t_start": 1642724453.5253427, "env_id": null}
r,l,t
47.757604,51,2.430298
60.90757,338,12.708704
396.690247,283,21.350235
15.383312,89,24.812651
20.886938,53,27.209
154.713592,414,39.441552
31.068517,56,41.930274
24.412544,41,44.297179
85.211797,79,47.429243
151.491285,169,53.109922
89.934015,107,57.054997
108.487996,207,63.790669
108.347863,97,67.41911
17.308525,52,69.814227
33.746628,46,73.473627
153.529566,572,90.453195
21.47441,78,93.551957
10.493772,48,95.82581
73.37009,142,100.673192
4.362,39,102.6712
14.160995,81,106.209666
15.41013,60,109.010561
173.022748,212,115.839435
304.257414,201,122.290859
140.95006,597,141.245842
108.862017,96,144.943782
1380.71764,1000,175.141371
47.855211,62,177.769238
918.160185,882,205.49822
171.286948,295,215.055785
31.181264,68,217.966171
16.178858,49,220.886448
71.815718,201,227.80574
34.049621,56,230.575722
67.33374,57,233.433567
82.80483,104,237.235
12.064456,59,239.785522
13.117503,112,243.880944
13.927781,64,246.68608
53.891389,55,249.140424
32.488679,43,251.268662
16.356339,67,254.089556
307.992987,460,267.910247
17.560786,63,270.561136
12.156242,65,273.277903
70.930663,129,277.724042
1090.196013,613,297.850834
16.248194,36,299.772787
22.08974,52,302.247971
40.766603,59,304.798009
60.842541,64,307.648706
59.643498,59,310.278544
173.284143,269,318.736553
101.138203,164,324.277294
18.10192,39,326.345523
151.102578,769,348.747207
49.012635,77,354.002716
109.063389,288,363.086788
43.131083,318,372.885605
941.006527,380,384.342438
375.000108,381,395.886661
582.890637,614,414.955453
348.273424,326,427.086883
382.112215,275,435.890506
2.251111,46,438.088254
226.527279,259,446.17669
813.711963,601,464.881945
44.177236,62,468.035354
18.938135,29,469.783859
170.452327,254,477.634778
162.934331,131,482.392352
24.748349,140,489.127747
468.705117,310,499.623117
263.595916,518,514.843998
86.283689,194,521.259564
91.710625,171,526.983097
95.875393,174,533.052079
1162.066805,680,554.997661
307.2907,528,570.875449
692.552282,496,585.959462
171.924733,272,594.768905
1276.0446,746,618.763284
794.227445,662,638.490582
905.621982,568,655.618673
1094.962336,733,677.488726
37.474382,99,682.267196
123.260459,532,698.130367
2560.287721,1000,727.415721
89.743157,103,731.306115
695.044637,1000,761.65973
1131.598622,1000,791.747914
446.989737,612,812.662067
726.931425,429,826.474099
114.490584,103,830.239306
71.580451,87,833.865605
265.519138,309,843.39346
1099.93811,510,859.395936
1418.38692,662,881.705095
363.143114,259,890.13133
226.100981,189,896.529052
199.586733,140,901.442921
320.797813,565,919.549663
383.984298,210,926.485614
711.493106,376,938.318069
1784.781818,1000,969.881493
522.494355,160,975.399805
412.244152,256,983.661768
1616.892328,950,1012.857193
1568.494045,784,1035.919205
1293.825104,549,1052.473548
17.738858,37,1054.553306
1028.532582,1000,1085.508628
633.10259,1000,1115.325669
982.472276,307,1125.391499
2254.207195,1000,1156.639428
745.03189,419,1169.819492
236.223565,176,1175.679468
1164.754701,402,1188.020894
2258.225164,783,1213.721894
1310.800783,969,1241.601984
786.449736,396,1254.098722
382.478117,771,1278.349879
2884.37371,1000,1308.038004
205.651887,188,1314.418525
1901.761287,1000,1346.460363
1330.833629,1000,1375.952097
89.76785,67,1378.913685
438.475841,238,1388.3953
807.753835,1000,1418.122459
2840.88204,1000,1449.657851
1238.853922,1000,1480.109801
838.730803,906,1507.412533
1087.137557,238,1517.186208
1203.469419,1000,1547.397487
2228.43562,1000,1579.651602
768.714565,612,1598.007164
2206.094089,1000,1629.105671
1179.159372,1000,1659.966565
742.383499,371,1672.966094
2169.768575,1000,1703.245092
1577.785496,384,1716.490643
2412.515021,1000,1747.062581
2788.377895,1000,1778.496711
2211.470396,1000,1809.012387
2456.959107,1000,1840.918614
40.401007,44,1843.050061
879.195938,1000,1872.557538
1339.670521,1000,1906.43213
914.272545,440,1920.605421
2143.615752,1000,1952.61232
1994.137769,1000,1983.706073
1412.71347,461,1998.551411
2216.610705,1000,2031.009389
529.844992,193,2037.606845
1757.650885,959,2067.552484
2095.116747,1000,2099.649995
559.734257,363,2111.485653
459.315574,190,2118.366073
1303.935797,1000,2149.185603
1269.136678,456,2165.058543
1035.125051,298,2174.698139
1260.490324,565,2192.228926
1226.210775,444,2206.090592
2131.804805,1000,2237.867661
364.299251,274,2246.725529
722.223513,511,2262.950844
1217.798203,594,2281.291636
1304.24499,805,2306.77323
2788.91237,1000,2337.446463
2324.592819,1000,2369.34006
528.323609,321,2379.991875
1788.075095,549,2397.076681
771.493101,342,2408.026548
2933.742923,1000,2439.2584
838.115299,305,2449.284095
1953.086524,1000,2480.158754
2350.693544,1000,2511.341088
365.164262,223,2518.867582
2930.092052,1000,2550.256874
1692.820142,1000,2581.522799
1776.614866,1000,2614.29705
2153.231331,1000,2644.975694
2218.417917,1000,2675.149659
2787.9463,954,2707.993625
1840.796288,1000,2737.814296
1921.407229,1000,2769.941511
2573.246416,1000,2801.040984
1445.779728,708,2825.248461
3530.771936,1000,2856.346725
2545.435145,1000,2889.967699
3529.992777,1000,2920.316801
3275.528979,1000,2952.352886
2245.995695,1000,2982.918797
2609.944871,1000,3014.525726
2267.597624,1000,3045.036977
3035.577916,1000,3077.29753
3123.940933,1000,3108.943307
2720.634967,1000,3141.427747
2818.83162,1000,3172.623886
2830.230383,1000,3205.617023
88.120515,84,3208.937131
2431.051404,1000,3240.413429
2337.260286,1000,3272.565577
1882.08258,1000,3302.896079
4284.431935,1000,3335.484696
3068.151911,1000,3366.200905
3060.616622,1000,3397.654845
3065.572014,1000,3429.464435
2518.786367,1000,3461.656258
2834.418899,1000,3494.365274
2284.817087,1000,3525.386846
163.681685,148,3530.488993
2932.619544,1000,3561.399659
3339.702763,1000,3592.465584
3026.30861,1000,3622.49034
2551.311469,1000,3653.915647
2510.153508,907,3681.832983
2892.902398,1000,3713.810952
2454.187494,1000,3745.0649
1451.232819,253,3753.30051
3897.654553,1000,3785.473627
2147.5518,1000,3816.525751
2648.614632,695,3837.878822
899.159305,249,3847.229322
1446.163979,283,3856.385844
2314.458606,793,3881.510051
1976.377159,875,3908.839731
3053.274534,1000,3940.595537
1668.792893,1000,3971.873991
2425.679222,759,3998.651468
3053.120222,1000,4029.15327
3049.033219,1000,4061.668975
3056.413974,1000,4091.942464
1634.327095,751,4115.956042
2509.102947,1000,4147.656908
3623.98459,1000,4179.073106
3021.110175,1000,4211.03359
3068.867129,1000,4242.8433
3109.676847,1000,4275.851988
3317.313285,1000,4308.358519
2637.085473,893,4338.55527
190.210944,81,4341.747752
3521.472358,1000,4373.8664
3263.972969,1000,4405.871822
2241.248034,676,4427.114788
915.791556,321,4439.43032
2561.373703,850,4469.736136
2780.320248,1000,4500.586548
2588.704472,1000,4535.5379
3524.523302,1000,4566.491019
3372.578377,1000,4601.618743
2885.516289,1000,4632.796297
2724.170443,1000,4666.913197
2984.186649,1000,4699.723973
3302.126514,1000,4733.618665
3303.054469,1000,4765.430578
3279.480481,1000,4800.942258
3449.693498,1000,4832.196962
3582.21846,1000,4866.94457
2706.541492,1000,4896.950729
3836.839631,1000,4932.829062
2216.944905,798,4957.50003
1973.308558,1000,4993.246994
3224.821473,1000,5025.759124
835.175053,318,5035.98101
2833.333326,1000,5068.684611
1424.028539,557,5086.539237
3669.898384,1000,5117.913469
3293.13568,1000,5150.739394
2880.55254,1000,5183.046999
3019.585027,1000,5218.050579
3625.859802,1000,5252.510346
3532.788393,1000,5286.247537
3824.136826,1000,5320.907967
4039.925095,1000,5351.451685
3592.23676,1000,5383.508963
3674.27761,1000,5415.151892
1306.293939,444,5430.877985
2931.301716,1000,5463.058077
3236.3142,1000,5494.87345
4684.910356,1000,5528.231726
4525.746269,1000,5559.053978
2808.460495,1000,5591.403509
3124.616649,1000,5622.912645
3320.500019,1000,5655.373945
3911.598396,1000,5685.785744
2697.198766,1000,5718.731053
4104.985041,1000,5749.063782
3100.450314,1000,5781.978211
3047.620446,1000,5813.831026
2915.916046,1000,5846.126686
3418.823418,1000,5877.509863
3497.86512,1000,5909.533203
3310.188923,1000,5941.018996
2789.537868,1000,5972.65152
3898.001948,1000,6005.660293
3553.876623,1000,6037.457401
3253.047568,1000,6070.126032
4050.636632,1000,6105.23586
3271.271791,1000,6137.390767
3791.441972,1000,6168.810728
3928.846992,1000,6200.789057
3748.648931,1000,6232.120156
3782.739014,1000,6264.565888
2983.70408,1000,6295.445393
3419.033144,1000,6328.018642
3282.494882,1000,6359.648538
3523.756369,1000,6391.623591
3288.9188,1000,6423.230166
4147.015052,1000,6456.648249
3424.037881,1000,6486.941856
3528.4339,1000,6519.536288
3897.972469,1000,6550.464037
3847.356973,1000,6585.288386
3743.415511,1000,6616.289896
3200.133455,1000,6649.21452
3447.79513,1000,6679.765259
3817.314714,1000,6714.332097
4143.444843,1000,6744.428926
3579.980967,1000,6776.34387
3152.390794,1000,6807.636548
3621.362039,1000,6839.246596
3958.659588,1000,6870.358263
3071.492418,1000,6904.261043
4128.590404,1000,6936.326982
3493.854762,1000,6969.832666
4392.007275,1000,7005.433614
3192.973703,1000,7036.75407
3865.24214,1000,7068.411183
4135.230948,1000,7099.994638
3923.086924,1000,7134.500451
4299.397124,1000,7166.410555
3967.261778,1000,7202.347513
3754.849808,1000,7234.747755
3070.799527,1000,7265.036239
3818.2362,1000,7297.316519
2994.940626,1000,7326.783667
3645.122356,1000,7357.259426
3164.65479,1000,7389.864006
3712.212851,1000,7420.799082
4041.712669,1000,7451.947635
3525.798129,1000,7483.649534
3403.385241,1000,7514.555604
2985.464506,1000,7549.282071
3852.317869,1000,7581.240597
3101.149899,1000,7615.001777
3791.823985,1000,7646.952023
4114.380669,1000,7677.708628
3764.414924,1000,7709.653451
3665.165541,1000,7744.080082
3848.662655,1000,7776.79367
3400.446771,1000,7810.247725
5313.974308,1000,7842.631197
5054.811777,1000,7873.292255
4458.475977,1000,7907.215273
3925.79376,1000,7938.099701
3289.719318,1000,7970.630881
3648.925269,1000,8001.333977
4640.481543,1000,8035.585276
4139.053755,1000,8068.334133
5398.568432,1000,8101.326344
3988.774449,1000,8133.834712
3503.886871,1000,8167.595628
5329.096759,1000,8200.046153
3252.458984,1000,8235.05609
3977.844901,1000,8266.601866
4183.112139,1000,8299.388766
5309.779151,1000,8329.881373
4550.789078,1000,8362.747639
4352.798821,1000,8393.749927
6581.851295,1000,8426.235512
6736.086347,1000,8458.840478
4023.05215,1000,8491.927952
5043.144008,1000,8522.057942
4933.718084,1000,8554.660675
4251.997151,1000,8585.627917
6740.487001,1000,8617.743107
4972.401796,1000,8647.352897
4209.534623,1000,8679.831031
5932.573582,1000,8710.93621
3222.247885,1000,8742.011096
4966.938251,1000,8774.376029
3805.922633,1000,8805.384741
4557.349849,1000,8839.047464
4100.880362,1000,8871.304255
4495.874252,1000,8908.260721
4586.092238,1000,8940.369016
4723.968518,1000,8974.312646
4523.61202,1000,9007.710951
4402.328162,1000,9042.36582
5321.87562,1000,9074.510561
4540.516301,1000,9109.195374
5222.278031,1000,9141.62443
3857.922142,1000,9174.7342
4644.020662,1000,9206.327322
5511.721719,1000,9239.597
4467.44135,1000,9270.492471
4688.597258,1000,9303.483704
6290.601364,1000,9336.439476
3992.935881,1000,9370.714264
5179.263746,1000,9403.89369
6422.257997,1000,9436.560608
4838.396854,1000,9468.289503
4572.655058,1000,9500.187864
5407.147182,1000,9532.278314
6252.211853,1000,9565.144251
5052.294041,1000,9598.455455
5446.154764,1000,9633.776617
4421.575047,1000,9665.519101
4133.166898,1000,9698.932095
5658.269212,1000,9730.590029
4706.689111,1000,9762.69711
5298.132391,1000,9794.238283
5165.785038,1000,9826.82611
5107.242648,1000,9858.703196
3752.555463,1000,9893.321311
6519.982901,1000,9924.399224
6036.240906,1000,9957.423961
3791.228791,1000,9988.656044
5671.419866,1000,10022.252264
5288.055785,1000,10053.751065
5137.779965,1000,10084.860613
5242.885193,1000,10118.576878
5296.845561,1000,10149.739736
6143.360983,1000,10184.076814
5517.672068,1000,10215.221851
5396.809859,1000,10250.528393
4697.151109,1000,10281.853631
5332.31531,1000,10314.149278
4736.035608,1000,10345.052452
6236.13803,1000,10378.76808
6603.895096,1000,10409.38179
4752.91701,1000,10442.582925
5333.600311,1000,10473.964869
4147.21295,1000,10505.477954
5159.357685,1000,10536.717959
6452.785015,1000,10569.921657
8078.41218,1000,10602.958989
5596.237627,1000,10636.465701
5578.212781,1000,10671.114549
4417.646325,1000,10704.073707
5154.647422,1000,10736.687457
3897.3012,1000,10769.075996
4913.330644,1000,10800.953624
6093.692354,1000,10833.134718
5944.088931,1000,10865.818642
3607.526092,1000,10899.150585
4852.129,1000,10931.430167
4687.690801,1000,10965.465431
6216.586177,1000,10998.541204
5441.926424,1000,11034.514349
5258.224037,1000,11067.775471
3111.184808,1000,11103.66876
4796.520847,1000,11137.037546
6294.035117,1000,11169.535477
5131.577211,1000,11200.619938
5484.84409,1000,11235.160699
5043.002965,1000,11267.96976
5242.372174,1000,11300.764804
3969.212358,1000,11332.847857
5361.977418,1000,11367.20485
5712.208708,1000,11397.837379
5322.958771,1000,11431.477138
7517.211324,1000,11462.107306
5371.346753,1000,11495.16359
5258.022093,1000,11527.623199
6111.318245,1000,11557.603304
6809.70767,1000,11589.998955
4041.96953,1000,11620.815462
3582.74133,1000,11653.990396
5759.790495,1000,11684.576799
6114.295182,1000,11716.792946
5575.817667,1000,11747.051111
6981.700071,1000,11780.411087
3048.351096,1000,11810.886963
5313.43813,1000,11843.658718
5458.667171,1000,11874.674185
5948.463513,1000,11908.824808
6380.550747,1000,11938.805987
8177.005528,1000,11971.540849
4005.066245,1000,12001.583727
6478.736731,1000,12033.780092
6437.801834,1000,12065.207798
6341.984526,1000,12098.771821
6247.099063,1000,12128.938667
5393.304187,1000,12161.668386
7629.986878,1000,12192.29769
4720.84687,1000,12225.404571
7167.125992,1000,12255.338045
5750.883287,1000,12288.195429
7069.451425,1000,12318.68997
5729.361005,1000,12350.543134
5929.15709,1000,12380.848519
6595.846882,1000,12413.236415
4989.328248,1000,12444.52689
5496.628199,1000,12477.485337
7900.714484,1000,12508.605294
6409.931387,1000,12540.712533
8601.328409,1000,12573.085993
4348.272857,1000,12604.941721
7888.863632,1000,12634.758124
5499.733737,1000,12667.197927
6407.041969,1000,12698.016448
5805.154416,1000,12730.155391
7261.835541,1000,12760.526542
4837.330849,1000,12793.992095
6941.054938,1000,12825.142085
6136.007999,1000,12855.943592
5116.204323,1000,12888.400024
6487.964894,1000,12918.574363
5595.614498,1000,12950.635286
6606.837919,1000,12982.53887
4470.038175,1000,13014.612849
7237.695829,1000,13044.229872
6977.538826,1000,13076.690604
8203.009449,1000,13107.315301
6742.183469,1000,13138.875856
6858.113876,1000,13170.274364
4229.822955,1000,13203.072204
6908.690127,1000,13234.079345
6334.916603,1000,13266.191518
6722.654052,1000,13297.701565
6541.232737,1000,13329.720315
5000.047779,1000,13360.531501
6622.766563,1000,13394.11972
7037.431535,1000,13425.810772
4481.152179,1000,13459.353673
7499.14301,1000,13490.101739
6036.358635,1000,13522.949401
5635.543396,1000,13553.403061
5015.783355,1000,13585.628121
6555.014929,1000,13616.075285
7359.914074,1000,13648.397364
6642.867565,1000,13679.325763
6020.359322,1000,13711.948313
4926.740483,1000,13742.669176
5781.663938,1000,13775.967485
6102.985584,1000,13806.200538
6882.82528,1000,13839.429303
6302.52912,1000,13869.635531
5219.303933,1000,13901.121145
6467.300093,1000,13933.10091
4661.267192,1000,13964.762734
5521.388523,1000,13996.074357
5610.873737,1000,14027.739159
6223.003426,1000,14061.475351
7123.33432,1000,14093.104839
5933.494893,1000,14127.094388
6665.607065,1000,14158.581953
2739.388173,1000,14190.140328
7256.182212,1000,14220.558403
6394.640676,1000,14254.99044
6971.226126,1000,14286.022891
4962.631808,1000,14319.521664
6215.198437,1000,14349.774592
5164.48986,1000,14382.291124
7364.270861,1000,14412.938031
3306.443725,1000,14444.795963
7939.599476,1000,14475.396936
7505.96639,1000,14506.78931
6352.206527,1000,14538.014175
4969.679586,1000,14572.281625
7259.613366,1000,14602.787473
5643.339204,1000,14634.975987
6561.116679,1000,14666.532957
4389.914163,1000,14699.657929
6271.238913,1000,14730.124135
8417.058914,1000,14762.371401
6925.18197,1000,14792.929569
7597.885056,1000,14824.29711
5191.920624,1000,14855.006994
6838.67968,1000,14886.384162
5090.879543,1000,14917.008221
6076.265557,1000,14950.605658
6679.369977,1000,14981.794277
7697.088042,1000,15014.606357
6198.478437,1000,15045.468987
6733.148163,1000,15077.569985
5167.717436,1000,15108.193752
8069.533561,1000,15139.930092
5879.33865,1000,15170.294909
6804.360355,1000,15202.861298
5922.642009,1000,15234.594912
7908.941341,1000,15265.631444
7199.886518,1000,15296.894382
3884.425921,1000,15328.722336
4541.301345,1000,15359.707427
6969.143567,1000,15391.268229
7513.237538,1000,15421.476863
6761.043823,1000,15454.280905
7311.401678,1000,15484.517583
7782.165042,1000,15515.92057
5662.467882,1000,15546.864899
4963.69272,1000,15577.225661
7129.101743,1000,15609.187452
8233.117863,1000,15638.888861
5406.274502,1000,15671.105816
5984.206164,1000,15701.699756
8582.499028,1000,15736.360779
5579.309451,1000,15766.910879
4549.538948,1000,15800.66188
7082.200078,1000,15830.962472
5089.901162,1000,15862.999576
7271.596181,1000,15893.189551
7728.944176,1000,15925.219376
7016.952951,1000,15956.58395
7826.090953,1000,15987.64089
5765.124109,1000,16021.725129
6372.203365,1000,16053.686558
7361.607533,1000,16086.636672
7211.461537,1000,16119.235365
6301.588282,1000,16149.96426
8176.829001,1000,16180.913661
6408.365674,1000,16211.470822
5436.455355,1000,16243.096962
6461.536169,1000,16275.124749
7583.437172,1000,16307.066717
6715.454139,1000,16338.655
6048.243604,1000,16370.49636
3687.46425,1000,16402.097261
4758.632781,1000,16434.176382
6712.796108,1000,16466.02383
5889.194748,1000,16498.358781
7490.666867,1000,16528.628381
5654.152547,1000,16561.010584
6162.408626,1000,16591.600188
6587.003092,1000,16624.1825
5603.952715,1000,16654.980522
5082.14152,1000,16686.473006
4907.132209,1000,16716.726918
5061.310666,1000,16750.516096
7178.990126,1000,16781.039325
8404.941221,1000,16813.467723
6977.379098,501,16828.956152
6057.83172,1000,16859.389593
6394.164198,1000,16892.527546
6038.015042,1000,16923.534715
5686.700038,1000,16957.985608
6480.665333,1000,16989.405537
4053.315594,1000,17023.211629
6882.603278,1000,17055.219201
6985.421944,1000,17089.396137
6669.557791,1000,17122.761645
5404.935513,1000,17158.678566
7140.771638,1000,17190.632814
4955.787199,1000,17225.285227
6377.476052,1000,17257.300151
6967.310156,1000,17291.579486
6465.603367,1000,17323.300389
8483.956909,1000,17355.649619
6566.768452,1000,17388.804849
7531.41334,1000,17423.117178
8005.888465,1000,17457.564857
7237.017737,1000,17495.385792
5699.131191,1000,17526.594934
5457.930198,1000,17562.139145
7263.206011,1000,17593.019206
6309.899002,1000,17626.649266
7351.03973,1000,17661.057151
7801.458016,1000,17692.21036
5712.640247,1000,17727.179064
6644.627961,1000,17757.583132
6503.948587,1000,17791.818334
5944.663667,1000,17823.333938
8083.810621,1000,17860.651814
8717.577057,1000,17891.3669
6112.968466,1000,17927.272331
7530.560867,1000,17958.338403
6895.169466,1000,17995.305119
8461.513988,1000,18027.554451
5775.505975,1000,18064.386313
6732.544415,1000,18096.038347
7529.808361,1000,18130.811195
7848.781579,1000,18164.454968
7600.057169,1000,18200.193697
6623.284152,1000,18232.044497
7756.003551,1000,18266.222266
8313.828723,1000,18297.757431
6309.712112,1000,18331.531756
8695.92067,1000,18363.81841
5658.707156,1000,18397.837704
7415.170645,1000,18428.548283
6082.952681,1000,18465.170117
6463.130426,1000,18495.676804
7575.69317,1000,18529.721638
7306.711531,1000,18560.923191
7658.927946,1000,18595.731739
6105.383576,1000,18627.800214
7502.685161,668,18650.140934
8310.30055,1000,18683.314837
7476.357005,1000,18714.391969
8442.134861,1000,18748.219246
7332.986424,1000,18779.675982
7407.975368,1000,18813.728904
7344.816427,1000,18844.806822
6181.945515,1000,18879.853112
6027.133257,1000,18910.846052
8128.054782,1000,18944.315768
4382.289134,1000,18976.784433
8034.796815,1000,19009.949296
5775.808959,1000,19042.595399
7201.792292,1000,19075.493994
8588.122799,1000,19108.145978
8180.669171,1000,19140.744688
7620.730021,726,19163.860648
5951.253091,1000,19200.560428
6821.239271,1000,19231.870823
5887.921891,1000,19265.773498
6405.514794,1000,19297.859332
7575.274323,1000,19329.323948
7921.50244,1000,19361.111742
8191.070136,898,19392.513959
5416.197406,1000,19424.32964
7354.302336,1000,19457.043356
6856.30705,1000,19489.721946
5684.919383,1000,19523.235698
4938.046885,1000,19558.093063
7013.134366,535,19576.809541
5976.439535,1000,19611.97695
4575.638453,1000,19643.183676
6041.840307,1000,19676.882981
6871.553128,1000,19709.092222
7346.181899,1000,19744.748262
6802.138915,1000,19776.231612
5442.168864,1000,19809.641881
7117.450863,1000,19842.725865
7157.520619,1000,19876.300229
6556.863865,436,19890.954776
7977.680744,1000,19923.178615
7398.029669,1000,19956.519963
8159.820657,1000,19988.502205
4819.064821,1000,20021.108011
7177.177945,1000,20053.750516
5814.592781,1000,20086.7081
6820.069325,1000,20118.699838
7591.701037,1000,20153.650757
8014.769238,1000,20185.766711
7134.561452,1000,20219.968647
6771.757084,1000,20251.302087
7729.056397,1000,20286.972888
8437.159761,1000,20317.985054
7857.912835,1000,20349.307506
8035.537276,1000,20382.942135
8158.098202,1000,20414.954996
6770.175499,1000,20450.186656
6267.463497,1000,20483.246956
8533.589897,984,20514.414703
6928.795977,1000,20546.661689
6794.556941,1000,20579.085847
7783.937871,1000,20611.662255
7355.553677,1000,20644.279677
7736.0767,1000,20677.418482
7059.42547,1000,20709.765805
7966.364037,1000,20744.857445
8532.782748,1000,20776.231017
7929.549822,1000,20809.155418
6632.900154,1000,20842.769304
7689.872592,737,20867.116141
6377.687726,1000,20901.348013
8207.255829,1000,20932.541348
5937.840738,1000,20965.116075
7789.028405,1000,20996.740935
8219.042212,1000,21029.785977
7683.286198,1000,21062.062913
8015.532418,1000,21095.23127
7194.643841,679,21117.774895
8163.295851,1000,21151.623913
6963.584211,1000,21182.51931
7365.184316,1000,21219.661181
8442.4978,1000,21252.294456
8190.304921,1000,21287.050766
7607.062295,715,21309.122909
7169.007506,1000,21343.186876
8302.685696,1000,21376.368665
6146.026194,1000,21408.179554
6048.875967,1000,21440.809117
6882.132808,1000,21473.462285
6892.310735,1000,21506.736657
7023.169806,1000,21538.546351
5863.160341,250,21547.940876
8061.648519,1000,21581.404495
8030.094296,1000,21612.207255
6533.966943,442,21628.792404
5494.87555,1000,21661.017628
7092.823811,1000,21695.953241
7161.214934,1000,21727.396126
7449.258507,1000,21764.854993
6996.26239,1000,21796.395883
6638.373209,1000,21832.407587
6675.598082,1000,21864.005219
6712.537029,1000,21897.086504
8138.206109,1000,21928.591544
7609.844357,1000,21961.491629
6808.3297,1000,21996.204076
7697.754106,1000,22028.135343
6948.475398,1000,22063.653682
7420.258216,1000,22095.537768
7836.134585,772,22123.606893
6004.575993,1000,22156.087907
5525.479214,1000,22190.90169
7300.502708,1000,22222.95328
6044.34858,1000,22261.040989
6510.507688,1000,22293.665096
7577.292749,1000,22326.764812
7023.762609,1000,22360.632891
8296.278723,1000,22394.589493
6506.29018,1000,22427.49838
8008.595313,1000,22460.487691
8194.668739,1000,22494.945188
6934.467768,1000,22527.967019
7001.810876,1000,22559.561414
6330.484778,1000,22593.69678
5849.926082,1000,22624.888227
6965.706767,605,22645.312578
6645.463873,1000,22680.934899
7326.796887,1000,22712.722664
8644.818291,1000,22746.703076
8288.06051,1000,22777.727611
6745.620506,1000,22811.190773
6670.627992,1000,22844.42064
7659.473341,1000,22877.035845
5695.548506,1000,22908.910945
8126.879164,1000,22942.834315
7544.710112,664,22964.377218
7385.801644,1000,22996.308563
7331.494024,1000,23029.472443
7225.001326,1000,23064.930852
5983.159042,1000,23097.516751
6904.645747,1000,23131.561097
7181.827109,1000,23165.579329
7107.809189,1000,23203.25981
7798.167924,747,23226.606612
6997.146086,1000,23258.990607
8034.969067,1000,23291.548654
7822.912913,1000,23325.517315
7506.549489,1000,23360.016848
7783.424183,744,23387.252954
5907.846831,1000,23419.472184
7233.934439,612,23439.043457
7107.860314,1000,23474.028842
7463.066899,1000,23507.233726
7059.397998,1000,23540.824882
6480.082245,1000,23572.997354
6465.047347,445,23587.719215
6278.373009,1000,23622.980343
7211.964009,1000,23653.520355
7537.952563,1000,23686.048285
7355.149525,1000,23718.721445
7433.511991,1000,23752.733248
5505.275355,1000,23783.766855
5912.940262,256,23793.435889
6920.372748,1000,23826.422226
7652.071228,1000,23858.572522
6466.99822,1000,23893.854615
7558.321993,1000,23925.319746
5953.826677,1000,23958.952141
6059.525725,1000,23989.385973
6234.090233,1000,24021.732578
6338.206091,1000,24051.752086
7493.526744,1000,24085.212604
8267.029452,1000,24117.638055
7631.228854,1000,24150.446718
6488.826087,440,24164.321939
6759.654114,1000,24194.374051
6355.540338,1000,24228.686717
7078.439773,1000,24259.293202
8191.094379,1000,24292.181729
8198.555649,1000,24322.056307
8234.767183,1000,24355.323509
8586.050967,966,24385.187977
7123.529239,1000,24418.856058
6330.35236,1000,24449.512094
7528.411852,666,24471.551016
6784.275333,1000,24501.852529
7349.995517,646,24521.783526
7019.48099,586,24544.725267
7463.370945,1000,24575.21931
8750.869766,1000,24608.865453
6616.580499,1000,24639.966494
7287.314193,1000,24671.538368
8260.256989,1000,24702.758042
6019.124736,1000,24735.09722
6736.303531,1000,24767.700516
6585.534572,1000,24801.611553
7659.332232,1000,24834.791474
6045.012093,1000,24867.385819
7937.028599,1000,24900.28041
6689.377685,595,24919.368178
7899.409006,1000,24952.261219
6221.84671,1000,24985.243147
7927.957364,1000,25020.623327
5701.279312,1000,25052.155791
5271.457152,1000,25088.103665
8431.354695,1000,25119.956232
7555.299557,1000,25152.250711
8305.78827,1000,25183.446573
7887.201479,1000,25217.226226
8054.244445,1000,25249.879706
6886.823243,1000,25284.212719
6414.429684,1000,25318.821782
4098.123626,1000,25354.3772
7560.947615,1000,25386.564193
8570.763935,1000,25419.804276
8523.268728,1000,25452.707396
8259.504083,1000,25485.966063
8778.333104,1000,25518.1439
7027.096301,1000,25551.050955
6903.377367,1000,25582.723757
7446.983687,674,25604.412382
6861.911167,1000,25639.266153
7275.118657,1000,25670.913834
7752.443889,1000,25708.474157
7454.123144,1000,25740.453652
7729.405814,1000,25773.87973
7993.028903,1000,25806.28063
8149.400976,818,25834.255059
7349.247324,687,25857.364146
6372.837986,1000,25890.966373
6032.619866,1000,25923.27641
7760.518401,1000,25958.149848
6994.259649,1000,25991.98571
7372.011888,1000,26025.721098
6263.707508,1000,26059.086741
6281.585344,1000,26090.271559
6249.160856,1000,26124.333654
7046.863909,1000,26155.998188
5828.989719,1000,26191.857465
6393.305382,394,26204.310951
6719.067303,1000,26237.662456
8729.505847,1000,26269.699444
6417.270736,1000,26302.851485
3963.562468,400,26317.332727
7744.443749,747,26342.188197
8631.28227,1000,26376.47646
7071.105931,1000,26409.759017
8011.255362,1000,26445.905026
7260.588849,1000,26477.366258
6849.277133,1000,26510.075897
7797.137267,1000,26542.76739
2864.601165,531,26559.894763
7798.926228,1000,26592.992051
6384.230423,1000,26625.489594
6454.617627,1000,26661.863508
7213.047945,1000,26695.912401
6545.62014,1000,26730.84938
6466.6528,1000,26765.084744
7099.236603,1000,26799.630788
7969.077872,1000,26833.033108
7993.636293,1000,26867.003804
6004.64352,1000,26898.663776
7333.990368,1000,26932.794228
8014.298816,1000,26964.272207
8091.999015,1000,26998.547924
8117.036839,1000,27031.409027
6163.876057,345,27043.805418
7414.926366,663,27067.207594
7012.249529,616,27087.979827
7651.509251,730,27110.11263
7103.65827,1000,27146.012039
7380.40785,1000,27177.809097
7405.056711,1000,27211.386022
5684.8633,224,27219.083531
7349.245346,1000,27251.243181
6043.108779,1000,27286.572341
5927.392687,1000,27321.03224
7926.132537,881,27351.857007
8013.276151,1000,27383.238386
6789.095717,1000,27418.993102
8521.917597,1000,27452.517426
7940.317334,1000,27486.852556
4968.750337,1000,27519.746163
6650.72265,1000,27555.151381
7642.690408,1000,27587.896739
6649.089158,1000,27621.639244
7917.882451,1000,27652.54984
6184.38922,1000,27685.621844
6095.233267,1000,27716.887151
6368.267443,1000,27748.787189
5693.783347,633,27769.31395
6482.429414,1000,27799.813024
7333.579622,1000,27831.49903
7992.847027,1000,27861.583024
6789.133536,1000,27895.054139
7780.338805,1000,27924.896895
5832.09621,1000,27957.553497
7266.863064,1000,27987.710149
7252.124004,1000,28020.918658
8118.230633,1000,28051.005467
7045.648681,1000,28082.824391
7201.435922,1000,28114.901205
5842.170775,1000,28146.670049
7622.052518,1000,28177.696615
7823.567478,1000,28209.248025
6581.09287,1000,28240.306118
6564.444509,1000,28272.143742
7355.007475,1000,28302.273774
7693.844111,1000,28335.071257
7387.012821,1000,28365.488916
6659.083878,1000,28398.524168
6395.63287,402,28411.216307
8119.883703,883,28438.258211
6707.75986,1000,28472.965366
7522.121655,1000,28503.973174
6714.903279,1000,28537.335033
7556.277151,1000,28569.255659
6616.995561,1000,28601.377019
7801.072721,1000,28631.993268
7281.955858,1000,28664.619923
8429.634168,1000,28694.682799
7606.418513,1000,28726.772303
8459.04144,1000,28756.66479
5698.066769,1000,28788.652078
8349.893912,1000,28819.687074
7959.898874,1000,28852.512372
8426.772977,1000,28883.603343
7295.950457,1000,28916.002124
6568.3521,1000,28947.143493
8125.525315,1000,28981.338089
7192.238052,1000,29011.637994
7176.13778,1000,29045.706547
5819.023245,1000,29076.159741
7846.617745,1000,29109.35453
5825.621095,1000,29141.867338
7722.618244,1000,29173.958705
7003.420461,1000,29204.9144
7051.227522,1000,29237.007939
5827.872163,1000,29268.70453
7003.880978,1000,29299.831583
6665.324683,1000,29330.691741
7145.951975,1000,29362.337086
7918.068546,1000,29393.340033
8276.294136,1000,29425.532617
8665.755584,1000,29456.366329
8089.537755,1000,29487.079144
6494.277479,1000,29519.936784
6890.115959,1000,29551.291283
7845.533717,1000,29584.025522
7875.051438,1000,29614.076126
7613.424469,1000,29646.429243
6842.76208,1000,29677.573255
6251.282492,1000,29709.369091
7542.978104,1000,29742.119476
7656.155085,1000,29774.000459
8368.378937,1000,29804.421188
4995.275063,758,29829.157511
7473.468147,1000,29859.86556
8148.75334,1000,29891.449116
7491.178906,1000,29922.288304
6333.046489,1000,29954.856086
7291.656176,1000,29985.505361
7805.942422,1000,30017.966974
6578.086958,1000,30048.395595
6517.250969,1000,30081.322019
7120.00642,1000,30111.785433
6582.014095,1000,30144.624453
7653.523217,1000,30174.617154
7972.079979,1000,30207.352774
7404.651214,1000,30236.992347
4541.601816,1000,30268.674474
7097.929624,1000,30298.328989
7772.552655,1000,30329.452551
5454.509595,1000,30359.43745
8072.838383,924,30388.708356
7253.042648,1000,30420.630806
6342.137521,1000,30453.371077
7240.968101,1000,30484.736313
7433.141212,1000,30517.811635
7246.026366,1000,30549.225693
6209.819593,1000,30579.805997
6586.104843,1000,30613.41642
7791.175613,764,30636.854094
8412.882971,1000,30674.825881
8246.641101,982,30704.119002
7673.500859,799,30729.91084
7884.428849,1000,30759.473871
6533.920253,645,30779.912168
7072.51629,1000,30812.888964
6106.309904,1000,30843.147878
5979.088609,295,30855.320192
7251.584677,1000,30885.775229
6249.692833,1000,30917.854902
7979.835092,1000,30949.414557
6925.898183,1000,30981.498383
6042.865032,1000,31012.05901
7983.105283,1000,31043.304341
7043.954685,1000,31075.011592
8045.606831,1000,31105.561865
8265.81129,940,31135.728217
7230.934721,1000,31166.573496
6584.207038,1000,31198.990935
7577.866553,1000,31228.857598
6519.211505,1000,31262.871279
7915.283714,1000,31293.233927
6692.073362,1000,31328.318743
6178.923948,1000,31359.665466
6494.882471,1000,31392.728426
7923.913921,1000,31422.859936
7370.885607,1000,31456.187556
8317.707963,1000,31486.419619
7593.651836,1000,31517.980566
7613.600251,1000,31547.732239
8386.23473,1000,31578.931273
6792.577595,1000,31609.186642
4641.613778,1000,31641.140566
8250.717349,1000,31671.405893
7547.592051,1000,31702.41736
7843.08562,1000,31732.718287
8354.038039,1000,31763.196898
7054.902401,1000,31793.506558
8540.513724,1000,31824.572701
6577.523915,1000,31855.083766
6370.953377,1000,31886.525163
5575.491803,1000,31917.337418
6957.924275,1000,31948.212672
6629.776862,1000,31978.491103
6486.936701,1000,32010.756629
6210.929384,1000,32040.363979
5920.976069,1000,32071.648854
6602.989356,1000,32101.873187
5669.358648,1000,32132.845021
8104.286332,1000,32162.425833
6276.132506,1000,32193.877571
7273.372303,1000,32224.293802
5442.204516,1000,32255.748791
7519.459552,1000,32286.333663
7599.469364,1000,32315.929181
5174.790029,1000,32347.056028
8567.046811,1000,32376.413129
