[-0.504 0.695 1.000],,
,0.297238459565316,
,,0.29694210234319107
[-1.000 0.143 -1.000],,
,0.28877185990803994,
,,0.2886227198566855
[1.000 0.453 0.197],,
,0.3003874365211603,
,,0.30026666789703793
[-0.786 0.338 -0.159],,
,0.28732858980026676,
,,0.28723441281206336
[1.000 0.012 0.526],,
,0.2821396493479337,
,,0.2818784688281256
[0.497 0.027 -0.782],,
,0.30171071773485103,
,,0.30162919914882186
[0.747 0.895 -0.026],,
,0.29808815293946933,
,,0.2978756217166617
[0.076 0.299 0.676],,
,0.3048377420684156,
,,0.3046900430967921
[0.779 -0.645 0.878],,
,0.28921482921537767,
,,0.28920982980487975
[0.033 0.483 0.816],,
,0.2936698725469229,
,,0.29290198085502606
[1.000 -0.185 -1.000],,
,0.30857295830180337,
,,0.30857126319891387
[-0.577 -0.427 -1.000],,
,0.29959500952185547,
,,0.2988092806500709
[-0.690 0.497 0.389],,
,0.28426714361518546,
,,0.28422615608174173
[-0.332 -0.424 1.000],,
,0.2780885033911044,
,,0.2780845700500863
[0.405 1.000 0.351],,
,0.2881389074927339,
,,0.28721913592554266
[1.000 -1.000 -1.000],,
,11.315064439772206,
,,11.306235648565076
[1.000 0.038 0.633],,
,0.30862629658665885,
,,0.30857179349487945
[0.051 0.687 -1.000],,
,0.2987188459783308,
,,0.2984500148329886
[-1.000 -1.000 -1.000],,
,6.173736420028055,
,,6.165966802828922
[0.615 -1.000 1.000],,
,0.29955300663814555,
,,0.29846805919677216
[-0.375 0.479 0.302],,
,0.28253868105993807,
,,0.2823720324828072
[-0.128 -0.525 0.660],,
,0.3072890230113214,
,,0.30715962419903187
[1.000 0.304 0.695],,
,0.30600526829978386,
,,0.3059359728781265
[1.000 -0.423 0.288],,
,0.28729782378190066,
,,0.2872787752611276
[-0.794 1.000 -0.057],,
,0.284080032120209,
,,0.2837461498323098
[1.000 0.756 0.063],,
,0.1788402747816666,
,,0.1788241272836168
[-1.000 -0.414 -1.000],,
,0.3058712020543252,
,,0.3057993755696802
[-1.000 -1.000 1.000],,
,0.2903576976478071,
,,0.2902778914666967
[-1.000 0.465 1.000],,
,0.3057163429824686,
,,0.3057127636538801
[-0.903 -0.638 -1.000],,
,0.28076272801263275,
,,0.28070496283993673
[-0.987 -1.000 -0.908],,
,0.2799171621321733,
,,0.2797891965759853
[0.368 1.000 0.061],,
,0.3056696124482967,
,,0.30533698502741335
[0.323 -0.780 -1.000],,
,0.29356305382106007,
,,0.29351425990863383
[1.000 -1.000 -1.000],,
,0.3047194828466738,
,,0.30455094376634584
[0.182 0.908 1.000],,
,0.29035705970039427,
,,0.29018780346719864
[-0.248 -0.479 -0.838],,
,0.2950896297852399,
,,0.2948481522896936
[-0.185 -0.978 -0.596],,
,6.664913752216154,
,,6.654929286383382
[0.318 -1.000 -0.958],,
,1.4059884725361877,
,,1.402999714739551
[1.000 0.547 0.288],,
,0.2924814334319055,
,,0.29236878887182255
[-0.685 0.414 0.353],,
,0.29241161427373474,
,,0.29240575166823746
[0.629 0.379 -0.292],,
,0.3070316426109474,
,,0.3069963711675503
[-1.000 0.279 -1.000],,
,0.2900988691262509,
,,0.29006758361912055
[0.301 -1.000 -1.000],,
,10.598491568637828,
,,10.5866598074156
[-0.223 1.000 -0.624],,
,0.29887494443580176,
,,0.2988233491215107
[-0.489 0.099 -1.000],,
,7.720117295193489,
,,7.711477222462946
[-0.170 -1.000 -0.369],,
,0.3052742680038386,
,,0.30511925335502715
[-0.059 -0.997 -0.233],,
,8.456247464329662,
,,8.446324903395551
[0.512 -1.000 -1.000],,
,0.19074385979457478,
,,0.19044151144142019
[-0.700 0.103 -1.000],,
,0.30885776369271967,
,,0.3087762019634206
[-0.707 0.239 -1.000],,
,1.9500728076862357,
,,1.946847199926376
[1.000 0.072 -0.616],,
,5.753479047297898,
,,5.742685028691007
[-0.245 -0.467 -0.287],,
,8.191205290734473,
,,8.182216228897225
[-1.000 -0.165 -0.775],,
,0.29632717127379166,
,,0.2961742667594162
[0.795 -0.103 -0.634],,
,0.2841896489026678,
,,0.2840656245153704
[-1.000 -0.855 -0.544],,
,0.28038975068055816,
,,0.2803484265505238
[-1.000 1.000 0.061],,
,0.3010551508473622,
,,0.30102570996286493
[0.586 1.000 -0.330],,
,0.28679890720297435,
,,0.2867523666427001
[0.303 -0.857 -1.000],,
,0.29924839210211923,
,,0.29921099367422954
[-1.000 0.541 1.000],,
,1.1938155944103261,
,,1.1904079993920154
[0.004 -0.432 -0.654],,
,0.2847494075508801,
,,0.2846415677763042
[-0.583 -0.400 -1.000],,
,0.2854659549073912,
,,0.2854410046529386
[-1.000 -1.000 -1.000],,
,0.2832093822041163,
,,0.28319319734448
[-0.088 1.000 -0.726],,
,0.2868948306105789,
,,0.286783475586282
[1.000 -0.355 0.673],,
,0.27995871612262563,
,,0.2799228928550062
[-0.830 0.462 0.858],,
,0.2790795704386559,
,,0.278951271678899
[-0.991 0.557 -1.000],,
,0.30307732301380136,
,,0.3030725598529951
[0.638 -0.683 -0.987],,
,11.74002415998106,
,,11.732897616560376
[-0.835 -1.000 -0.117],,
,0.19873002909140675,
,,0.1985881004103596
[-0.249 0.434 0.877],,
,15.855774465166318,
,,15.853644553913766
[0.708 1.000 0.138],,
,8.10514022303314,
,,8.104251133785054
[-1.000 -0.905 0.772],,
,0.30057773233727547,
,,0.30054003429159654
[-1.000 1.000 -0.454],,
,20.18125522270583,
,,20.16536133514279
[-1.000 -1.000 0.260],,
,0.3011604682190341,
,,0.3011279443869022
[-1.000 0.332 -1.000],,
,0.2969472086556077,
,,0.2969069814101577
[-0.156 -1.000 -1.000],,
,0.2915540351659592,
,,0.29143747959827937
[-1.000 -0.499 0.494],,
,0.3071303582523317,
,,0.3071293206029793
[-0.271 1.000 -1.000],,
,0.2899593746402403,
,,0.2898929774057362
[0.429 -0.955 -0.662],,
,0.29756542398051644,
,,0.2974995885729907
[-1.000 -0.587 -1.000],,
,0.30018479472949583,
,,0.30013710858894344
[0.089 -0.544 -0.338],,
,0.3026391450598631,
,,0.30259054018963083
[0.233 0.275 0.501],,
,0.28788642456975316,
,,0.28782191008872327
[-0.062 0.358 0.229],,
,0.2988086659913521,
,,0.29874535133637964
[-0.721 -0.074 -0.569],,
,0.30049213648672446,
,,0.3003206502967864
[-1.000 -1.000 -1.000],,
,0.2828842935311538,
,,0.2828715601971034
[-1.000 -0.319 0.022],,
,3.2056906758923005,
,,3.200746773409826
[0.161 0.697 -0.847],,
,10.549518746577455,
,,10.540427840583051
[0.052 0.408 -0.033],,
,0.29757121831187094,
,,0.2975530447658462
[0.380 1.000 1.000],,
,14.315377152723583,
,,14.311511477411214
[-0.861 0.964 1.000],,
,7.422838241659813,
,,7.418334846310151
[0.385 -0.671 -0.711],,
,9.21099801273205,
,,9.204184624079431
[-0.076 0.006 0.299],,
,0.2890104097032204,
,,0.28899673455474917
[-0.618 -1.000 -1.000],,
,8.259958259419736,
,,8.259122152325034
[-0.920 1.000 -1.000],,
,0.24024669545615632,
,,0.24021984460171666
[-0.717 -0.730 -0.647],,
,4.4106098300020715,
,,4.408135629410919
[-1.000 0.288 -1.000],,
,0.2930659432313451,
,,0.2930487898985225
[0.749 -0.091 -0.976],,
,0.2918791214910314,
,,0.29183728596651937
[-1.000 -0.747 -0.409],,
,0.4032993468386573,
,,0.4022226378303907
[-1.000 -0.137 -1.000],,
,0.30570626727209665,
,,0.3056870518697416
[-1.000 0.279 1.000],,
,8.022193143296997,
,,8.014427665758626
[-1.000 0.561 0.803],,
,0.3049356681432137,
,,0.30492850827654167
[-0.374 0.257 -0.562],,
,0.2927861020149638,
,,0.29273954107457284
[-1.000 0.274 -0.539],,
,7.350623056280289,
,,7.347066640589585
[-0.968 0.039 -1.000],,
,0.28093888819535123,
,,0.28087194670049204
[0.005 -1.000 0.027],,
,0.29520723837282714,
,,0.2950516714375179
[-0.425 -0.020 -0.422],,
,5.465196989984288,
,,5.458173865276354
[0.216 -0.029 -0.571],,
,0.29535658960310734,
,,0.295331609252765
[-0.302 0.554 -0.044],,
,8.18005599773402,
,,8.176001586207423
[0.390 -0.566 -0.127],,
,6.289493099234597,
,,6.285246289332226
[-1.000 0.692 0.606],,
,4.937674920842492,
,,4.935580410176398
[-1.000 0.920 -1.000],,
,0.2956315334807678,
,,0.29560983106797056
[-0.727 -0.351 -1.000],,
,0.29812583422511535,
,,0.2981208578533345
[-0.540 -0.614 0.201],,
,0.29169197825515947,
,,0.2916281388151564
[0.378 0.064 -1.000],,
,0.2715087290033938,
,,0.2714118295992336
[0.614 -0.305 -0.765],,
,1.4437885524591734,
,,1.441224413733228
[-0.180 -0.567 -0.906],,
,5.899701225833022,
,,5.891285385526352
[-1.000 1.000 -0.908],,
,0.2846650754380758,
,,0.284568882004181
[-1.000 0.933 -1.000],,
,0.2992455244481145,
,,0.2992311783059232
[0.738 0.075 -1.000],,
,5.840819831225926,
,,5.828664061615036
[-0.756 -0.134 -0.849],,
,5.927383178715812,
,,5.92325282971257
[0.163 0.996 -0.036],,
,0.29124008354899894,
,,0.2911516628882138
[-1.000 0.320 -1.000],,
,4.4003886375140695,
,,4.398516162920829
[-1.000 -0.133 -1.000],,
,0.3087559753280803,
,,0.30874716151350934
[0.256 1.000 -0.582],,
,0.21481150406533905,
,,0.21468678037572447
[0.971 -0.292 -1.000],,
,0.3013568872060122,
,,0.30128629765796283
[-1.000 0.743 -0.158],,
,6.072563623647705,
,,6.071962297661954
[-0.988 -0.020 -1.000],,
,0.2990924783250692,
,,0.2983347197767659
[1.000 0.723 1.000],,
,0.2962159917822227,
,,0.29611962027969674
[-1.000 -0.905 -1.000],,
,4.375573817168907,
,,4.37309701550142
[-0.679 0.266 -1.000],,
,0.2922451982008713,
,,0.29221179712290674
[-1.000 0.108 -1.000],,
,0.3013436533722151,
,,0.30107414802474647
[0.029 0.500 0.134],,
,0.28652271559490833,
,,0.2861578326758001
[-1.000 1.000 -0.903],,
,0.3020666062768154,
,,0.3020280074024938
[-0.867 -0.198 -0.056],,
,0.2912852221251582,
,,0.29119496434730113
[0.736 0.522 0.234],,
,0.30201112001511454,
,,0.3019098616603392
[-1.000 -0.680 -0.383],,
,11.429314967098351,
,,11.416065146753379
[-1.000 0.399 -1.000],,
,0.3041656756405539,
,,0.3041241122029378
[-0.186 1.000 1.000],,
,2.980635607482502,
,,2.9749518049931982
[-0.887 -0.217 -0.436],,
,0.2885190070651854,
,,0.28829757847411885
[-0.701 -0.055 -1.000],,
,0.1047343483742351,
,,0.10437904706284869
[-0.417 -0.186 -0.081],,
,5.290348976306282,
,,5.28768724908197
[0.417 -1.000 0.414],,
,3.8843013409765486,
,,3.8807069105000798
[-0.099 1.000 -1.000],,
,0.15237157474323612,
,,0.15227015080424644
[0.743 0.247 -1.000],,
,0.01929413785159529,
,,0.01921585490414983
[1.000 1.000 -0.861],,
,7.379166685551197,
,,7.371345780656361
[-0.449 -0.955 -1.000],,
,5.7854537705206175,
,,5.784214912458837
[-1.000 -1.000 -0.181],,
,1.54629042533346,
,,1.5436247365369276
[-0.770 1.000 -1.000],,
,0.30244034683353943,
,,0.30242542325566746
[-1.000 -0.475 -0.147],,
,0.2777641233237813,
,,0.27768245178351153
[-1.000 0.633 -0.241],,
,5.292877858604898,
,,5.291926553502018
[-1.000 -0.581 -1.000],,
,8.076556549502934,
,,8.06858671705322
[-0.136 -0.290 -1.000],,
,6.073789604446549,
,,6.070898244970347
[-0.903 -1.000 0.178],,
,0.2824826077762388,
,,0.2821583087157351
[-1.000 0.655 -0.425],,
,5.186319904794881,
,,5.1807552784417235
[-0.575 -0.875 -0.925],,
,4.760285026761795,
,,4.756150369515668
[-1.000 0.170 0.335],,
,0.28649990991625773,
,,0.28644652747349203
[-1.000 -0.552 -0.165],,
,2.0691883048678017,
,,2.067822093325031
[-0.405 -1.000 1.000],,
,8.415834754558333,
,,8.406808141901578
[-0.748 0.816 0.408],,
,0.2876481896955684,
,,0.2875817356535775
[-1.000 -0.496 0.468],,
,0.28419220224765485,
,,0.28401243076307997
[0.158 -0.923 0.302],,
,0.29308801091469294,
,,0.29268996966452127
[-0.994 -0.957 -1.000],,
,0.2848915216313741,
,,0.28472345562137663
[0.206 -0.026 -1.000],,
,0.14076270809193425,
,,0.1404893323402371
[0.063 -0.581 0.642],,
,0.30718651885616155,
,,0.306996589943456
[-0.720 1.000 -0.853],,
,0.01953286912981604,
,,0.017405966575312085
[-0.727 1.000 1.000],,
,2.059108054577497,
,,2.0549253814127066
[0.016 0.629 -0.758],,
,0.29554237872686717,
,,0.29552395713787205
[-1.000 -1.000 0.071],,
,0.30341407268094167,
,,0.3031762793463837
[-0.906 -0.298 -0.810],,
,0.30598885240044554,
,,0.30597193176629084
[1.000 1.000 -0.147],,
,0.22290635743533693,
,,0.22288104801394368
[-1.000 -0.373 0.522],,
,0.2966451543213129,
,,0.296527208564846
[-1.000 -0.086 -1.000],,
,0.27535877800212105,
,,0.2753412750770572
[-1.000 -0.341 -1.000],,
,0.2989687039627051,
,,0.2989370602948425
[-0.021 -0.344 -1.000],,
,0.03128557376998825,
,,0.022953813956237093
[0.496 -1.000 -1.000],,
,0.2521627438262075,
,,0.25216083729655847
[-0.916 0.427 -0.910],,
,4.870825475265615,
,,4.862625210088333
[0.454 0.312 0.868],,
,0.291720242804206,
,,0.29169447822581285
[-1.000 -0.349 -0.539],,
,7.71816924473886,
,,7.71401444402293
[-0.101 -0.051 -1.000],,
,0.2868460368844071,
,,0.2867206079457487
[-0.552 0.369 -1.000],,
,0.2837633905666532,
,,0.2837532086612453
[-0.912 -0.903 -0.036],,
,6.9510847055178395,
,,6.943157149003491
[-0.244 0.777 -1.000],,
,0.2982816420383856,
,,0.2981906140980581
[-0.011 -0.100 0.408],,
,0.3023879584534943,
,,0.3023050405540248
[-1.000 -0.519 -1.000],,
,0.3020145843062101,
,,0.3019196441510503
[1.000 -0.644 -0.617],,
,0.3072187967525903,
,,0.30716640281959395
[0.308 1.000 -1.000],,
,0.3042729150033289,
,,0.30419693651838
[-0.479 0.461 0.348],,
,7.49870619124675,
,,7.4890824453597356
[0.863 0.027 0.787],,
,7.2880902949757145,
,,7.282912605517506
[-0.762 -0.146 1.000],,
,9.556413633798895,
,,9.551816797043164
[0.034 -1.000 -0.972],,
,0.30227130701313015,
,,0.3022463174831246
[-1.000 -0.590 0.713],,
,0.03555951884268114,
,,0.034539940771704664
[-0.749 0.814 -0.259],,
,0.2950293385814311,
,,0.2950156838592731
[-1.000 0.214 -1.000],,
,2.2744921193202687,
,,2.2730058094320285
[-0.577 0.631 -0.143],,
,0.29268561779800567,
,,0.29262306664432935
[-0.914 -0.896 -0.357],,
,0.29871994157619247,
,,0.2985513285049083
[-0.719 1.000 -0.344],,
,0.3042376900645347,
,,0.30419089870057275
[0.182 -0.073 1.000],,
,8.814195566194236,
,,8.813662544789182
[0.539 1.000 0.632],,
,0.283148463290932,
,,0.28305634000880436
[0.265 1.000 -1.000],,
,0.1706436387188131,
,,0.17053997755717729
[-1.000 0.371 -0.046],,
,0.19662169832306678,
,,0.1965086658734229
[0.759 0.145 0.932],,
,3.746792171660715,
,,3.742264045463912
[0.729 -0.953 -0.425],,
,0.25843501095558535,
,,0.2583883052205407
[0.345 0.271 -1.000],,
,0.2932819439912729,
,,0.29295807350647896
[-0.882 0.923 0.286],,
,11.67563674439823,
,,11.67236983297851
[-0.033 0.974 0.662],,
,0.24033847109145226,
,,0.2402902434651624
[0.202 -0.085 -0.774],,
,0.2807688907846687,
,,0.2806290186735063
[-0.428 -1.000 -0.196],,
,0.28468059778656996,
,,0.28466984328661593
[-0.270 -1.000 -0.116],,
,0.27805329399515594,
,,0.2779601044442234
[-0.566 -0.847 -1.000],,
,0.2790305636272703,
,,0.27897077493227884
[0.070 1.000 -0.970],,
,0.3016782777640457,
,,0.3015758959294361
[-0.664 -1.000 -0.286],,
,6.732035258409411,
,,6.715193803117618
[-0.192 0.632 -0.198],,
,8.441204550563318,
,,8.43278009392426
[-0.594 0.276 1.000],,
,0.2843809767654261,
,,0.2843429419894969
[-1.000 -0.781 -0.653],,
,0.3007732567831551,
,,0.3007259410646699
[0.280 1.000 -0.378],,
,0.30166093061693605,
,,0.3010713368159469
[-1.000 -0.382 -1.000],,
,0.2829323205294532,
,,0.2828630291992703
[-0.411 -0.406 1.000],,
,0.2937369723652894,
,,0.2936251054973173
[0.129 0.210 -0.655],,
,7.873836133623899,
,,7.866786241763909
[0.789 0.058 -1.000],,
,0.3063633688794815,
,,0.3063299320472947
[-0.217 -0.674 -1.000],,
,2.9113753597382908,
,,2.9066097128031996
[-0.142 -0.188 0.628],,
,0.2995992421180576,
,,0.29952148439687837
[0.158 -0.671 0.318],,
,0.2814560039502233,
,,0.28139753114655836
[-0.516 -1.000 -0.356],,
,1.703821050921313,
,,1.7013817041126307
[-0.722 0.472 -1.000],,
,0.15762726371710997,
,,0.15734129955481918
[0.096 -0.456 -0.991],,
,0.29594731024030624,
,,0.29592137167532195
[-1.000 -0.294 -0.909],,
,0.30807314927611806,
,,0.30806972216463824
[-0.321 0.683 0.025],,
,0.2984817923537639,
,,0.29843789951197186
[-1.000 1.000 -1.000],,
,0.3056417137740545,
,,0.30558493886127863
[-1.000 0.151 1.000],,
,5.979934777841577,
,,5.978439027369562
[-0.064 -0.096 -0.618],,
,0.2798633447673591,
,,0.2798533284665689
[0.698 0.496 -0.632],,
,0.28610862905972845,
,,0.2861052568750093
[-0.540 1.000 0.504],,
,5.650353526698153,
,,5.6377434699459315
[-0.661 -0.774 -0.147],,
,4.089778990757983,
,,4.089255930474012
[-0.152 0.622 -0.229],,
,6.209994127932045,
,,6.2022979217287935
[-0.976 0.342 -0.392],,
,0.25153885833088035,
,,0.24931839112892065
[0.480 -0.577 -1.000],,
,0.28574340499812984,
,,0.2856568486174334
[0.171 0.285 0.152],,
,0.2825271751298121,
,,0.28250283983365243
[-0.790 1.000 -0.407],,
,3.18890609696076,
,,3.1868436015667876
[-1.000 -0.565 -0.875],,
,0.2922504132937036,
,,0.2922147874031438
[0.720 0.407 0.310],,
,0.3014169362049914,
,,0.30131080350277195
[-0.735 0.419 -1.000],,
,7.336084042948561,
,,7.329342612943324
[1.000 -0.189 0.203],,
,0.24517398278867775,
,,0.2451387656998275
[-1.000 -0.875 0.394],,
,8.834587455453047,
,,8.827786492215669
[-1.000 -0.086 -0.924],,
,8.043678207130633,
,,8.038426923146707
[-1.000 -0.452 0.791],,
,1.0086334601816858,
,,1.0065801869067084
[-0.523 -1.000 -0.359],,
,0.25552315466115777,
,,0.2554648456490956
[-0.196 0.082 -0.472],,
,0.28124855603642623,
,,0.2812424874004466
[-1.000 -0.523 -1.000],,
,1.9529889358949508,
,,1.9520082289891105
[-0.189 0.386 -1.000],,
,8.376004665515014,
,,8.37460206675538
[-0.713 0.262 -1.000],,
,5.494185958923206,
,,5.491713586112314
[-0.849 -0.550 -0.854],,
,5.8882965683942174,
,,5.882221519818392
[-0.014 -1.000 -0.602],,
,0.21553885316744098,
,,0.21543896081818972
[-0.141 -1.000 -0.767],,
,0.23702387464240937,
,,0.23684720126009684
[0.726 0.549 -1.000],,
,0.2724567578296881,
,,0.272447737661873
[-1.000 0.619 1.000],,
,4.660575349143615,
,,4.6520578808573045
[0.488 -0.319 -0.305],,
,0.2961343803603618,
,,0.29609725672891113
[0.038 0.065 0.123],,
,5.292119903144031,
,,5.287396792542309
[-1.000 -0.994 1.000],,
,0.2999936129856124,
,,0.2999860452185667
[-0.252 -0.266 -0.950],,
,2.426255916409985,
,,2.42617275644459
[0.459 -0.845 -1.000],,
,7.086097674614785,
,,7.0824970002439
[-0.946 0.257 -1.000],,
,0.30786370494648413,
,,0.30777471503164616
[-1.000 -0.302 -1.000],,
,0.3022060719556182,
,,0.3021885050210054
[-0.284 1.000 0.477],,
,9.502491513981912,
,,9.497970526015042
[0.952 -0.384 -0.841],,
,0.29831107575651183,
,,0.29827448774730125
[-0.058 1.000 -1.000],,
,0.3010311985572494,
,,0.30095827675952896
[0.472 0.425 -0.938],,
,0.2910219488954507,
,,0.2910051811497561
[1.000 0.897 -1.000],,
,0.29512563857920454,
,,0.2950511952886746
[-0.879 -0.077 -1.000],,
,0.15007764844924323,
,,0.15004398441731154
[-0.626 -0.224 -1.000],,
,0.30039451467149264,
,,0.3002462036600865
[-0.710 -0.689 -0.202],,
,0.2984491773030439,
,,0.29841890033628354
[0.181 0.665 0.600],,
,0.30082294256433606,
,,0.3008058382115258
[-1.000 0.559 -0.336],,
,8.239955995673263,
,,8.237006321522083
[-1.000 0.466 -1.000],,
,0.15605003663837444,
,,0.15603079351061164
[-0.201 -0.187 -0.423],,
,6.550744484463033,
,,6.544836836082738
[-0.446 0.540 -1.000],,
,1.7108465477424375,
,,1.7093589518564865
[-0.729 -0.163 -0.879],,
,21.592967226891137,
,,21.583288427282874
[-1.000 -0.467 -0.096],,
,0.2832789798433318,
,,0.28323362933178303
[-0.230 0.227 -1.000],,
,2.018399009109586,
,,2.018224971379573
[0.693 1.000 -1.000],,
,0.28475163461687625,
,,0.28471247708017233
[1.000 1.000 -0.387],,
,0.2219588540181858,
,,0.2208724587352254
[0.340 -0.338 0.146],,
,0.2833673730551804,
,,0.2832537677940173
[0.662 0.053 -1.000],,
,1.222086224564857,
,,1.2183975788760548
[-1.000 0.839 -0.721],,
,0.3005685399003454,
,,0.30055305157182644
[0.973 0.047 -0.538],,
,0.2969807137239228,
,,0.2968610325442293
[0.485 0.241 -0.831],,
,8.313665988975094,
,,8.305292909754064
[-1.000 -0.328 -0.209],,
,5.327116562465028,
,,5.325323540986159
[0.027 -0.368 -0.298],,
,0.20132250815315766,
,,0.20131521158916246
[-0.195 0.116 -1.000],,
,12.955312814752274,
,,12.949958069532963
[-0.532 -0.009 -0.705],,
,9.51392066071143,
,,9.512327080576068
[0.505 0.607 -1.000],,
,7.742328180043401,
,,7.734303143619669
[1.000 -0.953 -0.782],,
,0.30933213845159824,
,,0.3093282398153384
[-1.000 1.000 1.000],,
,0.8828538262086117,
,,0.8809296834825808
[0.100 0.442 -1.000],,
,9.400314428517643,
,,9.395722443534824
[-0.577 -0.077 -0.406],,
,0.22646320606865336,
,,0.2264355056711993
[-1.000 -0.272 0.277],,
,1.0462112160975616,
,,1.04232741736756
[0.476 -0.740 -0.978],,
,3.9768388216972386,
,,3.9738358827039546
[-0.379 -0.411 -1.000],,
,3.9498502524718497,
,,3.9463001339819512
[-1.000 -0.765 -0.933],,
,0.017689844456221043,
,,0.01574621642287233
[-0.552 -0.268 1.000],,
,0.28403851587443674,
,,0.28385468317918894
[-1.000 -0.953 -0.725],,
,0.28834416100883253,
,,0.28831663498033305
[0.284 0.560 -0.108],,
,0.3037523603070907,
,,0.30372023610858506
[-0.222 -0.530 0.000],,
,0.3018904831897711,
,,0.30168679216778665
[-1.000 0.515 0.080],,
,2.564111722582512,
,,2.5625532846380805
[1.000 0.646 -0.839],,
,0.29676995354472563,
,,0.29676691021207524
[-0.845 1.000 -1.000],,
,0.28888731805551593,
,,0.2888323568990783
[-0.274 0.541 0.443],,
,7.382448939550766,
,,7.3818186795345335
[-0.798 -0.146 -0.541],,
,0.292859519609454,
,,0.29280708703728453
[0.239 0.239 -1.000],,
,0.28997697347932333,
,,0.2899072465828351
[-0.835 -0.715 1.000],,
,2.8185327485926903,
,,2.8180985901404507
[-1.000 0.136 1.000],,
,0.984399381138383,
,,0.9809906988612364
[0.237 0.550 -0.327],,
,0.29766060771311925,
,,0.2976279256099439
[-0.601 -0.197 -0.455],,
,10.198080869733193,
,,10.188304915423956
[-1.000 0.052 -1.000],,
,0.3147267576520952,
,,0.31351930485256013
[0.084 1.000 -0.427],,
,0.3025323273779249,
,,0.3024672533282417
[1.000 0.087 -0.113],,
,0.28980169894385616,
,,0.28979769755078233
[-1.000 -0.088 -0.777],,
,7.8991305969881065,
,,7.888931166505135
[-0.636 0.037 -0.565],,
,0.07511694345132455,
,,0.07489870485819482
[-0.415 -0.909 -0.986],,
,0.3048653061796344,
,,0.30483555790469585
[0.727 0.573 -0.616],,
,0.3036025319698115,
,,0.3034708118741341
[1.000 0.827 -0.783],,
,0.2488914896040476,
,,0.24862084423158395
[-0.329 -1.000 -0.485],,
,0.30067145192666417,
,,0.3005819020344203
[1.000 0.142 -0.764],,
,0.28756479971586146,
,,0.28751338091461975
[-0.052 -0.091 -0.261],,
,0.29597406641808455,
,,0.2959255996401106
[-0.263 -1.000 0.739],,
,5.0829353627879135,
,,5.070931516813359
[-0.503 0.565 -0.754],,
,0.2935696912808817,
,,0.29346759644912085
[-1.000 -0.509 0.214],,
,4.10720865785196,
,,4.1037834265802005
[-0.035 0.880 -1.000],,
,0.2966793779950953,
,,0.29666472005156386
[-0.082 -0.769 -0.751],,
,0.2392600231995014,
,,0.2392156339602059
[-0.107 -0.435 -0.958],,
,7.658849488810106,
,,7.651972550310596
[1.000 -0.942 0.693],,
,0.28681857053216475,
,,0.2867916362128263
[-1.000 0.769 1.000],,
,7.716898886066385,
,,7.70498375216136
[-0.233 -0.898 -0.673],,
,0.28891623984313225,
,,0.28886432420761043
[-0.607 0.431 -0.271],,
,5.591556166269025,
,,5.588134132791652
[0.117 0.115 -1.000],,
,4.694230947164719,
,,4.689158335620849
[-1.000 -0.808 0.923],,
,2.004300836074859,
,,2.0004860201739048
[1.000 1.000 -0.769],,
,0.2705735002385952,
,,0.2656726497467806
[0.057 0.216 -1.000],,
,0.29442070482163263,
,,0.2943621434149709
[-0.109 -0.512 -1.000],,
,0.2841161211174892,
,,0.2841044451463084
[1.000 -0.578 0.441],,
,0.2875663594319144,
,,0.2875409491569121
[0.001 -0.667 -1.000],,
,0.2790585522709026,
,,0.2790336066182555
[-1.000 -0.880 -0.870],,
,0.8987451259634109,
,,0.8976954481663575
[-0.167 0.434 -0.018],,
,10.669609408228565,
,,10.666064576469727
[-0.577 0.067 -0.436],,
,0.2931867115695576,
,,0.29309524068661624
[-1.000 -0.214 -0.701],,
,8.274656793065436,
,,8.26657377056474
[-0.506 -0.553 -1.000],,
,0.29332247177386755,
,,0.2931654961851251
[0.317 0.117 -1.000],,
,0.28268596385095746,
,,0.2826775732866839
[0.049 0.886 0.307],,
,0.1487506512267627,
,,0.14826751614654124
[0.259 -1.000 -0.150],,
,0.30493245988359047,
,,0.3049128034339555
[-1.000 0.150 -1.000],,
,0.2996990847938627,
,,0.2996763917285817
[0.737 -0.868 -1.000],,
,0.282377884470003,
,,0.28228826510513916
[0.110 -0.242 -0.278],,
,0.2994930601502574,
,,0.2994386188022717
[-0.747 0.168 -0.830],,
,0.29933830457650895,
,,0.2992806255446358
[0.904 0.766 -1.000],,
,0.2268618091031737,
,,0.2268394162577376
[-1.000 -1.000 -0.232],,
,7.094759906036709,
,,7.087436285904557
[0.275 -0.011 0.496],,
,0.2992290701662273,
,,0.2991996601984902
[-0.494 0.425 -0.743],,
,0.28324748529523597,
,,0.2830662308783479
[1.000 0.967 0.270],,
,0.27986448239087286,
,,0.2798479676467516
[-1.000 0.114 0.746],,
,3.373984805073147,
,,3.367209723855607
[-0.144 0.360 -1.000],,
,0.2730270705643482,
,,0.2729175492267134
[0.553 -0.844 1.000],,
,16.503871177894855,
,,16.48056499643364
[-0.017 0.098 -1.000],,
,0.28095737443578267,
,,0.2809413282517884
[-0.544 -0.847 0.270],,
,0.28538092278553384,
,,0.28522517484092763
[-1.000 0.045 -1.000],,
,8.130178649392986,
,,8.127223108553586
[-1.000 -0.247 -0.353],,
,0.30105195620297537,
,,0.30091222619787394
[-0.112 -0.305 0.320],,
,10.474024638667997,
,,10.468363759620965
[-0.543 0.411 -0.813],,
,0.2579657625275229,
,,0.2579321475448006
[-0.025 -0.934 0.361],,
,0.2871179348821012,
,,0.28680942065061893
[-1.000 1.000 -1.000],,
,0.2170700287530271,
,,0.21702717188600376
[0.078 -0.368 -1.000],,
,0.2813578717018585,
,,0.280596638370576
[-0.927 -0.047 -0.342],,
,0.28008003119323366,
,,0.27996597881382973
[0.413 0.398 -0.525],,
,0.28519067798583536,
,,0.2851838066306969
[-1.000 -0.419 -0.023],,
,0.2960299285271996,
,,0.295948093324952
[-0.330 0.353 -0.205],,
,0.25993671796074513,
,,0.2599331642132873
[0.135 -0.730 -1.000],,
,0.2595694241933717,
,,0.25956165006225257
[0.519 -0.887 0.352],,
,0.29900760171690427,
,,0.29899462290852474
[-0.069 -0.177 -0.400],,
,0.2982294272044276,
,,0.298218714495981
[0.619 0.086 -1.000],,
,0.2801917607349892,
,,0.2791244027137041
[-0.891 0.504 -0.817],,
,0.22633606773210377,
,,0.22619845375582084
[-0.158 -0.195 0.100],,
,0.2980603698020032,
,,0.29785708276653505
[-0.808 -0.854 -1.000],,
,0.39521861395779767,
,,0.39376993793960247
[-0.142 0.005 1.000],,
,4.895323120634547,
,,4.891966008531723
[0.475 0.395 0.842],,
,0.2993820135952118,
,,0.299214271463588
[-0.996 -1.000 -0.559],,
,9.713327065395742,
,,9.699912353228944
[0.732 -0.330 -0.797],,
,0.3003883760538316,
,,0.30034970528928034
[-0.604 0.133 -0.670],,
,0.29713948094725684,
,,0.2971191441274293
[0.250 -0.745 -1.000],,
,0.2924406846831143,
,,0.2923950819761349
[-1.000 0.247 0.710],,
,4.079909396916618,
,,4.07352984127387
[0.541 0.384 -0.365],,
,0.2844958395716149,
,,0.28447112981138994
[0.434 -0.168 -1.000],,
,0.30539303670121737,
,,0.30536568421804855
[-0.184 -0.569 -1.000],,
,0.30005312972798703,
,,0.2998692862699334
[0.357 -0.854 -1.000],,
,0.29014130496478424,
,,0.29009451241819784
[-0.522 0.183 0.252],,
,11.684318764280947,
,,11.680811873018165
[0.225 -0.663 0.857],,
,0.29872007267836337,
,,0.2986542974782977
[-0.140 0.881 -1.000],,
,0.30509293825543105,
,,0.30506041088646285
[0.093 -0.256 -0.478],,
,0.2677949530285791,
,,0.2677534588849861
[0.528 0.074 -0.408],,
,17.616001573509937,
,,17.602723060793995
[-1.000 0.322 -0.904],,
,0.2800260984714494,
,,0.27999611231078736
[0.313 0.137 -1.000],,
,0.28617283361040063,
,,0.286121410671695
[0.136 0.273 0.431],,
,5.499680626093649,
,,5.492505887142552
[-0.003 -0.400 -1.000],,
,0.29975166998792824,
,,0.29973077086866673
[1.000 -0.173 -1.000],,
,3.5809532447826737,
,,3.5753126492264653
[0.022 -0.272 -0.702],,
,0.2180161077114919,
,,0.21797204128438386
[0.543 1.000 -1.000],,
,0.2897843801361956,
,,0.2897223365977717
[0.253 -0.015 0.690],,
,0.30043478028715903,
,,0.3004141591233031
[0.077 -0.353 -1.000],,
,12.203284499257602,
,,12.192073641252916
[-1.000 0.205 -0.161],,
,0.2886779460743023,
,,0.2886656073701379
[0.514 0.585 0.488],,
,0.2890296175705338,
,,0.2890058404768157
[0.824 -0.132 -1.000],,
,0.1753488590811827,
,,0.17534519351789804
[1.000 -0.123 -1.000],,
,0.26108361775301886,
,,0.26103534802510614
[0.125 -0.202 0.065],,
,7.122536717718798,
,,7.116659357443947
[-0.426 -0.486 -1.000],,
,0.29120972072770457,
,,0.29118301511361144
[1.000 -1.000 -1.000],,
,0.3028308589445342,
,,0.3026868000634641
[0.808 0.121 -1.000],,
,0.19539157185042827,
,,0.19534410755006626
[0.193 -0.762 -0.706],,
,8.526853959436155,
,,8.509712374867425
[-0.324 -0.071 -0.397],,
,0.2660798265129059,
,,0.2659716971559722
[0.006 0.714 -0.096],,
,1.6400853573008098,
,,1.6372916205137253
[1.000 -0.361 1.000],,
,10.021623512454362,
,,10.019187649449124
[-1.000 0.172 1.000],,
,6.0913822985462325,
,,6.087550593158411
[-0.835 1.000 -1.000],,
,0.26533798505701356,
,,0.26529929764601307
[1.000 0.802 -0.226],,
,0.2972011059932553,
,,0.2971745691949961
[-0.988 -0.031 -0.059],,
,7.188680329675176,
,,7.185622814531014
[0.121 -0.203 -1.000],,
,0.3050274817269684,
,,0.3050223633058894
[-0.583 -0.311 -0.730],,
,11.035798462888852,
,,11.035365109537885
[-1.000 -0.417 1.000],,
,7.70454251916714,
,,7.697024408060221
[-1.000 -0.996 -0.691],,
,7.322537954501522,
,,7.320134176069727
[0.525 -1.000 -0.939],,
,10.647178315488574,
,,10.646463244236102
[0.304 0.546 -0.435],,
,5.350893382694518,
,,5.349654745396505
[-0.013 -0.952 -1.000],,
,0.21401356169597394,
,,0.21399832043356068
[0.021 0.235 -0.618],,
,8.84212435866115,
,,8.837442969040202
[-1.000 1.000 -0.094],,
,9.098007247036406,
,,9.093472636685053
[-0.380 0.342 1.000],,
,11.245327175523478,
,,11.244906299878888
[-0.981 0.228 -1.000],,
,0.30412601912554094,
,,0.30411995973990974
[0.649 0.743 -1.000],,
,0.28180763132769143,
,,0.2817915147467161
[0.763 0.165 -1.000],,
,0.30769078481640416,
,,0.3076733402603047
[0.414 -0.170 -0.001],,
,0.2904848734298326,
,,0.2903974122356011
[-1.000 0.691 -0.597],,
,8.615349417632443,
,,8.608418261303202
[-0.225 0.050 -0.051],,
,0.29560453756891486,
,,0.2955509419133264
[-1.000 0.205 -0.376],,
,0.3061245755253969,
,,0.30609272864919423
[-1.000 0.107 -1.000],,
,0.3058163773279201,
,,0.3057875402369579
[0.702 -0.259 -1.000],,
,0.2799615628179661,
,,0.27987682040692297
[0.354 -0.499 -1.000],,
,0.3065416879584305,
,,0.3064754442508607
[0.016 1.000 0.049],,
,8.635409284420144,
,,8.633459548023644
[-1.000 0.070 0.311],,
,5.993342040687683,
,,5.985240761175444
[-0.047 -0.322 0.904],,
,0.29865571901750837,
,,0.2981740467816462
[0.162 0.211 -0.598],,
,0.2909517965489013,
,,0.290925433645462
[-1.000 -0.207 -0.522],,
,0.2958117182857538,
,,0.2957708790947966
[0.663 0.271 1.000],,
,12.704202783000762,
,,12.699873465766002
[-0.741 -0.316 -0.944],,
,9.64392016784466,
,,9.639661489628317
[-0.648 -0.323 0.027],,
,5.1452705693150795,
,,5.144096129382348
[-1.000 -0.231 -1.000],,
,9.366970931478626,
,,9.362851758248226
[-0.080 -0.206 -0.929],,
,0.28999086251747225,
,,0.2896595538022627
[0.491 0.122 -0.593],,
,0.3064556639824385,
,,0.30639988141674784
[-0.761 -0.994 -1.000],,
,0.28436908406974215,
,,0.28435886730650495
[-1.000 0.530 0.534],,
,2.0207381371985353,
,,2.017291615079043
[-1.000 -0.162 -0.821],,
,0.10266140562687108,
,,0.10176555721161577
[-0.819 -0.330 -0.942],,
,0.27555143559522033,
,,0.27552385161732734
[0.869 -0.329 0.078],,
,0.2975560398113742,
,,0.29754027875402145
[0.236 0.666 -1.000],,
,0.18072234836027856,
,,0.18069504327679856
[-0.125 0.071 -0.884],,
,7.581106306860677,
,,7.57629924250901
[1.000 -0.157 -0.314],,
,0.2269019416100817,
,,0.22679856983619803
[-0.874 -0.633 -0.923],,
,0.30359178588892505,
,,0.30358268148542916
[0.802 -0.284 -0.855],,
,0.2864281577734095,
,,0.28637357054910145
[0.846 -0.165 -1.000],,
,0.2913126567805675,
,,0.29128930643665263
[-1.000 -0.091 -0.791],,
,0.2813778931282548,
,,0.28135648440613764
[-0.488 -0.261 -1.000],,
,5.4802514287440465,
,,5.467501406833046
[-0.461 0.094 0.545],,
,0.2986906361009542,
,,0.29866995176304156
[0.128 -1.000 -0.236],,
,7.55295335730484,
,,7.551163754019555
[1.000 -0.726 -1.000],,
,0.3002311572369634,
,,0.30020155940487525
[1.000 0.933 -1.000],,
,0.2985707371293733,
,,0.29515573415661694
[-0.272 -1.000 -0.971],,
,18.60671230261564,
,,18.59847950101387
[0.234 -0.001 -0.739],,
,0.30073690763830035,
,,0.30071699099401
[-1.000 -0.101 -1.000],,
,0.2836736465974039,
,,0.2836206486628271
[0.329 -0.204 -1.000],,
,5.778685044343122,
,,5.77667268110844
[0.622 1.000 1.000],,
,0.3065395106351739,
,,0.30653320696684194
[0.181 -0.361 -0.662],,
,11.542103598330256,
,,11.53493028735627
[0.456 0.833 -1.000],,
,0.30019456368054476,
,,0.300162374545394
[0.013 -0.985 -1.000],,
,0.23808436993545526,
,,0.23802793139344794
[-0.086 -0.594 -0.497],,
,0.2946486468430173,
,,0.2946347016712534
[-1.000 -0.905 -1.000],,
,0.2998761567584222,
,,0.29986885380070516
[-0.371 0.714 0.830],,
,9.219290852831202,
,,9.217400817871969
[0.105 0.127 -1.000],,
,0.30174770403069767,
,,0.30155398788707866
[-0.056 -0.733 -1.000],,
,0.2866683632888323,
,,0.2866648467870914
[-0.627 -1.000 -1.000],,
,1.8369488966242846,
,,1.833108000611908
[-0.255 -0.701 -0.817],,
,0.2924637205538375,
,,0.2923004845144398
[-0.128 -0.691 -0.563],,
,7.6142050209459775,
,,7.606398528187793
[-0.330 0.374 -1.000],,
,0.18063842923175372,
,,0.18054426951381947
[-0.852 -0.111 -0.398],,
,8.31297593551422,
,,8.304702934722014
[0.345 0.408 -1.000],,
,0.29314400023872084,
,,0.292800539487327
[-0.621 0.697 0.227],,
,0.2983061805980805,
,,0.2982647891372374
[-1.000 0.329 -1.000],,
,0.3705667950181574,
,,0.3696480012405157
[-0.220 -0.245 -1.000],,
,0.2806592700978149,
,,0.280607486252633
[-0.115 0.284 -1.000],,
,6.191358430365828,
,,6.183029595393552
[1.000 0.434 -1.000],,
,0.22245649921486066,
,,0.222442982928522
[0.044 -0.630 -0.269],,
,8.548941913247324,
,,8.54523172360341
[0.637 1.000 -1.000],,
,5.224591993372347,
,,5.2214002884061
[-0.618 0.110 0.237],,
,5.55098262973311,
,,5.540424017630549
[-0.903 0.033 -0.391],,
,0.2696940353012718,
,,0.2696202515103978
[-0.366 0.062 -1.000],,
,0.3082501090802929,
,,0.3082001823314263
[-0.039 -0.123 -0.675],,
,0.2986577993614619,
,,0.2985349657819229
[-1.000 -0.429 -0.260],,
,0.2879474004297423,
,,0.287939736195732
[0.922 0.877 -1.000],,
,0.29747290955311717,
,,0.29742802952315606
[0.213 -0.294 -1.000],,
,0.10938399043178779,
,,0.1088569577795283
[-1.000 0.193 1.000],,
,4.300916527233337,
,,4.2967475374428155
[-0.215 -0.533 -0.233],,
,7.690890357591654,
,,7.687104728383322
[-0.812 -0.745 0.292],,
,0.2989716223666533,
,,0.2989402634981657
[-1.000 1.000 -0.299],,
,3.8697461805149187,
,,3.8620242513151757
[0.190 0.504 -1.000],,
,0.31456424983710446,
,,0.31419876246837686
[0.065 -0.497 -0.492],,
,0.30185134196286095,
,,0.30183508668622666
[0.128 -0.401 -1.000],,
,0.28246377696164193,
,,0.28226192524964816
[-0.680 -0.410 -0.570],,
,0.25858028225889124,
,,0.2585083887032125
[-0.530 0.013 -0.244],,
,5.219644028246794,
,,5.214346383750669
[-0.032 -0.043 -0.381],,
,0.28454040511657697,
,,0.2842371093624224
[0.233 -0.007 -1.000],,
,0.1787609581075017,
,,0.17875020309269304
[-0.114 -0.031 -0.573],,
,0.30847045310827104,
,,0.3077984477107519
[0.573 -0.728 0.708],,
,4.437281270760691,
,,4.431875484399588
[-0.044 0.092 0.967],,
,10.098800627438505,
,,10.095934836973285
[-0.008 1.000 -1.000],,
,9.557322941549318,
,,9.552337198739178
[-0.326 -0.161 -1.000],,
,6.085232375477961,
,,6.079979237751053
[-1.000 0.246 -0.604],,
,1.2336542256275005,
,,1.2301001120323092
[1.000 0.284 0.834],,
,0.2829099394487511,
,,0.28275540882153655
[-0.709 1.000 -1.000],,
,7.758258480486626,
,,7.754757881111047
[0.344 0.458 -1.000],,
,0.27205354470179105,
,,0.27200164950725986
[-1.000 0.424 0.003],,
,5.728954391474979,
,,5.720127681017298
[-1.000 -0.217 0.354],,
,0.2783639825405031,
,,0.2780680188244417
[0.323 0.516 0.110],,
,0.2890907628595859,
,,0.2890653039668823
[-1.000 -1.000 -1.000],,
,0.28929513230031173,
,,0.2892824549776389
[-0.301 -0.431 -0.266],,
,0.30058547191692536,
,,0.30054730369251836
[-0.911 0.237 -1.000],,
,0.3038686237532173,
,,0.3038380742800815
[-0.175 -0.896 1.000],,
,0.29902599373845534,
,,0.29900936657316207
[0.185 -0.753 -1.000],,
,0.29378941328585173,
,,0.29378666178357155
[0.895 0.416 -1.000],,
,0.2972635357760353,
,,0.2972632954729925
[0.234 -0.144 -1.000],,
,0.2817174392423695,
,,0.28168342117663847
[-0.445 0.097 0.290],,
,0.28920722191471426,
,,0.2891128727844336
[-0.737 0.610 0.439],,
,4.361145737998928,
,,4.359315517004791
[0.271 -0.001 -1.000],,
,0.28567543616746705,
,,0.28566259539421546
[-0.181 0.435 -0.007],,
,0.28342356633821025,
,,0.28335642931886595
[-1.000 0.654 -0.141],,
,0.30060304775954394,
,,0.30058496492342923
[0.986 -0.478 -0.334],,
,0.25544378147448377,
,,0.2553403434613026
[0.806 -0.877 0.519],,
,0.28508999490720843,
,,0.2850878655169386
[0.327 0.315 -0.980],,
,14.015594006834132,
,,14.009616328963881
[-0.685 -0.046 0.083],,
,0.29967753793885776,
,,0.2995432252574885
[1.000 -0.222 -0.084],,
,0.3063907045228994,
,,0.30632010651849445
[-0.844 -0.270 -0.212],,
,0.29187715731223907,
,,0.291874777734681
[0.135 0.081 -0.094],,
,12.541601996325436,
,,12.540273201621186
[0.586 -0.531 -0.056],,
,5.799465602842435,
,,5.798835209858004
[0.566 0.660 -1.000],,
,0.29063456912831526,
,,0.2906213098471279
[0.297 -0.213 -1.000],,
,0.29100200492328615,
,,0.2909713692255694
[-0.897 -0.835 0.241],,
,0.3004078910231463,
,,0.3003902283595503
[-0.895 0.233 -0.854],,
,23.582133895646844,
,,23.552369739920415
[0.056 -0.404 -0.391],,
,0.2916587931467152,
,,0.2916361852257567
[-0.694 0.197 1.000],,
,4.961374996799001,
,,4.958999459086613
[-0.816 0.684 -0.906],,
,0.3046890208360713,
,,0.3046862133171216
[0.234 0.577 -0.910],,
,0.22517496355953037,
,,0.2251674204661516
[0.036 1.000 -0.613],,
,0.021999980730492665,
,,0.021838907104948735
[0.347 -0.167 -0.852],,
,0.3337470909110262,
,,0.33226130499070783
[-0.607 -0.431 -0.620],,
,0.28317933943902224,
,,0.28316932041043386
[-1.000 -0.052 0.923],,
,9.328032278730255,
,,9.321347721880722
[-0.839 0.304 -0.053],,
,0.3013381729055688,
,,0.30133622059437204
[-0.168 -0.412 -1.000],,
,28.283679449968385,
,,28.27140942521981
[0.062 -0.136 0.908],,
,7.539475023875843,
,,7.5369395468017535
[-1.000 0.217 -1.000],,
,0.14246800023128994,
,,0.1424473002480857
[0.326 -0.214 1.000],,
,2.3136882436682185,
,,2.3114909659924314
[-0.082 0.243 -1.000],,
,9.884776308636743,
,,9.880173461633799
[0.834 -0.114 0.388],,
,0.1341686719317469,
,,0.13415939702135216
[-0.204 -0.149 -1.000],,
,0.28459926876011976,
,,0.28455868427047887
[-0.093 -0.176 0.178],,
,0.1939058034255101,
,,0.19389891898647682
[-0.594 -0.147 0.540],,
,0.3040736003633831,
,,0.30406737396058603
[-0.503 -0.404 -1.000],,
,0.30038638357006314,
,,0.3002397772564553
[-1.000 0.122 -1.000],,
,7.263583008825065,
,,7.258769947812388
[-0.392 0.632 0.052],,
,30.624566991427184,
,,30.613355409678974
[-0.984 0.413 0.099],,
,0.3063490795848039,
,,0.30634786873363534
[0.692 -0.345 -1.000],,
,0.28793953036913206,
,,0.28791536886224006
[-0.626 0.302 -0.327],,
,4.572055127868789,
,,4.5719309243847785
[-0.950 0.201 1.000],,
,10.979494686703278,
,,10.976516797358961
[0.998 0.200 -1.000],,
,0.301052997394056,
,,0.30090299383059244
[-0.638 0.277 -1.000],,
,0.29118759511040077,
,,0.2911640793575432
[-1.000 0.582 -0.326],,
,8.885208466095998,
,,8.883233889716465
[-1.000 0.052 0.741],,
,7.473693711079736,
,,7.467353800586666
[-0.250 -0.929 1.000],,
,9.536076328846157,
,,9.526119889099249
[-0.325 0.470 -1.000],,
,0.13148718381642543,
,,0.13123412734312404
[0.150 1.000 -1.000],,
,0.24798450514108358,
,,0.24794189649573417
[0.300 0.261 -0.899],,
,0.2879501253766333,
,,0.2879203993003459
[-1.000 0.123 -0.654],,
,6.2601216587156046,
,,6.251734272759259
[0.072 -0.001 1.000],,
,9.103656630078959,
,,9.098730539972488
[0.087 -0.294 -1.000],,
,0.029136177566939554,
,,0.02245918049778638
[0.241 -1.000 -0.856],,
,0.30018076309135794,
,,0.300178496700725
[-0.372 -0.179 -0.554],,
,7.011228562497658,
,,7.006315113474405
[0.081 -0.959 -1.000],,
,0.017477996029779043,
,,0.016926475868535223
[-0.248 -0.241 -0.540],,
,0.2961065045307213,
,,0.2960969963269454
[-0.356 0.331 -0.815],,
,0.3010669940574019,
,,0.3008187704800653
[-0.772 0.002 -0.522],,
,0.2978160877668558,
,,0.29769562159260654
[0.069 -1.000 0.850],,
,0.29697226435614493,
,,0.2969679276795133
[0.149 0.028 -0.065],,
,0.0678274388540312,
,,0.06697223548462648
[-1.000 0.107 -0.801],,
,0.30461648203555963,
,,0.3046154117540133
[-0.177 -0.105 -0.119],,
,19.173480933910394,
,,19.170343784865455
[-0.768 0.499 -0.929],,
,0.30526293086979683,
,,0.30525897227544796
[-0.653 -0.369 -1.000],,
,0.2938783010368318,
,,0.29387808772209995
[0.291 -0.432 -0.705],,
,0.10077750991986366,
,,0.1006183894041749
[-0.285 -0.161 -1.000],,
,14.49128956133445,
,,14.488462353175253
[-0.394 0.134 -0.731],,
,4.436062237002439,
,,4.425870400263785
[0.243 0.186 -1.000],,
,0.1619519236724413,
,,0.161912229978791
[0.373 0.907 -1.000],,
,0.29569525417930576,
,,0.29565254776298594
[-0.400 -0.082 1.000],,
,0.29815454366576527,
,,0.2981015740961548
[-0.667 -0.086 -1.000],,
,0.30492285820382803,
,,0.30492203617729785
[0.226 0.751 0.185],,
,0.3007545473710786,
,,0.3007286913039246
[-0.129 0.004 -0.606],,
,0.3069180060845601,
,,0.3067794806768056
[-0.438 -0.600 -1.000],,
,6.195528213627039,
,,6.192241000176674
[-1.000 -0.174 0.095],,
,0.3044057049541703,
,,0.30440003466967647
[-0.302 0.461 -0.340],,
,5.485985710684699,
,,5.483766139002925
[0.361 0.347 0.151],,
,0.27981032368504016,
,,0.279778883356287
[-0.426 0.474 0.487],,
,6.476891591806795,
,,6.4746654994113175
[-1.000 0.014 -0.646],,
,0.30140249804944447,
,,0.3012947188384153
[-1.000 -0.171 -0.653],,
,7.347734586519867,
,,7.3443920732522185
[0.350 -0.130 -0.716],,
,12.500878803301129,
,,12.496979438828971
[0.363 0.738 -0.251],,
,7.775885522050466,
,,7.771794413729272
[-0.547 -0.436 0.232],,
,0.7068354223521,
,,0.7048136234676331
[-0.221 0.796 0.112],,
,8.609664361326036,
,,8.60560166387738
[-0.163 -0.421 -1.000],,
,6.908159615926494,
,,6.904447432824133
[-0.748 -0.115 -0.440],,
,8.376433588559262,
,,8.372291567847679
[-1.000 0.646 -0.636],,
,0.15763554892686518,
,,0.1571452028351738
[-0.829 0.138 0.784],,
,0.2982141086101479,
,,0.29819793559606234
[-0.561 -0.078 -0.725],,
,0.29567700860590007,
,,0.2956737297734492
[-0.154 0.635 -0.659],,
,0.23341553648859525,
,,0.23334065034728552
[-0.609 0.228 0.654],,
,0.29559314798531805,
,,0.2955786885276217
[0.396 -0.158 -1.000],,
,13.413547855778216,
,,13.408322830547341
[-1.000 -0.277 -0.258],,
,11.038207753853504,
,,11.032796285189825
[0.054 -0.093 -0.689],,
,0.27620494532196,
,,0.27611123180762864
[0.210 -0.002 0.190],,
,8.08402921720354,
,,8.08047415592873
[-1.000 0.778 -1.000],,
,0.025184607411963447,
,,0.025034709308486797
[-0.453 0.476 -0.880],,
,0.30424627715540964,
,,0.3042273872541369
[-0.378 -0.791 -1.000],,
,0.3214096257818344,
,,0.319714573961325
[0.959 0.255 -0.352],,
,16.57363117739606,
,,16.568606069588657
[-1.000 -0.073 0.163],,
,0.30038183001551383,
,,0.3003743998082697
[0.613 -0.150 -1.000],,
,0.28670212205051676,
,,0.2866689405645051
[0.122 -0.481 -0.305],,
,0.04644658941994132,
,,0.046083279871921484
[-0.897 0.522 1.000],,
,0.3036491210547472,
,,0.3036099008148882
[-1.000 -0.324 -0.475],,
,0.30011340969800454,
,,0.3000985159212027
[-1.000 -0.448 -0.478],,
,0.3093307104125029,
,,0.30921530801540775
[0.273 0.741 -1.000],,
,7.333852498383648,
,,7.331095241722644
[-1.000 1.000 -0.603],,
,4.191470813821965,
,,4.185023975750507
[0.745 0.372 -1.000],,
,0.2506358627209006,
,,0.2505972311575426
[-1.000 -0.102 0.065],,
,0.30118687878746925,
,,0.3010851026323543
[-0.542 -0.117 -1.000],,
,0.293167765283444,
,,0.293109991061546
[-0.038 0.067 -1.000],,
,6.515923113597358,
,,6.508973000584336
[-0.583 -0.067 -0.754],,
,0.24870947762305634,
,,0.24870049253161783
[1.000 -0.726 -0.805],,
,9.825913313833992,
,,9.820985652674583
[0.790 0.151 0.578],,
,2.3230034820386405,
,,2.3195813154205696
[-0.821 -0.150 -1.000],,
,8.686648246907913,
,,8.684138769889538
[-0.340 -0.176 -1.000],,
,0.06605448958896891,
,,0.06604167081127822
[-0.778 0.629 -0.833],,
,0.18195374849841522,
,,0.1816696274576392
[-0.867 0.467 -1.000],,
,0.2629317341116526,
,,0.2629169055356517
[0.643 0.007 -0.597],,
,8.268285567330057,
,,8.2632148973166
[-0.656 -0.149 -0.685],,
,14.335206405450462,
,,14.326732476888642
[-0.486 0.027 -0.944],,
,3.0394694256327512,
,,3.031707293295612
[0.086 0.603 -1.000],,
,0.24484308463815338,
,,0.2448254041759591
[0.237 -0.605 -0.778],,
,0.13310798459774548,
,,0.13294026316548319
[-0.346 0.395 -0.487],,
,0.18024384639003874,
,,0.18005216574671734
[-0.060 0.044 -1.000],,
,0.28618875850953884,
,,0.2861657696107611
[-0.182 -0.430 -1.000],,
,0.18537923108346874,
,,0.185289738652466
[0.377 -0.063 -1.000],,
,0.28701578006411205,
,,0.28700653078453514
[0.498 0.112 -1.000],,
,0.2900746086196944,
,,0.2900687460346192
[-0.208 0.577 -0.595],,
,0.3004902212865819,
,,0.3004887557419747
[-0.309 -0.244 -1.000],,
,0.30133425489143584,
,,0.30132753636647286
[1.000 -1.000 -1.000],,
,0.2947114896417693,
,,0.2946677791793523
[0.120 0.084 -0.421],,
,7.799256360555746,
,,7.792777384472761
[-0.920 -0.098 1.000],,
,4.774224852832349,
,,4.771500551772112
[0.238 0.228 -0.773],,
,5.361796028697613,
,,5.356090046066455
[0.337 0.085 0.072],,
,10.810854609832377,
,,10.80515955019242
[-0.126 0.244 -1.000],,
,0.30429117211620377,
,,0.304205630640733
[-0.761 -0.188 -0.089],,
,12.489749419966843,
,,12.483539929646335
[-0.552 0.025 0.850],,
,0.3003770762936126,
,,0.30036760361738324
[-0.387 -0.670 -0.915],,
,8.477163362790018,
,,8.473929055899198
[-1.000 0.658 -0.471],,
,3.420177946170747,
,,3.411428867894032
[-0.032 0.509 -0.628],,
,4.767286730550648,
,,4.76552216374343
[-1.000 -0.690 -1.000],,
,0.2994560263720089,
,,0.29925910401684863
[-0.320 0.186 -1.000],,
,0.14082500460652053,
,,0.14059975001881178
[0.032 -0.265 -0.308],,
,2.802712203092474,
,,2.801062843816049
[-0.581 0.530 -0.510],,
,0.2459731269461228,
,,0.24250987921682357
[0.112 0.533 0.217],,
,0.26804276200267163,
,,0.26787512713930683
[-0.298 -0.768 0.435],,
,0.30547570804112023,
,,0.3054743968666844
[-0.478 0.185 -0.111],,
,4.304359837014612,
,,4.298233050052118
[0.044 0.098 -1.000],,
,0.17250528899515152,
,,0.17242837067066216
[-0.440 -0.871 -0.958],,
,0.3082113267675535,
,,0.30807195030031936
[0.410 0.071 0.063],,
,4.642045178390094,
,,4.640975539043578
[-0.750 -0.503 -0.207],,
,0.28067346560537365,
,,0.28061283191424313
[0.274 0.220 -0.470],,
,0.28340104666678734,
,,0.2833995132354892
[-0.462 0.223 0.191],,
,0.29770744791389814,
,,0.2976850450331267
[1.000 -0.358 -0.701],,
,14.303623403000094,
,,14.28505514877474
[0.133 -0.538 -0.728],,
,5.964189466920512,
,,5.961540385476228
[-0.980 -0.015 -1.000],,
,0.28324917434401126,
,,0.28320856578823894
[0.285 0.594 0.891],,
,2.6895729719625794,
,,2.6868864836940447
[-0.390 0.335 -0.264],,
,0.3024550293743231,
,,0.302454499711526
[-0.116 -0.555 -0.194],,
,8.523613166391502,
,,8.519683981342439
[0.823 -0.083 -0.781],,
,3.8324057733650516,
,,3.8269868446515676
[-1.000 -0.192 -0.865],,
,0.27300252067215486,
,,0.27298862710955624
[-0.031 -0.595 0.979],,
,6.59458903958831,
,,6.586979421595246
[-0.780 -0.081 0.647],,
,5.31057214206178,
,,5.302906910451484
[-0.516 -0.315 0.696],,
,7.587498185571162,
,,7.584118120352755
[-0.052 -0.324 -1.000],,
,0.042838683697899095,
,,0.03395696124289648
[-1.000 0.180 -0.323],,
,0.2984286970851188,
,,0.2983839253062948
[-0.121 0.204 -0.386],,
,3.0788397791686823,
,,3.0760520916130787
[-0.386 -0.189 -1.000],,
,0.2899299738498032,
,,0.2899008107020228
[0.296 0.560 -1.000],,
,0.2082466989554388,
,,0.2082114403573942
[-0.573 0.802 -0.891],,
,0.28216369164425553,
,,0.2821594523616443
[-0.768 -0.716 -1.000],,
,0.3000040098543631,
,,0.29996070633789756
[0.586 0.112 -1.000],,
,0.2685178137792317,
,,0.26848835994166115
[-1.000 -0.757 -1.000],,
,9.121821948422815,
,,9.121310874613727
[-0.728 -0.985 -0.478],,
,0.284008352930088,
,,0.28398573255697934
[-0.468 -0.052 0.485],,
,0.29260388993804803,
,,0.2925737987368628
[0.157 -0.127 -1.000],,
,4.146123064372933,
,,4.1449913368516595
[0.265 -0.690 -1.000],,
,11.719661175097666,
,,11.710795188997523
[0.532 0.018 -1.000],,
,4.260086819737401,
,,4.2521897558108614
[-1.000 0.507 -1.000],,
,0.29145792430033696,
,,0.29144937900939316
[-0.621 0.233 -1.000],,
,0.2136270184498392,
,,0.2135861014999183
[-0.941 0.443 0.825],,
,4.338834906225759,
,,4.333258728172174
[-1.000 -0.107 0.707],,
,0.27558640255421607,
,,0.2755652499209215
[0.582 -0.127 -1.000],,
,0.2878420530858266,
,,0.28783803500113786
[-0.817 0.226 -0.651],,
,0.3003758846094889,
,,0.3002325400102823
[0.835 0.294 0.332],,
,0.30461544893573683,
,,0.30453626855355087
[-0.421 0.395 -1.000],,
,0.4021928952420453,
,,0.4005441203522307
[0.048 0.123 0.563],,
,1.5049637858922937,
,,1.5040550186166635
[-0.745 0.293 -0.687],,
,11.809521296655017,
,,11.80858609156577
[-1.000 0.209 -1.000],,
,10.974565595460506,
,,10.96702769320039
[-0.716 -0.740 -1.000],,
,9.588763767267237,
,,9.580285350920313
[-0.204 0.673 -0.176],,
,13.19763998055748,
,,13.19331042397557
[0.181 -0.018 -1.000],,
,0.28147181934694954,
,,0.28140789212386985
[-0.833 -0.543 -1.000],,
,2.8264595919367546,
,,2.824248210226202
[-0.367 0.601 -1.000],,
,23.658430828920046,
,,23.648994147796692
[-0.229 -0.773 -0.750],,
,5.687048305177678,
,,5.68661977168456
[-0.188 0.321 -1.000],,
,0.2896249968650591,
,,0.2895071904807644
[-0.995 -0.768 -1.000],,
,4.723443930190259,
,,4.72084533460463
[-0.470 0.261 -1.000],,
,0.5335669751774355,
,,0.5319799264294263
[-1.000 0.375 -1.000],,
,9.892029961013899,
,,9.883378937664123
[-0.658 0.554 -1.000],,
,0.031015912907024434,
,,0.03042726901154205
[-0.539 0.061 -0.552],,
,5.646694785292143,
,,5.644857039249118
[-0.315 0.236 -0.690],,
,0.3013864776941694,
,,0.3013794351870188
[-0.669 -0.893 -1.000],,
,0.30076639488037027,
,,0.30076621658765473
[-0.269 -0.044 -1.000],,
,0.2879033124237386,
,,0.28785533400669705
[-0.840 -0.349 -0.009],,
,6.314062004965569,
,,6.3054173371698
[-0.341 0.221 -0.999],,
,9.006633486934827,
,,9.002617149987731
[-0.845 0.156 -0.512],,
,0.30500400947359513,
,,0.3050007080981495
[0.312 0.165 0.281],,
,7.287643581710274,
,,7.285120873016357
[-1.000 0.563 0.026],,
,7.548712566281234,
,,7.5423745810920275
[0.019 -0.638 -1.000],,
,0.29222293097133933,
,,0.29215842513811424
[-0.387 0.611 -1.000],,
,1.1738473970586267,
,,1.1724701151210044
[0.264 -0.243 -0.014],,
,0.3047274802996911,
,,0.304720100066848
[-0.830 -0.408 -1.000],,
,0.28540884297207586,
,,0.28538906859972624
[-0.305 0.073 -1.000],,
,2.653095327722009,
,,2.648614879176962
[-0.721 0.044 -0.231],,
,0.3054783784979303,
,,0.3054677776957158
[-0.191 -0.161 -1.000],,
,7.159320016389343,
,,7.1553339922089645
[0.247 -0.450 -0.173],,
,3.1849938622849847,
,,3.183750877327679
[-0.519 0.400 -0.103],,
,10.297810496356693,
,,10.280057144017597
[-0.517 0.612 -0.308],,
,8.218175168102116,
,,8.20871862933406
[0.604 0.272 -1.000],,
,0.2955542440489597,
,,0.2955185643623232
[-1.000 0.495 -0.114],,
,9.677193344634782,
,,9.673779806673453
[-0.945 -0.505 -0.074],,
,3.250771946851309,
,,3.2490800037367253
[-0.332 0.158 -1.000],,
,0.280070695532497,
,,0.28006870130080214
[-0.611 0.393 -0.174],,
,7.312298840009167,
,,7.303511586244507
[-0.472 0.074 -1.000],,
,0.30331811550106813,
,,0.303317090414815
[-1.000 -0.169 -1.000],,
,0.30165350815078307,
,,0.3016517428700095
[-0.956 -0.066 1.000],,
,3.7927489481991774,
,,3.7907749351467555
[-0.322 -0.679 -1.000],,
,6.932335161641868,
,,6.926934502685617
[-0.437 0.200 -0.672],,
,0.27114954393964724,
,,0.2711307399070595
[-0.854 0.104 -1.000],,
,0.3000331400095519,
,,0.299993144663745
[-1.000 -0.499 0.089],,
,0.7712519912660873,
,,0.7703135893886119
[-1.000 -0.538 -1.000],,
,0.29327604312589495,
,,0.2932745840321881
[-0.268 -0.475 -0.825],,
,0.30653229469552484,
,,0.30649733164941717
[-0.341 0.029 -0.998],,
,0.11963805444282745,
,,0.11941317108407233
[-0.621 0.269 -0.943],,
,4.209703899998617,
,,4.203806267879515
[-0.593 -0.089 -0.113],,
,9.094663087242202,
,,9.091855339491305
[-1.000 0.202 -0.537],,
,1.2755628956249925,
,,1.2752486035330488
[0.337 -0.293 -0.282],,
,0.30159262163198264,
,,0.3015127443958671
[0.298 0.273 -1.000],,
,10.449431869915644,
,,10.446137797686893
[-0.656 -0.413 -1.000],,
,4.120088445017406,
,,4.111625010932437
[-1.000 -0.067 -1.000],,
,0.2979555185318294,
,,0.29782682102512725
[-0.796 0.135 -1.000],,
,2.280888107581975,
,,2.2774773926196796
[-0.806 -0.373 1.000],,
,3.469967191798134,
,,3.4677915275735938
[-0.940 0.246 -1.000],,
,2.3516701044463892,
,,2.3506742819010524
[-0.017 0.004 0.886],,
,0.3022292329805798,
,,0.3021753988622898
[-1.000 -0.310 0.039],,
,7.569291045016746,
,,7.55977170225789
[-0.341 -0.038 -1.000],,
,0.29646435622905715,
,,0.29636888422585994
[-0.578 0.038 0.267],,
,0.9820261947410213,
,,0.9792656364030058
[-0.140 0.035 -1.000],,
,0.28872906797665765,
,,0.2887202178374473
[-0.108 -0.303 -1.000],,
,0.2969073409308575,
,,0.29687811685224574
[-0.996 0.180 -0.292],,
,0.2904737475223128,
,,0.29045284955097994
[-0.652 0.331 -0.336],,
,10.619221017660088,
,,10.609288365944964
[0.742 -0.377 -1.000],,
,0.06712747602433265,
,,0.06702617236146233
[-0.339 0.635 -1.000],,
,8.895889848580007,
,,8.894406746209237
[0.659 -0.084 0.206],,
,0.2943527539523921,
,,0.29434137851766995
[-0.482 0.332 0.306],,
,0.15846956762912784,
,,0.15840882785331417
[-0.951 0.355 0.057],,
,0.3041044935829968,
,,0.30403843010320925
[0.401 -0.152 -1.000],,
,0.16314182065760027,
,,0.16093610066320463
[0.282 -0.286 -1.000],,
,4.6874751326645985,
,,4.6844900714031965
[0.011 0.527 0.204],,
,7.753470908367681,
,,7.749521743178622
[-0.924 -0.253 -1.000],,
,0.3023620902843004,
,,0.3023503791761424
[-0.792 0.278 0.965],,
,3.5940347613350867,
,,3.5931075909491046
[0.081 0.507 -0.041],,
,1.4420618412208437,
,,1.4387805451850915
[-0.188 -0.913 -0.445],,
,10.019441914536994,
,,10.01009500982025
[-0.816 0.124 -1.000],,
,0.2930199110522713,
,,0.29288142908171666
[-0.268 -0.163 -1.000],,
,0.29895832923728954,
,,0.298789964995386
[-0.737 0.127 -1.000],,
,0.30115142238768344,
,,0.30113652033999994
[0.045 -0.795 -1.000],,
,0.2862084875215156,
,,0.2861847055919678
[-0.007 1.000 -0.587],,
,0.3040953761701752,
,,0.3040893112328276
[-0.472 0.926 -1.000],,
,0.29678181744600973,
,,0.2967196776875242
[-1.000 0.321 -1.000],,
,10.905558093757831,
,,10.902903820164836
[-0.656 -0.074 -1.000],,
,0.28305770767774796,
,,0.2830484363509682
[-0.738 0.585 -0.447],,
,9.09255200041283,
,,9.086310318340116
[-1.000 0.367 -1.000],,
,0.28162907686030264,
,,0.28151660037684173
[-0.967 0.081 -1.000],,
,0.3072606246600811,
,,0.307251401794833
[-0.341 0.114 -1.000],,
,11.109533674262268,
,,11.107636631210971
[-1.000 0.148 -1.000],,
,0.29675722872445276,
,,0.29664892269959686
[0.252 -0.056 -0.754],,
,6.157217843349164,
,,6.1570354392549325
[-0.151 -0.555 -0.411],,
,6.772470571663465,
,,6.763784308423193
[-0.376 0.233 -0.469],,
,0.12600028289334642,
,,0.12585843700053267
[0.316 0.167 -1.000],,
,13.467450087152862,
,,13.467012421549825
[-0.635 0.223 -1.000],,
,4.635738178737132,
,,4.632479025370124
[-0.350 -0.057 0.302],,
,6.214676019046167,
,,6.212264002481199
[-1.000 -0.320 -1.000],,
,0.28728741965779636,
,,0.287203602530879
[0.153 0.014 -1.000],,
,0.34491406447666295,
,,0.34310392329632605
[-0.714 -0.910 -1.000],,
,0.30183064981003155,
,,0.3018262801699827
[-0.537 -0.148 -1.000],,
,0.2775949356213985,
,,0.27754007342105663
[0.276 -0.192 -0.977],,
,13.329214786278788,
,,13.316577472971037
[-0.501 0.264 -1.000],,
,0.49988385045832073,
,,0.4993777764493843
[0.475 -0.311 -0.690],,
,0.28003158028042574,
,,0.2799294128933997
[-0.847 0.139 -0.350],,
,11.258865908991323,
,,11.252376257932582
[-0.828 -0.041 -0.849],,
,0.296492093541581,
,,0.29647853821934084
[0.608 0.340 -1.000],,
,0.30326824611561093,
,,0.30326649656399873
[-0.355 0.280 -1.000],,
,0.29799515554190387,
,,0.2979764692034774
[0.643 -0.242 -0.762],,
,0.30341099351331213,
,,0.30339941962260364
[-0.327 0.403 -0.472],,
,6.909525206930456,
,,6.904367254735684
[0.058 -0.487 -1.000],,
,0.29849918951586635,
,,0.29840143680947917
[-0.338 0.192 -1.000],,
,0.3023327901276114,
,,0.30227143599518513
[-0.345 0.669 -0.058],,
,0.22980955977387257,
,,0.22966851698121424
[-0.810 0.531 -0.333],,
,10.715465325594366,
,,10.711652910984634
[0.446 -0.050 -1.000],,
,0.29644201187544367,
,,0.29643902913383235
[-0.252 0.227 -0.543],,
,3.41123472809701,
,,3.410107127017486
[-0.773 0.400 -0.891],,
,6.340086730180183,
,,6.3318238805645075
[-0.482 -0.514 -0.560],,
,14.918516096835363,
,,14.917307539045273
[0.653 0.323 -0.378],,
,6.589009983566022,
,,6.582412738107271
[-0.526 -0.262 1.000],,
,0.3027434727937834,
,,0.3027334677253825
[-1.000 -0.843 -1.000],,
,0.3023893185415424,
,,0.30215816201816253
[-0.199 -0.197 -0.200],,
,12.697585190978073,
,,12.691961041238347
[-0.111 -0.051 0.540],,
,0.3009212293239752,
,,0.3008659355419161
[-0.723 0.404 -0.381],,
,2.4203295251434747,
,,2.4202428049235674
[-0.398 0.264 -0.428],,
,7.987668099492806,
,,7.98585312329146
[-0.838 0.383 -1.000],,
,0.2989715707938554,
,,0.2988376630007703
[-0.172 1.000 -0.816],,
,8.532017687257957,
,,8.527885877549576
[-0.360 -0.743 0.379],,
,0.28717891942748225,
,,0.28717353716403315
[-0.470 0.373 -0.604],,
,5.559158097791657,
,,5.551594352148095
[-0.510 -0.203 -1.000],,
,0.30301673408005353,
,,0.30301315274674756
[-0.896 -0.332 -0.991],,
,5.3486335159318195,
,,5.346427412651049
[-1.000 0.215 0.036],,
,6.480093764376888,
,,6.474517555571182
[-0.863 -0.557 -0.611],,
,17.352542663509524,
,,17.346623160886928
[-0.485 -0.627 -0.339],,
,9.563155412525106,
,,9.557466874688243
[1.000 0.130 -1.000],,
,10.578623332298566,
,,10.571840199031294
[-0.329 0.452 -1.000],,
,11.68431229509794,
,,11.679507935887115
[-1.000 -0.561 0.286],,
,2.6502955056143898,
,,2.6479807707055425
[-0.922 0.310 0.456],,
,1.0911767459435724,
,,1.0888394199366476
[-0.410 0.425 0.606],,
,7.489712973847879,
,,7.4854814260018765
[-0.179 0.216 -0.805],,
,6.351328293539559,
,,6.3386763106025565
[-0.795 0.136 -0.802],,
,0.304146138386366,
,,0.30411354022746107
[-0.606 0.002 0.378],,
,0.3062089261484671,
,,0.30620355397796084
[0.481 0.277 -1.000],,
,5.947248449947645,
,,5.941427417327362
[-1.000 0.025 -1.000],,
,0.30702022326271877,
,,0.30698357414041294
[-0.230 -0.261 -0.676],,
,0.3013484974794168,
,,0.3013415662094428
[-0.395 -0.584 -0.738],,
,0.3053329479964336,
,,0.3052959755066923
[0.191 -0.207 -0.751],,
,0.30455096377632074,
,,0.304538309119406
[-1.000 -0.457 -1.000],,
,0.2301362037770094,
,,0.23003255945713924
[-0.579 -0.267 -0.116],,
,1.4985229655356467,
,,1.4968468255932987
[-1.000 0.658 -1.000],,
,0.7202220895037572,
,,0.7177162877864763
[-0.676 -0.412 -0.536],,
,20.0987992427285,
,,20.098771945966767
[-0.637 -0.402 -1.000],,
,0.3063318015914998,
,,0.3063190612912557
[0.081 0.087 -1.000],,
,0.2873847332781608,
,,0.28735998682216435
[0.018 -0.189 -0.208],,
,8.481633885243713,
,,8.475028880288002
[-0.498 -0.054 -0.965],,
,0.3019713104625753,
,,0.30196457869308313
[-0.332 -0.070 -0.587],,
,6.943666107247237,
,,6.942691227031057
[0.409 0.002 -1.000],,
,10.388332483451748,
,,10.386017453854379
[-0.429 0.101 -0.955],,
,0.030032083615079183,
,,0.02915472280093003
[0.878 0.187 -0.556],,
,0.3015093786723064,
,,0.3014821919625579
[-1.000 0.568 -0.052],,
,11.28352060534443,
,,11.277134539822653
[-0.597 -0.396 0.152],,
,7.791472618456737,
,,7.789152724196473
[-0.128 0.176 -0.853],,
,5.80529642380415,
,,5.804374342337481
[-0.369 -0.458 -0.913],,
,0.19383208686954786,
,,0.19163808450533162
[0.170 0.554 -0.664],,
,9.252931612453393,
,,9.249053551720932
[-1.000 -0.196 0.595],,
,5.414156305171296,
,,5.408308934116635
[0.143 -0.379 1.000],,
,8.063466568636889,
,,8.061861370291197
[-0.338 1.000 -1.000],,
,0.30329424623211027,
,,0.3032914022318764
[-0.904 -0.477 -1.000],,
,0.28738584426985103,
,,0.2872414237502642
[0.099 0.141 -1.000],,
,0.29837902536699173,
,,0.2983715991901989
[-0.479 0.818 -1.000],,
,8.435773343351103,
,,8.425284697114868
[-1.000 -0.070 -0.315],,
,2.175965103120706,
,,2.171693004783254
[-0.293 0.443 -1.000],,
,0.3064346729834299,
,,0.30637359760381006
[-0.295 -0.005 -1.000],,
,9.190839264119486,
,,9.18331002598074
[-0.746 -0.172 -0.794],,
,8.520265839119546,
,,8.515500393193967
[0.203 -0.069 1.000],,
,2.2238633873339615,
,,2.2226535480856886
[-0.380 -0.082 0.686],,
,3.0086297231266457,
,,3.005245274190208
[-0.193 -0.263 -1.000],,
,3.2713579315564596,
,,3.268012630708435
[-0.494 -0.152 -1.000],,
,8.520950531243983,
,,8.51353886272703
[-0.944 0.711 0.419],,
,6.608033836455459,
,,6.6078726126746385
[-1.000 0.022 -1.000],,
,0.05863659084166234,
,,0.057798802699564854
[-0.679 0.802 -1.000],,
,4.356024880065264,
,,4.351446565693948
[-0.474 -0.214 -0.390],,
,0.3070242842034913,
,,0.30701031186513017
[-0.973 -0.081 -1.000],,
,0.2933406966232361,
,,0.2932610032682843
[-0.134 0.142 -0.406],,
,8.00389200939775,
,,8.003301562543017
[-1.000 -0.110 0.924],,
,4.205016065945862,
,,4.20264663733457
[-1.000 0.174 -0.378],,
,8.132922119375193,
,,8.130195022096277
[0.237 0.293 -0.407],,
,0.3030287904139836,
,,0.30298615470280327
[0.088 0.276 0.522],,
,0.816703570992646,
,,0.8153571036541299
[0.609 0.343 -0.400],,
,19.561866411260638,
,,19.559346884234987
[-0.913 0.331 0.040],,
,9.36812185282226,
,,9.365077552341733
[-0.032 0.153 -1.000],,
,7.594889165264368,
,,7.5903824363253625
[-0.689 0.577 -0.214],,
,15.928311303982257,
,,15.924804332420381
[1.000 0.028 -1.000],,
,0.2601964373327946,
,,0.26015202996448816
[-0.561 0.698 -1.000],,
,0.2974541803395953,
,,0.2974105681589967
[0.001 0.358 -1.000],,
,0.29431868721402765,
,,0.29415505325299623
[-0.386 -0.086 -0.451],,
,1.0549492178818505,
,,1.0543794017075157
[-1.000 -0.312 -0.987],,
,6.122954209154959,
,,6.118878435943015
[-0.614 -0.814 -1.000],,
,0.2633990704399802,
,,0.2633861724290211
[-0.652 -0.836 -0.429],,
,4.737817227616447,
,,4.735618348944627
[0.397 0.092 1.000],,
,2.3911672730018507,
,,2.3892879984080144
[-0.459 -0.262 -0.234],,
,1.3666703204972679,
,,1.365461879628386
[-1.000 0.327 0.138],,
,14.312243124608882,
,,14.308899055453749
[-0.906 -0.846 -0.002],,
,0.30129264701899566,
,,0.3012920355841448
[-0.968 0.442 -1.000],,
,7.082109668607206,
,,7.077583665672737
[-0.129 -0.557 -1.000],,
,4.945630502760869,
,,4.943075939501301
[-0.054 0.299 -0.594],,
,0.2975904058863472,
,,0.2975467416681731
[0.076 0.936 -1.000],,
,0.2832950479596577,
,,0.2832815807779825
[-0.170 -0.592 -0.937],,
,23.33788999096795,
,,23.3164780603488
[-0.785 -0.045 0.551],,
,5.788329018891012,
,,5.783539107004983
[-0.250 0.110 0.529],,
,3.129379824147673,
,,3.1229187159784524
[-0.218 -0.006 0.083],,
,13.356289555399803,
,,13.350969127414793
[0.222 0.335 -0.387],,
,0.030569875729574827,
,,0.026616369026377963
[-1.000 -0.037 0.147],,
,9.363437951388688,
,,9.363280750848139
[-0.868 -0.616 -0.886],,
,3.491188462669502,
,,3.489546187702388
[-0.568 0.495 -0.850],,
,0.3026566265692418,
,,0.302645383359111
[0.104 0.467 -0.281],,
,8.820059369698544,
,,8.817398486743516
[-0.043 0.097 -0.589],,
,11.995440975705774,
,,11.991045169237644
[-0.319 -0.599 -0.736],,
,5.623321159873014,
,,5.617632115631009
[-0.435 -0.450 -0.197],,
,4.629224144105499,
,,4.627568066948553
[-0.179 0.372 -0.281],,
,0.11465663786579915,
,,0.11389172150146296
[-0.781 -0.702 -1.000],,
,0.29049426920332516,
,,0.29047257553464256
[-0.355 -0.288 -1.000],,
,2.0423978779738126,
,,2.040547287238834
[1.000 0.671 -1.000],,
,10.348023208205303,
,,10.334186898227085
[-0.459 -0.028 0.222],,
,6.882688633623297,
,,6.880628861152986
[0.517 -0.028 -1.000],,
,11.588723581887171,
,,11.584618727390827
[-0.794 -0.466 -0.207],,
,0.18782212454629474,
,,0.1877916280249239
[-0.281 0.210 -0.154],,
,4.612786039559383,
,,4.609881737335745
[-1.000 -0.239 -1.000],,
,0.2879593951370058,
,,0.287917527320345
[-0.114 -0.138 -0.762],,
,0.25217287619715806,
,,0.24996274435908783
[-0.341 0.399 -0.115],,
,0.2579659987686907,
,,0.2578545678166442
[0.028 0.076 -0.957],,
,0.3047309480682931,
,,0.30466066872990544
[0.394 0.186 -1.000],,
,11.665593019832386,
,,11.652634708115988
[0.168 -0.043 -1.000],,
,13.354687682822101,
,,13.34008506877176
[-0.579 0.223 -0.634],,
,0.2968617417463617,
,,0.2968609012640583
[-0.068 0.015 -0.036],,
,0.2971362903603272,
,,0.2971172148785903
[0.462 0.095 -0.988],,
,0.17732423348874946,
,,0.17723420398078746
[0.117 0.565 -0.578],,
,8.33111213216384,
,,8.326871700398122
[-1.000 -0.290 -0.082],,
,0.7362915378345827,
,,0.7357633391138831
[-1.000 -0.252 -1.000],,
,0.30030625155225155,
,,0.30024841456797635
[-0.866 0.254 -0.943],,
,17.98433615091566,
,,17.98215610357344
[-1.000 -0.555 0.504],,
,3.155894240312368,
,,3.1542888676361036
[-1.000 -0.404 -1.000],,
,0.2800239698058509,
,,0.28000820011067845
[0.478 -0.365 -0.823],,
,3.7380311027276827,
,,3.7346819149293937
[-0.189 -0.474 -0.172],,
,5.101037372004619,
,,5.0931444310339655
[-0.119 -0.113 -1.000],,
,0.2665124173984278,
,,0.2664002866474397
[-0.453 0.376 0.841],,
,6.746848421455029,
,,6.744737026489821
[-0.957 0.207 -0.983],,
,0.30087415055366384,
,,0.30084718904869256
[-0.969 -0.169 -1.000],,
,0.29849165825859114,
,,0.29846061028351467
[-0.699 -0.544 -0.916],,
,0.29593445962660675,
,,0.29590993241397756
[-0.226 0.119 -1.000],,
,8.265531829538283,
,,8.261446228462196
[0.186 0.666 -0.031],,
,5.807178777910519,
,,5.8004357574506615
[-0.138 0.150 -0.641],,
,0.2990628724128363,
,,0.29906068765754135
[-0.694 -0.180 0.688],,
,5.6046104910135535,
,,5.603653104740671
[-1.000 0.278 -0.347],,
,8.204353329546386,
,,8.2008345059084
[0.513 0.130 -1.000],,
,0.29044474838333806,
,,0.2904345520737706
[-0.012 0.002 -0.858],,
,0.29320417923288317,
,,0.29312801155208357
[-0.027 0.489 -1.000],,
,11.894707523309972,
,,11.885892911131103
[-0.653 -0.788 -0.557],,
,6.979676847152461,
,,6.975177585863137
[-0.518 -0.420 0.103],,
,3.5585261351754807,
,,3.554808876543772
[0.168 0.197 -0.162],,
,0.2881052889674269,
,,0.2880841126282057
[0.028 -0.458 -0.476],,
,0.29257938938943867,
,,0.292568358166459
[-0.433 -0.282 -1.000],,
,0.2806874416040671,
,,0.2806373959139265
[0.794 0.366 -0.739],,
,0.21274460756393918,
,,0.2109795386889986
[0.569 0.269 -0.884],,
,4.481319487615023,
,,4.47820711345498
[-1.000 -0.062 -1.000],,
,0.6947745079740701,
,,0.6936549585163216
[-0.660 -0.739 -1.000],,
,0.296274459391848,
,,0.2962720843928339
[-0.462 0.324 -0.622],,
,13.530805686241429,
,,13.526900120564777
[-1.000 0.339 -0.908],,
,9.439461472765554,
,,9.434407059806416
[-0.743 -0.153 -0.760],,
,3.8737076021912826,
,,3.8642594723876718
[-0.657 0.295 -1.000],,
,0.2634530431241832,
,,0.2634499838494284
[-0.425 0.478 -1.000],,
,4.88668354743571,
,,4.884747982349267
[-1.000 -0.043 0.463],,
,1.1822612568476432,
,,1.1809420052296922
[-1.000 0.594 -0.527],,
,8.906519054774016,
,,8.899711951405129
[-1.000 0.200 -1.000],,
,0.2579737324930079,
,,0.2578824552818517
[-0.021 1.000 -1.000],,
,6.019666313095952,
,,6.010412505616361
[-1.000 -0.171 -0.479],,
,6.176723082023471,
,,6.176244686093527
[-0.620 0.574 -0.094],,
,6.737940780860213,
,,6.7351527698943565
[-0.803 -0.188 -0.176],,
,3.3991749469396444,
,,3.39836793561918
[-0.561 -0.583 -0.103],,
,2.308484189948114,
,,2.306809320849508
[-1.000 0.558 -1.000],,
,3.5259982457587125,
,,3.5259671954530223
[-0.256 0.405 -1.000],,
,0.30562918337450384,
,,0.3056215758396363
[-0.891 0.184 -0.111],,
,6.431381652374832,
,,6.423770348333964
[-0.234 0.393 -0.873],,
,13.15913034738429,
,,13.158497337725432
[-1.000 1.000 -0.992],,
,4.503008429488713,
,,4.498896302661262
[-1.000 0.219 0.009],,
,1.0689087049697277,
,,1.0673358035511507
[-0.337 0.330 -1.000],,
,7.951818304624822,
,,7.9486066677800045
[-0.477 -0.197 -0.202],,
,0.29613594356522704,
,,0.29610925902869156
[-1.000 0.137 0.392],,
,9.00943504248417,
,,9.005231905791904
[-0.077 0.042 -1.000],,
,0.284166956842722,
,,0.2840374479192358
[-0.560 -0.063 -0.988],,
,7.868993848133198,
,,7.861791190838873
[-0.623 0.293 -0.447],,
,2.1039868844597738,
,,2.1008541796565523
[-0.018 -0.187 -1.000],,
,12.570051410664412,
,,12.565330126633857
[-0.580 -0.082 -1.000],,
,0.29751407137521246,
,,0.29750736733563804
[-0.682 0.277 -0.767],,
,6.140594024039177,
,,6.138901320050709
[0.051 -0.039 -0.318],,
,0.8115374185468059,
,,0.8093451077181673
[-0.976 -0.350 0.678],,
,3.7880793459129123,
,,3.7839177728472118
[0.347 0.104 0.744],,
,7.258662755403667,
,,7.256465288234284
[-0.522 -0.145 -0.940],,
,0.2955810714604232,
,,0.2955596357949939
[-1.000 -0.367 -0.153],,
,0.2980927646637569,
,,0.2980645750426005
