[1.000 -0.753 -0.144 -0.481 -1.000 0.280],,
,0.29633928615423644,
,,0.29368170294763446
[0.327 -1.000 -0.685 0.502 1.000 0.178],,
,0.32753813006675103,
,,0.32308900873459556
[-0.172 -0.262 0.063 0.983 0.659 1.000],,
,0.29400274212537675,
,,0.2929142124697288
[-1.000 1.000 0.719 0.889 -0.085 0.323],,
,0.30678331533016207,
,,0.30310438071746254
[1.000 0.747 0.852 -1.000 -0.173 -1.000],,
,0.2934743460491051,
,,0.28819645903014746
[0.095 -1.000 -0.526 0.967 -1.000 -0.370],,
,0.3047938658277423,
,,0.2997715709256727
[0.786 -0.391 0.292 0.373 -0.444 0.711],,
,0.31158108858858546,
,,0.30770993252109263
[-0.056 -1.000 -0.117 0.068 0.950 -1.000],,
,0.2849243417167206,
,,0.28229492758616764
[0.871 -0.868 1.000 0.992 0.129 -0.371],,
,0.3067965904307913,
,,0.3044567185851258
[-0.152 0.069 0.317 -0.470 1.000 -1.000],,
,0.30337593543276337,
,,0.3026035981230256
[-0.929 -0.493 0.109 -0.881 -0.449 -0.338],,
,0.27762251667248405,
,,0.27405318802918976
[0.679 -0.163 1.000 0.240 -0.388 1.000],,
,0.3204119417441467,
,,0.31922282612254127
[0.278 0.481 -0.942 1.000 -0.939 -0.268],,
,0.2921542128515334,
,,0.28989922913959676
[0.115 1.000 -0.404 0.416 1.000 -0.848],,
,0.2863289980040717,
,,0.2830144383227035
[0.088 -1.000 -0.911 -0.792 -0.737 1.000],,
,0.30917559075336776,
,,0.3042645758203395
[0.955 0.529 -1.000 0.585 1.000 1.000],,
,0.30387542565515474,
,,0.3029126998660394
[-0.020 0.930 -0.082 0.112 0.394 -0.326],,
,0.2833100387910643,
,,0.2730575033024869
[0.270 -0.500 1.000 0.112 0.044 0.301],,
,0.2941583384545227,
,,0.2914396577528568
[-0.613 1.000 0.751 0.907 -1.000 0.099],,
,0.2824108802897061,
,,0.2783090935217045
[-0.062 0.147 -0.509 1.000 -0.003 -0.871],,
,5.782286478903879,
,,5.775443845224699
[-0.088 0.865 -0.645 -0.286 1.000 0.074],,
,0.30851881334404685,
,,0.30543072111320607
[0.435 0.033 0.467 1.000 -0.094 -0.100],,
,0.2861058545114834,
,,0.2846735910275654
[0.367 0.733 -0.255 -0.200 -1.000 1.000],,
,0.30961917940746464,
,,0.3051931920138755
[-0.638 1.000 -0.313 1.000 -1.000 -0.951],,
,0.2892795941645093,
,,0.2882591051124406
[0.954 -0.019 0.181 -1.000 1.000 -0.857],,
,0.2909145679976199,
,,0.28938763676760915
[0.848 0.263 -0.308 0.531 0.495 -1.000],,
,0.29951284741718287,
,,0.297999328140836
[0.654 0.092 0.129 1.000 -0.902 -0.304],,
,0.29108701884677585,
,,0.2819201421081896
[-0.752 0.988 -0.687 -0.181 0.351 0.611],,
,0.29687571681932234,
,,0.2954524384446692
[1.000 0.480 -0.683 0.271 -0.202 1.000],,
,0.3222554786439536,
,,0.3185875388698716
[-0.479 -0.175 0.853 -0.576 0.410 -1.000],,
,0.2861916352831137,
,,0.2838352176342711
[1.000 1.000 -0.493 -0.302 1.000 1.000],,
,0.3318798256070724,
,,0.32922832061058094
[-1.000 -0.648 0.568 -1.000 -0.466 1.000],,
,0.31801028457927105,
,,0.31497428180279546
[-0.324 0.571 1.000 0.992 0.657 -0.512],,
,0.28291835367917817,
,,0.27899015657326187
[-0.447 -0.752 0.416 0.336 1.000 -0.179],,
,0.28094397309071883,
,,0.27608021297920293
[-0.555 0.057 1.000 0.529 0.984 -1.000],,
,0.3705567550195383,
,,0.3680569435892691
[1.000 1.000 0.266 -0.310 1.000 1.000],,
,0.30139814217222183,
,,0.2975039141531097
[0.865 -1.000 0.144 -0.112 -0.356 0.146],,
,0.3020606376689613,
,,0.2994237830481293
[0.361 -0.961 -0.434 -0.700 -1.000 1.000],,
,0.2882834978106315,
,,0.28426726465273694
[0.128 -1.000 0.446 0.624 1.000 -1.000],,
,0.3330454131534109,
,,0.3274873252736219
[0.387 1.000 -0.572 -1.000 0.308 -0.647],,
,0.28734177563649627,
,,0.28647280442878087
[1.000 1.000 1.000 0.508 -0.077 1.000],,
,0.29530439967753225,
,,0.29358864200569235
[-0.010 -0.032 -1.000 -1.000 -1.000 0.223],,
,0.3156734554402662,
,,0.3137520069478343
[0.556 1.000 -0.278 0.050 -0.679 0.366],,
,0.2753656969998227,
,,0.2705651954667619
[0.006 -0.716 0.214 1.000 -1.000 -0.976],,
,0.3094445372382104,
,,0.30664202340481655
[0.804 0.436 0.399 0.077 -1.000 -0.600],,
,0.30092176151536193,
,,0.2991472570514729
[0.583 -0.027 0.193 -0.199 0.006 0.265],,
,10.124358331466105,
,,10.109422839754195
[-0.540 -1.000 -0.569 -0.429 0.005 -0.017],,
,0.29319492253080753,
,,0.2906245591107865
[0.869 0.298 0.801 0.634 0.343 -0.069],,
,0.292634140687859,
,,0.2918572685889122
[-0.259 0.151 -0.656 -0.144 1.000 0.522],,
,0.3045014521084694,
,,0.304019825128535
[1.000 0.620 1.000 -0.216 -0.082 0.883],,
,0.3140956563725435,
,,0.309841820013772
[0.558 1.000 -1.000 -0.647 -1.000 0.418],,
,9.921962550906732,
,,9.906769159902346
[1.000 -0.154 1.000 -0.128 1.000 -0.105],,
,0.28459970733760864,
,,0.28458326851351123
[0.657 -0.677 0.307 -1.000 0.125 0.230],,
,0.3073129968986356,
,,0.30132953565904086
[0.351 -1.000 1.000 -1.000 0.349 -0.868],,
,0.29626158828471,
,,0.2937144063320572
[-0.537 0.376 0.102 -0.666 -0.726 1.000],,
,0.3049631458442271,
,,0.29988593972575167
[0.433 0.867 0.056 0.214 -0.823 -0.270],,
,6.946983130268279,
,,6.9336386502233385
[0.990 1.000 1.000 0.461 -1.000 1.000],,
,0.3001317838382039,
,,0.2975205999055561
[-0.751 1.000 0.507 1.000 1.000 0.247],,
,0.2773259155738177,
,,0.27265606819886895
[0.082 0.756 1.000 1.000 -1.000 0.889],,
,0.330626150912912,
,,0.327995702561677
[-1.000 -1.000 1.000 -0.054 1.000 0.179],,
,0.31103532022029295,
,,0.30981467877111263
[0.627 -0.100 -0.778 -0.297 0.573 -0.618],,
,0.3058653419261942,
,,0.30569216511008795
[-0.160 -1.000 -1.000 0.541 0.362 1.000],,
,0.3281676131437931,
,,0.3242030973258702
[-1.000 0.895 -0.870 -0.703 0.851 0.104],,
,0.31187368723066383,
,,0.30914041185648117
[-0.593 -0.688 1.000 0.189 -0.375 -0.150],,
,0.2752010489941607,
,,0.2704427652256633
[-0.316 -1.000 -0.558 -0.000 1.000 -0.995],,
,0.3303883009038042,
,,0.32525251332742405
[-0.834 -0.061 -1.000 0.947 0.431 -0.758],,
,0.30498399611890015,
,,0.3034335213589389
[0.261 0.285 -1.000 0.357 1.000 -0.326],,
,0.302374930088184,
,,0.3009730297774936
[-0.651 1.000 -0.954 0.964 -0.108 -0.499],,
,0.2910950879611289,
,,0.28977508368138005
[-1.000 1.000 0.218 -0.272 -1.000 1.000],,
,0.31679357468529334,
,,0.310457829277868
[1.000 -1.000 -1.000 1.000 -1.000 -1.000],,
,0.2907423275482655,
,,0.2845656889363099
[-0.750 -1.000 -0.088 0.191 -0.124 -1.000],,
,0.3323422988245884,
,,0.32823667824105546
[-1.000 -0.906 -0.553 0.412 -1.000 0.773],,
,1.767742533038283,
,,1.7634217878090117
[0.817 -0.276 -0.127 1.000 -1.000 -1.000],,
,0.2848789230765459,
,,0.2829244082155156
[0.703 0.535 -1.000 -0.327 -0.590 1.000],,
,0.3137152917200355,
,,0.3102412820524258
[0.141 -1.000 -0.197 -1.000 1.000 1.000],,
,0.29446127149296514,
,,0.2914664522387808
[1.000 1.000 -1.000 0.573 1.000 1.000],,
,11.573117696256773,
,,11.551870953174454
[-0.653 -0.835 -1.000 -0.440 -0.450 -0.714],,
,0.28841925178903965,
,,0.28503483596902307
[-0.619 0.161 -0.620 0.287 1.000 -1.000],,
,0.2873029728157094,
,,0.2835118637397139
[1.000 -0.704 -0.550 -1.000 -0.129 -0.059],,
,6.160914904907695,
,,6.150583799224897
[0.720 1.000 -0.028 0.495 0.211 0.021],,
,0.3020312769385868,
,,0.30182570413876564
[0.626 0.983 -0.506 -1.000 0.577 -0.314],,
,13.226227567747683,
,,13.204415977054467
[0.291 -0.250 -1.000 0.209 -0.524 1.000],,
,0.2924321376782581,
,,0.29138855340959907
[-1.000 -0.044 -0.568 0.918 0.144 0.499],,
,0.2840148652484493,
,,0.28170701813954124
[0.647 1.000 -0.264 -0.900 0.530 -0.150],,
,2.58736554509696,
,,2.580439393753117
[0.103 0.290 -0.491 -1.000 0.264 -0.000],,
,13.08914713937838,
,,13.064968752096176
[0.259 -1.000 -1.000 -0.706 -0.159 0.208],,
,0.3150272718488983,
,,0.3124352669660177
[-1.000 -0.435 -1.000 0.865 1.000 1.000],,
,0.29820424123947475,
,,0.2969576609732101
[-0.948 0.112 0.373 -0.717 0.976 -0.871],,
,0.2969054251927654,
,,0.29403140358593916
[-0.629 0.560 -0.720 -0.935 -0.059 -0.244],,
,0.29926785219361857,
,,0.29556387312955057
[-0.839 -0.356 -1.000 0.942 0.939 -0.801],,
,0.2841210502686403,
,,0.281361082507702
[-0.566 0.408 1.000 0.348 -0.894 -1.000],,
,2.1479586828685293,
,,2.1447650593319816
[-0.270 -0.393 1.000 1.000 -0.279 0.368],,
,8.389304664733148,
,,8.37769723985486
[-0.106 0.051 -0.193 1.000 -1.000 0.581],,
,0.3073076453340221,
,,0.3060204109943031
[0.342 -0.086 0.353 -0.517 -0.802 -0.725],,
,7.934189851250766,
,,7.9159617483705285
[-0.444 -0.064 0.234 -1.000 0.351 -1.000],,
,7.967082425559535,
,,7.953944739404325
[-0.920 1.000 -1.000 1.000 0.938 -0.059],,
,0.3034193345766342,
,,0.30287944700495456
[-1.000 -0.118 -0.697 1.000 -0.015 0.697],,
,0.3208457872894295,
,,0.3178616081849811
[1.000 -0.313 0.082 -1.000 1.000 0.342],,
,14.992543885662682,
,,14.961652252056766
[-0.760 0.088 1.000 1.000 0.811 0.064],,
,0.28535869902813604,
,,0.28402510923229024
[-0.473 0.071 0.710 0.305 -0.733 1.000],,
,4.437987943180481,
,,4.434729878353826
[0.696 -0.206 0.343 -0.923 -0.721 1.000],,
,11.857359874589775,
,,11.847884136459273
[-0.449 0.680 -1.000 -0.294 -1.000 -1.000],,
,0.27396002755252996,
,,0.27015993643886804
[-0.952 -0.157 -1.000 -1.000 -1.000 0.638],,
,0.2790141115236795,
,,0.2762834753372355
[-1.000 0.154 0.056 -0.155 -1.000 -0.658],,
,0.2915985204998556,
,,0.2904864224594087
[-0.456 -0.728 -1.000 -0.414 1.000 -0.890],,
,0.28233239443690067,
,,0.27965245758593416
[1.000 -1.000 -1.000 -0.102 0.500 1.000],,
,0.3065689762457671,
,,0.3040935407507565
[1.000 0.038 -1.000 0.402 1.000 -0.638],,
,0.30464622256675383,
,,0.29946109415378774
[-0.380 -0.354 -0.561 -0.996 -0.148 -0.381],,
,6.214899307721068,
,,6.20044443096434
[-0.239 -0.009 0.746 -1.000 -0.581 -0.803],,
,0.27779944366423126,
,,0.27571458612848626
[0.212 0.519 -1.000 0.530 0.204 0.579],,
,0.3057442482290416,
,,0.3042900214653029
[-1.000 0.033 0.499 -1.000 1.000 -0.778],,
,1.4522856022943462,
,,1.4519697420162274
[-1.000 0.547 -1.000 1.000 0.293 -0.312],,
,0.2954679795397071,
,,0.2929043901659692
[-1.000 -0.772 -0.046 -1.000 1.000 1.000],,
,0.2759247825938589,
,,0.27515399160784093
[-0.874 0.483 1.000 -0.115 -0.960 -0.645],,
,5.460634586342718,
,,5.4488162045508215
[-1.000 -0.515 -1.000 -0.115 0.653 -0.951],,
,0.24115117855185203,
,,0.237947825895847
[0.557 -1.000 -1.000 -0.069 -1.000 0.127],,
,0.3001559711201379,
,,0.2980479252964035
[-0.433 1.000 1.000 -0.591 -0.791 0.257],,
,0.3158404044218571,
,,0.31125173249630883
[-0.850 -0.100 -0.423 -0.183 -0.015 0.810],,
,2.106193644334804,
,,2.10029001976687
[0.385 -0.905 0.448 -0.440 -1.000 -1.000],,
,0.2637009866560548,
,,0.25869396951964835
[-1.000 -1.000 -0.956 -0.636 -0.411 -0.410],,
,0.3052090265129912,
,,0.3007085416920791
[-0.658 -0.873 -1.000 0.218 0.632 -1.000],,
,0.3005963170522792,
,,0.29815857266586726
[-0.472 0.527 -1.000 -0.468 0.976 -1.000],,
,0.31593990339113315,
,,0.31425081929162196
[0.175 -1.000 -0.595 0.093 -1.000 -0.327],,
,0.30230191556625713,
,,0.3013902281062539
[-1.000 0.405 -1.000 0.426 0.192 0.066],,
,18.668827777578496,
,,18.656800119716433
[0.240 1.000 -0.024 0.649 -0.799 -0.285],,
,9.941507613517128,
,,9.923691798850173
[0.353 0.030 -0.307 0.838 0.916 -0.633],,
,0.2918899943443295,
,,0.28994292180659853
[-0.899 0.808 0.660 -0.705 -1.000 0.101],,
,11.47101627908314,
,,11.449358131072902
[-0.538 -0.309 -1.000 -0.073 -0.142 1.000],,
,0.3047440603743467,
,,0.3033231432108081
[1.000 1.000 -1.000 1.000 1.000 -0.577],,
,0.30739894352128383,
,,0.3069000767072589
[0.529 -0.785 -0.859 -0.033 0.181 1.000],,
,10.83626137696091,
,,10.826067356725648
[-0.344 1.000 -0.238 -0.854 0.802 -1.000],,
,0.3197719802001333,
,,0.31853443204108184
[-0.835 0.478 0.702 0.832 -0.651 0.707],,
,7.6436425497344525,
,,7.626130775049759
[0.324 0.332 -0.258 -0.247 0.296 -0.100],,
,0.31092065679502123,
,,0.3085380204124531
[-0.549 1.000 1.000 -0.350 -0.999 -0.076],,
,16.203221479783853,
,,16.181404919040578
[0.262 0.133 -1.000 0.446 0.259 -0.519],,
,0.30315360536687924,
,,0.3012477444901213
[-1.000 0.372 0.774 -0.514 0.960 1.000],,
,5.9479608568393925,
,,5.935247240968987
[-0.556 1.000 0.834 0.009 0.466 0.465],,
,0.28898592309914417,
,,0.2828754962661711
[1.000 0.242 -1.000 -1.000 -0.732 0.876],,
,8.607715933590606,
,,8.593314726778152
[0.620 0.514 -0.038 0.117 -0.157 0.716],,
,0.3051186903692925,
,,0.3034756920960538
[-0.712 1.000 -0.002 -1.000 0.623 -1.000],,
,0.2808556340527379,
,,0.2769545099194837
[-0.428 1.000 -1.000 -1.000 0.212 1.000],,
,0.3065141957613056,
,,0.3039743133182932
[-1.000 0.896 -1.000 0.834 0.987 -0.764],,
,0.31607685982219075,
,,0.3148475907260455
[0.161 0.095 0.410 -0.090 -1.000 0.983],,
,2.398205799635427,
,,2.3902665259239537
[-1.000 0.949 -0.021 0.170 -0.076 -1.000],,
,7.590625645709584,
,,7.5760424448629005
[-0.811 0.773 1.000 -0.212 -1.000 -0.190],,
,25.79048391947041,
,,25.746046157300594
[-0.922 -1.000 -0.080 0.819 1.000 0.519],,
,0.30728437748787835,
,,0.3031131947373099
[0.288 0.820 1.000 -0.036 -0.317 1.000],,
,4.952981081672978,
,,4.943821643411075
[-0.671 0.811 1.000 0.223 1.000 -0.718],,
,12.006376495925577,
,,11.978534841334483
[-0.009 0.224 -1.000 0.743 -0.849 -1.000],,
,0.3197050576652021,
,,0.3168543914399571
[0.620 0.751 -0.816 1.000 1.000 -0.247],,
,0.2999181800190409,
,,0.29698489488209245
[-1.000 1.000 -0.245 0.133 -0.264 0.469],,
,4.045921710455994,
,,4.034997789952645
[0.802 0.533 0.288 0.359 -0.606 0.156],,
,5.728104118604241,
,,5.7169205578682885
[0.620 -0.185 -1.000 0.032 0.072 1.000],,
,0.31804270840623194,
,,0.31418599365187994
[-1.000 -1.000 -0.579 1.000 0.774 0.761],,
,0.30384372085780426,
,,0.3035531670753571
[-0.577 0.214 -0.227 0.602 -0.045 0.276],,
,0.31740377868607406,
,,0.31438802480550804
[-0.591 -1.000 1.000 0.045 1.000 -0.645],,
,11.302042207647524,
,,11.28013385270578
[-0.412 0.495 -0.277 -0.073 0.166 -0.045],,
,0.29708203597076216,
,,0.29640351860389247
[0.527 0.500 0.365 -1.000 0.225 -1.000],,
,4.755651663434636,
,,4.749783827117648
[-1.000 -0.039 -0.280 0.442 0.809 0.271],,
,0.31046091753312854,
,,0.308320036464206
[-0.297 -0.785 -1.000 -0.211 -0.043 -0.755],,
,0.9823405039991537,
,,0.9803371196363319
[0.088 1.000 -1.000 -0.071 0.927 -0.784],,
,0.30920599211655714,
,,0.3071460413540643
[0.062 0.088 -0.882 -0.327 0.244 1.000],,
,0.2973880100901682,
,,0.2957675613650098
[-0.084 1.000 1.000 0.164 0.018 1.000],,
,0.29792109983148946,
,,0.293869027808207
[-0.666 1.000 -0.259 1.000 0.055 0.075],,
,0.2948622798422014,
,,0.29155898344504777
[-1.000 1.000 -0.418 -1.000 0.285 0.715],,
,0.32191574477203766,
,,0.32018951068897555
[-0.548 -1.000 -0.238 -0.597 -1.000 0.827],,
,0.2654072371545921,
,,0.2615356447370029
[-1.000 -0.598 0.167 -0.402 0.307 -0.738],,
,0.3031540457122727,
,,0.30091571907664244
[0.893 1.000 0.490 0.479 -1.000 0.339],,
,14.251808479149757,
,,14.226606259868108
[-0.674 -0.013 -0.430 0.751 1.000 1.000],,
,0.3088750190741888,
,,0.30579881409238235
[-1.000 -1.000 -1.000 1.000 -0.215 0.525],,
,0.297908100644989,
,,0.29539934299254955
[1.000 1.000 1.000 -1.000 0.128 1.000],,
,10.01014142395172,
,,9.99273433762612
[-0.507 -1.000 -1.000 -0.090 1.000 0.007],,
,0.30090855184315113,
,,0.29796359838247416
[0.281 0.083 -0.748 -1.000 0.618 -1.000],,
,0.28171202405522633,
,,0.27993497095347136
[-0.618 -0.689 -0.599 -0.756 0.586 -0.279],,
,0.24966093810427398,
,,0.245858874675062
[0.176 0.517 -0.733 0.966 -0.216 0.339],,
,0.29800069777374955,
,,0.29585739719522136
[-1.000 -0.160 -0.964 -0.724 1.000 -0.365],,
,0.3160303637400938,
,,0.3118507808033155
[0.089 1.000 -0.775 -0.307 0.821 0.371],,
,15.078093035522308,
,,15.057555357601304
[-0.710 -0.336 -0.514 -0.050 -1.000 -0.241],,
,0.31661924162783034,
,,0.3123163163277287
[-0.758 0.456 0.504 -0.616 -0.232 0.674],,
,0.3029288845098139,
,,0.3008767744677413
[0.791 0.824 0.925 0.362 -0.467 -0.885],,
,0.30278870204827696,
,,0.3012560065743269
[-1.000 0.676 0.090 0.573 1.000 -0.118],,
,16.52989972193729,
,,16.496198118536743
[-1.000 -0.378 0.015 1.000 0.075 -0.647],,
,4.776636613740995,
,,4.76620456805832
[-0.356 0.375 -0.871 -0.554 1.000 -0.232],,
,0.2789438455799783,
,,0.27734230454953335
[-0.495 -0.324 -0.035 -0.878 -0.407 -0.627],,
,0.3182841620351512,
,,0.3150712614818527
[0.122 0.347 0.051 0.833 0.235 1.000],,
,9.203680226133596,
,,9.189214123755692
[0.028 0.642 -0.189 0.567 0.655 0.294],,
,4.070593331480488,
,,4.065107168114354
[-0.588 -0.946 0.294 0.063 1.000 -0.854],,
,0.288247240741199,
,,0.2860814427761194
[-0.670 -0.862 -1.000 0.270 1.000 1.000],,
,0.2877941042912271,
,,0.2870171814431791
[-0.680 0.358 -0.612 -0.478 1.000 1.000],,
,3.4867335741173324,
,,3.478025656689636
[-1.000 -1.000 -1.000 -1.000 1.000 0.544],,
,0.28942742311877,
,,0.2837506194376676
[-1.000 1.000 -1.000 -1.000 1.000 -0.250],,
,0.29923857398745546,
,,0.2975300658942539
[-1.000 -0.987 -0.460 -1.000 -0.192 -0.875],,
,2.3740441804350154,
,,2.3685510001040484
[1.000 -0.013 -1.000 -1.000 -0.383 -0.536],,
,0.28936886492418834,
,,0.28624716426411434
[-0.499 0.807 -0.952 -0.182 0.334 -0.797],,
,3.7313421787111505,
,,3.7281756953704512
[-1.000 0.625 1.000 0.393 -0.120 1.000],,
,9.30779692318973,
,,9.292814686686901
[-0.400 0.109 -1.000 -0.965 0.568 1.000],,
,0.30276488480002384,
,,0.30219986842626384
[-0.353 -1.000 -0.634 -1.000 0.092 0.305],,
,0.28416626003610734,
,,0.2808566324089877
[-1.000 1.000 -1.000 -0.184 -1.000 0.561],,
,0.29576756825172423,
,,0.29388075397471386
[-1.000 1.000 -0.229 0.812 0.213 -0.725],,
,0.3061931107405978,
,,0.3047758706239282
[0.170 -1.000 -0.751 -0.110 1.000 -0.886],,
,0.30135606062596726,
,,0.2991570428962018
[0.899 -1.000 -1.000 -1.000 1.000 1.000],,
,4.797643745020908,
,,4.790529563181104
[-0.628 -0.934 -0.911 -1.000 0.787 -1.000],,
,0.2486845534733227,
,,0.24260961170142534
[0.184 0.262 1.000 -1.000 -0.024 -0.154],,
,6.043129648881411,
,,6.030844348589411
[-1.000 0.462 -0.748 -0.221 0.498 1.000],,
,0.2756293046839187,
,,0.27401060353800183
[-0.061 -1.000 -0.671 -0.731 0.768 -0.558],,
,0.2991008694961079,
,,0.29607008596019624
[-1.000 -1.000 -1.000 -1.000 -0.875 -1.000],,
,0.46208804504055384,
,,0.46102724065964684
[-1.000 1.000 -0.336 -0.052 -1.000 1.000],,
,2.346282795175854,
,,2.343112846119945
[-0.612 0.337 0.352 0.291 0.015 1.000],,
,4.061343801880682,
,,4.053124474333836
[-0.618 0.429 -0.174 0.217 1.000 -0.717],,
,0.27358587080254987,
,,0.2712501415352721
[-0.198 -0.490 -1.000 1.000 0.319 0.573],,
,0.31267005748594506,
,,0.308442729755943
[0.235 -1.000 0.468 0.238 -0.701 -0.051],,
,6.802436828680665,
,,6.794988841165804
[-0.978 0.021 -0.276 0.242 -0.832 1.000],,
,9.271426178131765,
,,9.255790663903976
[-1.000 -1.000 -0.432 0.787 0.790 -0.377],,
,0.2794746628657106,
,,0.2750106820965726
[-0.604 -0.456 -0.087 1.000 0.844 -0.395],,
,0.30554019473271565,
,,0.30471657597695556
[-1.000 0.882 -0.994 0.186 1.000 -1.000],,
,0.2953639637988308,
,,0.29232108385162536
[-0.723 -0.002 0.454 -0.258 -0.472 -0.258],,
,0.2682889607338099,
,,0.2636935046429763
[-1.000 0.130 -0.114 -0.582 -1.000 -1.000],,
,0.3063096911955261,
,,0.30461774427437616
[-1.000 -0.866 -0.135 -0.180 0.290 0.269],,
,0.3149191164330481,
,,0.31269028612665695
[-1.000 0.818 -0.126 0.148 1.000 -1.000],,
,0.29191899985602004,
,,0.28987852326313895
[-0.434 -0.782 -0.539 -0.177 0.591 -0.429],,
,3.0423310470781377,
,,3.033399533278087
[0.864 0.458 0.292 0.145 0.084 -0.622],,
,0.2988474833823231,
,,0.2968449927654215
[-1.000 0.483 -0.715 1.000 0.066 0.654],,
,0.30187676328644086,
,,0.2988104479412631
[-0.429 -0.664 -1.000 0.343 -0.949 -0.823],,
,5.868495874482183,
,,5.858141879690995
[0.562 0.368 -0.248 1.000 1.000 0.358],,
,0.08018217471634673,
,,0.061918139655126964
[-1.000 0.815 -0.107 -0.149 -0.903 -0.129],,
,8.408462432684436,
,,8.390259042715964
[-1.000 0.551 -0.963 -0.377 -1.000 1.000],,
,18.308419825384394,
,,18.281952627888693
[-0.638 -0.081 0.519 -0.837 -0.191 -0.879],,
,11.069041938130885,
,,11.048256948917455
[-0.362 -0.850 -1.000 -0.298 -0.321 -0.614],,
,0.2780649623695007,
,,0.27252803454600555
[0.778 -0.380 0.809 -1.000 0.629 0.553],,
,1.929585991584563,
,,1.9218878387644238
[0.286 -0.512 0.347 0.673 -0.932 -1.000],,
,25.60935515005357,
,,25.599786330112128
[-0.998 -0.344 0.059 -0.409 -1.000 1.000],,
,0.2923454376876552,
,,0.2902172051250882
[0.682 0.652 1.000 0.914 0.417 -0.570],,
,19.9937100197416,
,,19.959361292594686
[-1.000 -0.037 -1.000 1.000 -0.297 -0.993],,
,4.19311125764709,
,,4.18542354405297
[-1.000 -0.108 -0.680 0.665 -0.511 -0.566],,
,0.30796127517272737,
,,0.3038683468851202
[-0.620 -0.694 -1.000 0.944 -0.019 -1.000],,
,0.2985057168617502,
,,0.2974982818021993
[-1.000 -0.389 -1.000 1.000 0.933 -0.700],,
,0.3023113668647849,
,,0.29596989292248943
[-0.564 0.434 -1.000 -0.807 -0.252 -0.965],,
,0.29784948265227873,
,,0.2972389758842984
[-0.672 -0.537 0.185 -1.000 -1.000 1.000],,
,11.528606799597934,
,,11.504911482736288
[-0.077 -0.075 -0.146 0.681 0.836 -0.096],,
,0.3119762295892574,
,,0.3113145661265782
[-1.000 -1.000 -1.000 1.000 -0.328 -0.495],,
,0.3105477776157565,
,,0.3083557992197256
[-1.000 -1.000 -0.605 -0.975 0.014 -0.463],,
,0.27967715373570073,
,,0.27881947399448154
[0.784 0.088 -1.000 -0.427 0.240 -1.000],,
,0.2787857758711041,
,,0.27221517226225106
[-0.219 -0.109 -0.268 0.259 -0.160 -1.000],,
,0.27601120586071554,
,,0.2729318996595387
[-0.973 -1.000 -0.349 0.766 0.667 -1.000],,
,0.2857326947534145,
,,0.27896258406947566
[-0.155 0.365 -1.000 0.877 -1.000 -0.045],,
,0.28569230965921805,
,,0.28059615517203346
[-1.000 -0.699 -1.000 -0.525 1.000 -1.000],,
,0.3222556438019464,
,,0.3180689427284124
[0.453 -0.217 -1.000 0.132 -1.000 0.120],,
,0.30324268852569297,
,,0.2990456996354073
[1.000 -0.024 1.000 -0.402 0.090 1.000],,
,9.34168226478616,
,,9.32642238472332
[-0.787 -0.305 -0.345 0.642 -0.240 1.000],,
,1.475064870921673,
,,1.4692206448909644
[-1.000 0.431 0.047 -1.000 0.158 -0.679],,
,0.30504941149416454,
,,0.30161447850159423
[-0.612 0.725 -0.030 -1.000 1.000 -0.887],,
,0.29904419131631277,
,,0.2965835574245697
[-1.000 -0.382 -0.639 0.527 1.000 1.000],,
,0.3014442096809635,
,,0.300967529951515
[-1.000 0.902 0.165 -1.000 0.038 1.000],,
,16.396559726990514,
,,16.36962974181641
[-0.030 0.168 0.056 -0.557 -0.349 -0.531],,
,0.32327493836035903,
,,0.3173091008165927
[-0.245 0.099 -0.961 -1.000 -1.000 0.574],,
,0.32738749031998704,
,,0.32449335453866707
[-0.418 -0.667 -0.630 0.325 1.000 -0.572],,
,26.275857061430994,
,,26.243832686131157
[0.929 0.522 0.664 0.290 -0.080 0.441],,
,0.2938271009569521,
,,0.2915699669442631
[-0.267 0.076 -1.000 -0.481 1.000 0.217],,
,0.2910906605323472,
,,0.2898590555268627
[0.330 -0.522 -1.000 0.632 -1.000 0.741],,
,0.3060732432591817,
,,0.30041924964450123
[0.660 1.000 0.120 0.743 -1.000 0.998],,
,1.7315066358916698,
,,1.7266639993169286
[-0.277 -0.260 -0.070 1.000 0.579 -0.792],,
,0.300503444870643,
,,0.2981947385065835
[0.638 1.000 0.153 -0.056 -1.000 1.000],,
,0.301003082823342,
,,0.29764025526267185
[0.968 0.999 -0.210 -0.555 -1.000 0.086],,
,0.3033127353200719,
,,0.3002586395625674
[1.000 -0.634 0.167 -1.000 1.000 0.845],,
,1.8690439452247163,
,,1.8659043713952073
[0.212 0.604 -0.356 0.597 -0.446 -0.516],,
,0.3143367811837414,
,,0.31068332674007654
[0.105 -0.456 -1.000 1.000 1.000 0.531],,
,0.29429506771422936,
,,0.29138769537232784
[-0.588 0.380 0.276 -0.895 -0.443 -1.000],,
,0.999230950557803,
,,0.99585722507801
[0.240 -1.000 -0.054 0.227 0.862 -0.787],,
,0.31980106436875394,
,,0.3159240139878574
[-1.000 1.000 1.000 -0.235 1.000 -0.704],,
,14.647575454825303,
,,14.624292006933235
[-0.309 -0.384 0.813 0.598 0.771 0.354],,
,10.187934730074268,
,,10.170918839042258
[-0.363 0.660 0.942 -1.000 1.000 0.271],,
,0.3182174882245775,
,,0.31330314207751375
[1.000 0.523 1.000 0.266 -0.674 1.000],,
,2.9005306420258554,
,,2.893365941376607
[-0.624 0.971 0.141 0.819 0.368 1.000],,
,4.337565565847244,
,,4.330487993195772
[-1.000 1.000 -1.000 1.000 1.000 1.000],,
,0.2935373775569877,
,,0.2894058177182436
[0.085 0.293 -1.000 1.000 -0.003 -0.909],,
,0.29411011285494176,
,,0.29258753306727503
[0.788 -0.211 0.611 0.530 -1.000 1.000],,
,3.505863972045656,
,,3.497372623561013
[-0.876 1.000 -0.508 0.089 0.491 0.483],,
,30.185129845069433,
,,30.145351567220256
[-1.000 -0.934 -1.000 0.324 -0.049 -0.354],,
,0.2989579455747285,
,,0.2979574534396939
[0.198 0.298 -1.000 -1.000 -1.000 0.909],,
,0.3180522052484979,
,,0.3151640859302118
[0.525 0.416 -1.000 -0.172 -0.773 -0.140],,
,0.034920356961785935,
,,0.015568467698405941
[-0.391 0.232 -1.000 0.796 0.605 1.000],,
,0.28224194391322005,
,,0.2787079358815688
[0.512 -0.538 -0.720 0.254 0.154 -1.000],,
,0.3045360147820673,
,,0.30310640755352186
[1.000 1.000 -0.325 -0.398 0.330 -1.000],,
,0.31170379641532586,
,,0.30980443550924053
[-0.113 -0.044 1.000 0.495 -0.457 1.000],,
,12.5351340980461,
,,12.517018338264668
[-0.993 0.931 -1.000 0.365 -0.827 0.710],,
,0.2849845103880603,
,,0.28113390144358746
[0.053 1.000 -0.656 -0.312 -1.000 -0.625],,
,0.2999578295476181,
,,0.2983263983961389
[-1.000 -0.531 1.000 -0.172 -0.469 -0.250],,
,8.600609560218725,
,,8.584955413806862
[-0.666 -0.022 -1.000 -1.000 0.013 0.372],,
,0.2916457870989544,
,,0.29082936569162454
[0.667 -1.000 -0.795 0.264 0.846 -0.318],,
,12.6401225153127,
,,12.625723547566293
[0.618 0.092 -1.000 -0.476 -0.449 -1.000],,
,0.2755035822847833,
,,0.27131382831919676
[-0.752 -0.631 -0.193 0.347 0.419 -0.018],,
,3.669471579894488,
,,3.6639618616230307
[-0.268 0.742 -1.000 1.000 0.316 -0.278],,
,0.29867000167758884,
,,0.2956830269872069
[0.594 0.508 0.487 -1.000 -0.661 1.000],,
,8.217085336099116,
,,8.199246036887075
[-0.411 -0.468 -0.553 1.000 -0.485 -0.211],,
,0.3103133072946987,
,,0.3094809996462125
[-0.152 1.000 0.474 -0.456 0.491 -0.066],,
,0.30124903528834296,
,,0.30005544847727966
[-1.000 0.648 -0.401 -0.963 -1.000 0.585],,
,6.032607839575842,
,,6.0210657773610405
[-1.000 -1.000 -0.676 -1.000 0.166 0.350],,
,0.28587013316047655,
,,0.2847426274222595
[-0.030 0.055 -0.081 0.027 0.497 0.225],,
,6.761214978601713,
,,6.7519700292648865
[-1.000 -0.698 -1.000 0.921 0.513 0.106],,
,0.29141092094825144,
,,0.2898589107055984
[-0.896 -0.112 0.902 0.248 -0.572 -0.598],,
,0.3053219825983591,
,,0.3047536452842497
[0.580 0.973 -0.512 0.481 0.099 -0.969],,
,4.056434419261387,
,,4.046109422616926
[-0.105 -0.762 -0.650 1.000 -0.207 1.000],,
,0.2899616132904942,
,,0.2886221565891418
[-1.000 -0.353 -0.914 0.781 1.000 1.000],,
,0.38788027891138604,
,,0.3856269384748319
[-1.000 -0.315 -1.000 0.035 -0.379 0.876],,
,9.97904576906441,
,,9.967947936308097
[0.056 -0.604 -1.000 0.449 -0.709 0.446],,
,0.2773259388803528,
,,0.275548156464383
[-0.052 0.256 0.233 1.000 0.185 0.121],,
,15.759691824093405,
,,15.734554217936436
[-1.000 0.431 -0.658 -0.271 -0.625 0.790],,
,5.481993354922347,
,,5.4671495982719795
[-1.000 0.600 -0.035 1.000 -1.000 0.942],,
,23.025554871518864,
,,23.01307281443126
[-0.699 -1.000 -0.640 -0.150 0.566 0.808],,
,0.2830889121288325,
,,0.27853712156145216
[-0.088 -0.128 -0.200 0.034 -1.000 -0.141],,
,9.990174252187556,
,,9.971737491497992
[-0.818 0.960 0.187 -0.949 0.906 1.000],,
,0.9003674367530712,
,,0.8981374063194312
[-1.000 1.000 0.485 -0.212 -0.696 -0.091],,
,12.737880131390021,
,,12.710002290091998
[-1.000 -1.000 -0.052 -0.088 1.000 -0.255],,
,0.3004604297717872,
,,0.29696033821730117
[-0.324 0.264 -0.233 0.166 -1.000 0.623],,
,1.1379234619750394,
,,1.1340791722016348
[-0.961 1.000 -0.633 0.255 -0.455 -0.449],,
,0.2988306914249151,
,,0.2974222390287281
[-1.000 1.000 -0.292 0.251 0.253 -0.482],,
,0.3123337880147536,
,,0.31087824440339545
[-0.328 0.631 0.299 -0.698 -0.783 -1.000],,
,4.8358677530241465,
,,4.828686478289108
[-0.617 -1.000 -0.589 0.076 0.001 -1.000],,
,0.2865799713970204,
,,0.2821763319502031
[-0.092 -0.234 -1.000 0.176 -0.783 -0.163],,
,0.29814873020409816,
,,0.29508443833632836
[-0.007 -0.275 -1.000 -0.015 1.000 -0.696],,
,0.316530054067859,
,,0.3154490628296775
[-1.000 0.978 -0.006 -0.886 1.000 0.780],,
,14.173511802136288,
,,14.14913683412028
[-0.065 -0.874 -1.000 1.000 -0.116 0.694],,
,0.3039285132270272,
,,0.2993918726502585
[-1.000 0.002 0.946 0.941 0.969 0.007],,
,0.2605511331481547,
,,0.25798774048104645
[-1.000 -0.114 -0.548 -1.000 -1.000 -1.000],,
,0.2611989303573596,
,,0.2587393702984939
[-0.737 0.595 -0.207 -0.538 1.000 -1.000],,
,0.28774891662772073,
,,0.2869072177648684
[-1.000 -1.000 -1.000 0.280 0.285 -0.532],,
,0.29613594476369026,
,,0.2932720830722948
[-0.274 -0.343 -1.000 -0.806 1.000 0.369],,
,0.32890638122244537,
,,0.32020124386271387
[0.059 1.000 -0.126 -1.000 0.089 -0.047],,
,0.28525579688934083,
,,0.28474441744161605
[0.589 0.034 -1.000 -0.391 1.000 -0.299],,
,0.30829275653215266,
,,0.3030075727111605
[0.490 -0.166 -1.000 -1.000 -0.580 0.045],,
,0.20451748103752085,
,,0.2011072605115842
[-1.000 0.967 -0.619 -1.000 -1.000 -0.452],,
,0.30050047406793673,
,,0.297190287124096
[-0.575 0.251 -0.326 0.052 0.249 -0.495],,
,5.067602760347943,
,,5.0578126906829635
[1.000 1.000 -1.000 -1.000 -1.000 -0.796],,
,0.24138740566683883,
,,0.23475743847334124
[-0.289 0.475 -0.309 1.000 0.591 -1.000],,
,0.31369704856704306,
,,0.31237331838841614
[-0.274 -0.307 -0.228 0.847 -1.000 1.000],,
,16.48400012852439,
,,16.459092623497053
[0.238 -0.729 0.205 0.406 -1.000 -0.444],,
,22.617522573369737,
,,22.58776104091646
[0.266 0.042 -0.201 -0.051 0.283 0.075],,
,6.96080929070009,
,,6.951043185594461
[-1.000 -0.938 -1.000 -0.461 1.000 -0.275],,
,0.2983989519829488,
,,0.29631157398849006
[-0.105 -0.450 -0.197 -0.480 -1.000 0.105],,
,11.586681618586754,
,,11.566073649146322
[0.291 1.000 -1.000 -0.451 -0.723 -0.006],,
,1.7453979886034328,
,,1.7394026416098425
[-0.292 0.120 -1.000 0.491 1.000 0.323],,
,0.30007576472375885,
,,0.29852212804916795
[-0.096 0.000 -0.495 0.549 1.000 0.743],,
,0.2448049507919062,
,,0.24285910491371746
[-1.000 0.723 -1.000 1.000 -0.503 0.174],,
,0.3063482046725151,
,,0.3046057063989398
[0.285 -0.284 -1.000 0.130 -0.311 -0.264],,
,0.27944417983079034,
,,0.2778773051549418
[-0.195 0.551 -0.701 0.641 0.091 -0.098],,
,0.32345578761573085,
,,0.3155332127309273
[-0.083 0.344 0.139 0.024 1.000 1.000],,
,25.358864344773593,
,,25.347962666331206
[-0.914 -0.447 0.433 0.692 0.654 -0.370],,
,7.917593799164753,
,,7.902478945060071
[-0.642 -1.000 1.000 1.000 0.839 1.000],,
,2.6613481602685063,
,,2.6539086283923243
[-1.000 -0.297 -1.000 -0.810 -1.000 0.905],,
,0.3011340517110335,
,,0.2917423271101549
[1.000 0.825 0.613 1.000 -0.130 0.415],,
,6.103619119838604,
,,6.095147682725572
[-0.884 0.472 0.910 -0.135 -1.000 1.000],,
,5.608554497342327,
,,5.606798610017556
[-1.000 0.260 -1.000 0.020 -0.150 -0.077],,
,0.313890688560609,
,,0.3075844542073103
[-1.000 -0.986 -1.000 -0.568 0.567 -1.000],,
,0.3339251267303904,
,,0.32886412121372455
[-0.385 0.473 -1.000 0.487 -1.000 0.262],,
,0.27972453575306666,
,,0.2774736381722284
[0.566 0.214 -0.132 1.000 0.514 0.042],,
,0.3050820808909807,
,,0.30210928604394416
[-0.843 0.743 -1.000 -1.000 -0.656 -1.000],,
,3.4386839989432545,
,,3.4287918991846085
[0.759 -0.034 -1.000 -0.373 -0.347 0.002],,
,0.3057709807992409,
,,0.3047233122434344
[-1.000 1.000 -1.000 -1.000 1.000 -0.991],,
,0.30138107882768667,
,,0.29907615742660776
[-1.000 -1.000 -0.403 -0.140 0.373 -1.000],,
,0.32240422336805785,
,,0.31879315987850265
[1.000 0.530 -0.882 -0.872 0.794 0.693],,
,0.3068409554312382,
,,0.3060075997714349
[-0.699 0.571 0.763 -0.693 -1.000 -1.000],,
,0.7105378854418303,
,,0.7058348453012859
[-0.226 0.058 -0.803 0.264 0.344 -0.413],,
,0.31317906732734946,
,,0.311391636029268
[0.043 0.516 -0.665 1.000 0.798 -0.288],,
,0.2944193587005076,
,,0.29257221049731114
[-0.781 -0.170 -1.000 -1.000 -0.566 0.510],,
,0.29927592651829876,
,,0.2965516028285077
[-0.638 -0.638 -1.000 -0.193 -0.762 -0.142],,
,0.5968853508750694,
,,0.5956567062820144
[-0.277 -0.448 1.000 -0.437 -0.605 0.907],,
,5.136919490110209,
,,5.126262253549876
[0.145 0.014 -0.221 -0.073 -0.138 0.104],,
,0.31308062973046635,
,,0.31097621795984287
[-0.044 0.781 0.344 0.926 0.532 0.767],,
,16.051545076817263,
,,16.020812541660895
[-0.932 -0.377 0.210 -1.000 -0.841 0.607],,
,16.349889397406233,
,,16.326212962508304
[-0.273 1.000 0.488 -0.990 1.000 0.618],,
,4.8914529102453255,
,,4.88033389992912
[-0.160 -1.000 -1.000 -0.663 -0.554 0.389],,
,0.18743901238115251,
,,0.18561919211021055
[-0.537 0.312 0.568 -1.000 0.243 0.858],,
,2.8130040201372015,
,,2.8079257960405104
[-1.000 1.000 -0.034 0.571 0.350 0.964],,
,0.8428758980760696,
,,0.8400445429104814
[-1.000 0.232 -1.000 0.158 0.979 0.667],,
,0.29491222531047095,
,,0.29057773643065765
[-0.840 -0.185 -1.000 -0.761 0.559 -0.959],,
,0.2774684455972129,
,,0.2753090186517263
[0.562 0.611 -0.681 0.746 1.000 -0.245],,
,0.31371210090041374,
,,0.31014197713095576
[0.419 -0.522 0.701 -0.470 -0.753 0.540],,
,13.164448486784414,
,,13.141883451043691
[-1.000 0.196 -1.000 1.000 0.181 -0.449],,
,0.25927570895950075,
,,0.253304096083278
[-0.546 -0.790 1.000 -0.654 -0.479 -0.381],,
,17.637350772272296,
,,17.613393556287082
[-1.000 -1.000 -1.000 -1.000 -0.093 -0.022],,
,10.21924198631188,
,,10.213545670284182
[-0.743 0.185 0.812 -1.000 0.025 0.244],,
,17.752440383894296,
,,17.737099022430836
[-1.000 -0.081 -0.469 -0.701 -0.575 -0.270],,
,5.5278970666081,
,,5.516910597979234
[0.071 -0.816 0.452 1.000 1.000 1.000],,
,29.9694075793043,
,,29.94460762112809
[-1.000 -0.954 -0.669 0.458 -0.289 -0.113],,
,0.301747536153695,
,,0.2976542495660731
[-0.069 -0.233 -0.996 -0.657 -0.601 0.521],,
,0.31940985068613875,
,,0.31558250317356634
[-0.692 -0.641 -1.000 0.519 -0.382 -0.023],,
,0.3089471481960093,
,,0.3082766194738946
[-0.205 -0.988 -0.456 0.043 0.101 -0.492],,
,0.28955633573878686,
,,0.28577528880662445
[-0.652 0.387 0.544 -0.226 -1.000 0.456],,
,3.1339703548732714,
,,3.1264354628838698
[-0.773 -0.245 0.799 -0.752 -0.902 0.247],,
,0.285238958942937,
,,0.2798051744681345
[-0.730 0.464 -1.000 1.000 -0.564 0.545],,
,0.30914454689239723,
,,0.30621885048921504
[-0.584 -0.183 -1.000 1.000 0.498 0.663],,
,0.2936334533855703,
,,0.290276685253783
[-1.000 0.014 -1.000 0.598 0.526 0.743],,
,0.2647888153954433,
,,0.26192164627499387
[-0.435 -0.332 -1.000 0.570 -1.000 0.432],,
,0.311807411508007,
,,0.30811968676118784
[-1.000 0.817 -0.000 0.368 0.274 -0.550],,
,3.358021377589976,
,,3.349949712841706
[-1.000 0.144 1.000 -1.000 -0.647 -1.000],,
,19.37698348075552,
,,19.345946469566197
[0.026 -1.000 -0.560 0.609 -0.387 -0.164],,
,0.28341628001109254,
,,0.2825005292446564
[-1.000 -0.329 -0.132 1.000 0.462 -0.341],,
,2.918022108779604,
,,2.9121729605522826
[-1.000 -0.878 -1.000 0.908 0.756 -1.000],,
,0.2806376946542257,
,,0.2796376619650428
[-1.000 -0.500 -0.582 0.873 -0.223 -1.000],,
,0.3050353624683254,
,,0.2993605328975208
[-0.293 0.285 -0.142 0.747 0.234 0.866],,
,2.972962277715147,
,,2.9685179588702746
[-0.222 0.393 -1.000 1.000 -0.048 -0.967],,
,0.31376954781578426,
,,0.31310149454666686
[-0.686 0.359 0.634 0.005 -0.856 -0.649],,
,7.13215028928488,
,,7.12417269944539
[-0.498 1.000 -1.000 -0.468 -0.570 0.187],,
,1.5489998985169824,
,,1.544019610411222
[-0.793 -0.232 0.124 0.350 0.525 1.000],,
,3.5810897139066347,
,,3.5773252768998276
[0.478 0.229 0.271 0.039 -1.000 1.000],,
,0.309208843617448,
,,0.30850323606222385
[-0.147 -0.387 -1.000 1.000 -0.081 0.227],,
,7.112335602354819,
,,7.09498825108207
[-0.310 0.543 -1.000 -0.414 1.000 0.496],,
,0.26831779892577834,
,,0.26777835967278524
[-1.000 -0.430 -1.000 -0.678 0.006 -0.484],,
,0.23022044370407913,
,,0.22637132281111066
[-0.529 0.843 -1.000 -0.410 0.750 -1.000],,
,4.246836871482441,
,,4.240292891329659
[0.016 1.000 -1.000 -0.621 -0.174 0.353],,
,0.3182541793716057,
,,0.3127860186504772
[-0.807 -0.093 -1.000 -0.264 -0.610 -1.000],,
,0.581020366046343,
,,0.5766415182810567
[-0.470 -1.000 0.155 0.102 -0.802 0.049],,
,5.505701867696659,
,,5.494701746786876
[-0.186 0.202 -0.287 0.086 0.471 0.385],,
,12.796628953876633,
,,12.77531538752409
[0.476 -0.276 -1.000 0.045 0.007 0.567],,
,0.27169314301363695,
,,0.267785820257023
[-1.000 -0.952 -1.000 -1.000 0.893 -1.000],,
,0.3274953610271717,
,,0.32495750253799016
[0.294 0.846 -1.000 0.717 0.423 0.924],,
,0.31220456658724033,
,,0.30962068346046895
[-0.476 -0.517 -0.966 -0.500 0.296 -0.961],,
,0.3240457219785469,
,,0.32029390401158275
[-0.529 -0.057 -1.000 -0.446 1.000 -0.104],,
,0.3065622000512663,
,,0.30407028877910874
[0.055 0.704 -1.000 -0.301 -1.000 -0.103],,
,0.2983917459622081,
,,0.29759375546571454
[0.050 0.248 -1.000 0.415 0.237 0.846],,
,0.3018324684489347,
,,0.3001755221711535
[-0.068 -0.076 -1.000 1.000 0.207 -0.042],,
,0.32511963951966877,
,,0.3206517659496848
[-0.886 0.108 -1.000 0.064 -0.258 -1.000],,
,0.27789839754679835,
,,0.27486285395517174
[-0.196 0.425 -0.572 -0.550 0.167 0.168],,
,0.22249941249329797,
,,0.2168218638092759
[0.569 0.964 -1.000 -0.433 -0.059 -1.000],,
,0.31126401195215636,
,,0.30837359951900606
[-0.655 -0.262 -1.000 1.000 -0.891 -0.968],,
,10.168129679062053,
,,10.149652408455717
[-0.118 0.124 -0.939 -0.940 1.000 -0.893],,
,0.278945966601729,
,,0.27589999407841576
[-1.000 -0.200 -1.000 -0.576 0.101 -0.243],,
,0.3098098583620623,
,,0.3079019585552204
[-0.411 -0.906 -1.000 -0.709 -0.096 -0.498],,
,0.10283347597874694,
,,0.09361701095248534
[-0.238 1.000 -1.000 0.489 0.948 -1.000],,
,0.2965612229027148,
,,0.29569558103147614
[0.054 0.377 -0.730 -0.357 0.720 0.222],,
,0.25554321673113883,
,,0.2519496624398942
[-0.958 -0.213 -1.000 1.000 -0.892 -1.000],,
,0.3081873724586688,
,,0.3051968576571621
[-1.000 -0.006 0.928 -0.189 1.000 1.000],,
,8.624578421577095,
,,8.607419255609779
[-1.000 -0.202 0.452 0.837 0.305 1.000],,
,23.10418502540336,
,,23.069529165466708
[-1.000 -0.775 -1.000 1.000 0.308 0.012],,
,25.27169029239439,
,,25.22907692526541
[0.856 0.424 -1.000 1.000 0.037 -1.000],,
,0.30819781781489586,
,,0.3060511789194633
[-0.023 0.374 0.153 -0.001 -0.259 -0.590],,
,3.9474440624698848,
,,3.940805333281853
[-0.535 -0.536 -0.742 0.710 -0.862 0.231],,
,8.619681522806237,
,,8.603759620993262
[0.234 -0.620 0.672 -0.783 0.892 0.568],,
,13.58119523845806,
,,13.55540902722109
[0.186 0.337 -0.366 -1.000 0.043 -0.222],,
,0.3013972516227886,
,,0.2977153447249235
[-0.146 0.830 0.750 -0.727 -0.025 -0.064],,
,9.33721260859967,
,,9.318512525045685
[0.425 -0.405 -1.000 -0.948 -0.804 -1.000],,
,0.30476822994752395,
,,0.3020959267586122
[-0.525 0.325 -0.897 0.116 -0.662 -1.000],,
,0.29895515793191635,
,,0.2967833346234752
[0.242 0.737 0.091 -0.036 -0.221 -0.425],,
,33.15601703255264,
,,33.110428905084476
[-0.695 -0.933 -1.000 0.327 -0.761 -1.000],,
,0.31089308688633754,
,,0.3077476023492699
[-0.093 -0.546 1.000 -1.000 -0.249 0.392],,
,12.594308056650588,
,,12.567438633175525
[-0.393 1.000 -1.000 1.000 1.000 -0.926],,
,0.29976101522729565,
,,0.2983451189947343
[0.028 -0.859 -0.311 -0.850 0.752 1.000],,
,6.464494147176608,
,,6.455861986727237
[-0.280 -0.449 -1.000 0.573 1.000 1.000],,
,0.28403606212111465,
,,0.28347850760122806
[-0.167 1.000 0.423 1.000 0.798 0.242],,
,11.247922893825647,
,,11.241070795513979
[-1.000 -1.000 -0.673 0.552 0.696 -0.363],,
,0.30238627230074533,
,,0.2983267577598906
[-0.458 -0.662 -1.000 -0.724 -0.876 1.000],,
,0.30246791485032487,
,,0.29896432800101325
[0.053 1.000 -1.000 0.640 0.998 1.000],,
,0.3170565522805888,
,,0.3153933846044629
[-0.508 -0.492 -1.000 0.551 -1.000 0.544],,
,0.2778654095557882,
,,0.27687770540641654
[-0.956 -0.447 -0.891 0.076 0.245 1.000],,
,12.613910958367036,
,,12.59309455566561
[-0.161 0.034 -1.000 1.000 0.303 -1.000],,
,0.30740289922508574,
,,0.30516032022135386
[-1.000 0.024 0.260 0.391 -0.358 0.423],,
,13.40919653001675,
,,13.403577504994066
[-1.000 0.315 0.418 -0.656 0.365 0.923],,
,8.213391662252015,
,,8.20041521300411
[-0.569 0.108 0.323 1.000 -0.523 -1.000],,
,1.1652366600761384,
,,1.1607636889452337
[0.045 -1.000 0.032 -1.000 -0.520 1.000],,
,11.70110003554007,
,,11.688315660013894
[-0.511 0.570 -0.539 0.270 -0.776 -1.000],,
,0.3226808322909928,
,,0.31905056453407227
[-0.842 -0.873 0.323 1.000 -0.111 0.119],,
,5.2719676617078,
,,5.259980726047018
[-1.000 0.389 -0.939 1.000 0.040 -1.000],,
,0.2889942973820323,
,,0.28833605315412403
[-0.362 -0.550 -1.000 -0.779 1.000 -0.540],,
,0.31796872305262736,
,,0.31554882054353617
[0.036 -0.043 0.358 -0.642 0.309 1.000],,
,2.50659728282823,
,,2.499999504940538
[-0.472 0.363 -1.000 0.100 -0.627 0.857],,
,0.3040124038373829,
,,0.3007322401691912
[0.889 -0.239 -0.692 0.693 -1.000 1.000],,
,0.3070408517327465,
,,0.30423122949903963
[-0.144 0.327 -1.000 0.572 -0.756 -1.000],,
,0.29861676067389,
,,0.29589431379987685
[0.732 0.630 -0.744 -0.781 -0.414 -0.996],,
,0.38289552714632236,
,,0.37906701706109497
[-0.537 0.471 0.496 -0.591 -0.564 0.921],,
,2.7328434067081493,
,,2.725829274506397
[-1.000 0.177 -1.000 0.077 0.418 -0.687],,
,0.29197004956994993,
,,0.28860611778317197
[-0.911 -0.324 -0.324 -1.000 1.000 0.776],,
,7.881324028357366,
,,7.868634258977074
[-0.910 -0.551 -1.000 -0.729 1.000 0.810],,
,0.2829798638744505,
,,0.27826546516474765
[-0.111 -0.244 -0.656 -0.836 1.000 -1.000],,
,0.2932729807564475,
,,0.29097516462073686
[-0.217 -0.104 0.759 -0.714 -1.000 0.628],,
,4.4240602682102805,
,,4.416463011269608
[0.449 -0.295 0.451 0.496 -0.865 0.980],,
,15.618471429704913,
,,15.593888075509293
[-0.545 0.263 1.000 -1.000 0.141 0.249],,
,27.16782273287025,
,,27.126696354288445
[0.749 0.489 0.480 0.069 -0.519 0.268],,
,0.6225704752121595,
,,0.6213005551971065
[0.708 -0.357 -1.000 -1.000 0.047 -1.000],,
,0.3127241285445665,
,,0.3079702100124231
[-0.503 -0.046 -1.000 -1.000 -0.732 -1.000],,
,0.29588572722962736,
,,0.2955375335582301
[-0.758 0.441 0.832 0.739 0.125 -0.894],,
,10.52969398994465,
,,10.50817163281261
[-1.000 -0.323 -0.059 -0.680 -1.000 -0.382],,
,5.996253513746086,
,,5.984383098974336
[-0.571 -1.000 -1.000 -0.519 -0.674 -0.056],,
,0.25507978319627034,
,,0.25356760363632097
[-0.654 -0.046 -1.000 -1.000 0.567 0.656],,
,3.891945286282677,
,,3.8842878097507847
[-0.749 -0.292 -1.000 -0.846 -0.946 -0.068],,
,0.28022859907648606,
,,0.27572084805702546
[-0.413 -1.000 -1.000 -0.113 -0.265 0.860],,
,0.31289054035167063,
,,0.3080210777688658
[-0.249 -0.019 -0.255 -0.739 -0.051 1.000],,
,37.10264342802442,
,,37.07625371097614
[-0.559 -0.085 -0.215 -0.376 0.153 0.438],,
,3.59256017984499,
,,3.5867184055428956
[-0.559 -1.000 -0.845 -0.009 -0.787 0.571],,
,13.966385551845107,
,,13.946186479329183
[-0.056 -0.520 0.365 -0.258 1.000 1.000],,
,4.327938090612871,
,,4.317758154699948
[-1.000 1.000 -1.000 1.000 -1.000 -0.423],,
,0.30478193604021675,
,,0.3010122413837868
[-0.069 -0.815 -0.301 1.000 -0.437 0.106],,
,0.2902395915677008,
,,0.2882934750948871
[-0.826 -1.000 -0.815 0.411 -0.327 0.128],,
,0.27415417646327794,
,,0.2697610227503971
[-0.149 0.433 0.139 0.488 0.504 -1.000],,
,32.46893924870179,
,,32.42149372861154
[0.168 0.396 -0.951 -0.035 -1.000 -0.974],,
,0.3026620114982514,
,,0.30143537770073164
[-0.382 0.017 -1.000 0.498 0.514 -1.000],,
,0.29121818281215683,
,,0.2877040283187308
[0.182 0.799 1.000 -0.462 1.000 1.000],,
,6.279413765516825,
,,6.264920028648303
[-0.412 -1.000 0.401 -0.358 1.000 1.000],,
,25.154972170600352,
,,25.11062448610256
[0.637 0.582 -0.506 0.679 -0.849 -0.244],,
,0.308359752510274,
,,0.305558123607713
[-1.000 -0.207 -1.000 0.203 0.046 -0.632],,
,7.074297774696352,
,,7.058996006338277
[-1.000 -0.210 -1.000 0.419 -0.292 -1.000],,
,0.317350052963508,
,,0.31209242552452615
[1.000 1.000 -1.000 -0.409 -1.000 -0.057],,
,0.3068677671615089,
,,0.3045679293455484
[-0.252 0.167 -1.000 -0.573 0.233 -1.000],,
,0.2690114351423258,
,,0.2665057102977449
[-1.000 0.037 -0.745 -0.982 -0.433 -0.739],,
,0.27921637938388527,
,,0.2736414216510678
[-0.343 -0.299 -0.134 0.378 1.000 0.181],,
,11.827486496541734,
,,11.815612086125231
[0.644 -0.583 -0.208 -0.150 -1.000 0.336],,
,6.696702266092007,
,,6.684686700664012
[-0.543 -0.594 -1.000 0.714 1.000 0.344],,
,0.29112515811377393,
,,0.28936139452277837
[0.354 -0.459 -1.000 1.000 -0.225 0.424],,
,0.30651005969537637,
,,0.3047144698064315
[1.000 0.993 -1.000 -0.142 0.658 -0.857],,
,0.3029854802831201,
,,0.2988512245468908
[-0.665 1.000 0.846 0.730 0.198 -0.005],,
,1.7305825228316705,
,,1.7268412121041037
[0.591 0.221 -1.000 1.000 1.000 -0.582],,
,0.27743079984748165,
,,0.27584731504303106
[-0.706 -0.399 0.152 0.411 0.860 0.685],,
,0.299714422481485,
,,0.2963810327912552
[-0.947 -0.389 0.733 0.130 -0.684 1.000],,
,18.095407079659687,
,,18.071867477270246
[-0.480 -0.231 1.000 -0.331 -0.726 1.000],,
,13.403297619987498,
,,13.377094541204865
[-0.860 -0.027 -1.000 0.449 -0.260 -0.363],,
,0.3037733393244241,
,,0.30191005256367215
[-1.000 -0.867 -0.209 -0.590 0.700 -0.233],,
,3.0820796017213046,
,,3.073966038329172
[0.736 0.365 -0.416 -0.559 -0.038 0.451],,
,14.996405398039865,
,,14.974755043742979
[-1.000 0.151 -1.000 0.718 0.453 -1.000],,
,0.31161307462041526,
,,0.31032342498745646
[0.001 0.062 1.000 1.000 -1.000 0.847],,
,14.559519354943177,
,,14.545597844906453
[-0.464 -0.856 1.000 -0.683 0.636 0.221],,
,6.244354032003898,
,,6.233345348928649
[-0.363 0.719 -1.000 1.000 0.292 -0.016],,
,0.3049183778078906,
,,0.3025654196909088
[-1.000 1.000 -0.446 -0.668 -0.308 -0.019],,
,0.2980176204742937,
,,0.29686760874283935
[0.294 -0.132 0.334 0.714 0.106 -0.793],,
,0.2896976804550564,
,,0.28781075422752195
[-0.018 0.486 -1.000 -0.531 -0.195 -0.928],,
,0.29813729471116995,
,,0.2970199579964288
[-0.788 -0.607 -0.831 0.205 -0.322 -0.916],,
,3.5687672211536094,
,,3.5637422143818367
[-0.519 0.200 -1.000 1.000 -0.748 1.000],,
,0.3030252670833104,
,,0.30209692992890697
[-0.465 0.783 -0.844 0.837 0.414 -1.000],,
,0.3140145751198327,
,,0.31320346805133553
[-0.645 0.817 -1.000 0.548 0.199 -0.957],,
,0.2786509144567246,
,,0.2716876192422042
[0.267 0.245 -0.939 1.000 -1.000 0.556],,
,0.3124787981307542,
,,0.3102936551636796
[-1.000 0.252 0.038 0.753 -0.126 0.097],,
,0.10857908210245813,
,,0.09286410044994256
[-0.967 0.585 -1.000 1.000 -0.020 0.645],,
,0.2975282613228843,
,,0.29475901223170103
[0.203 -0.484 -1.000 -0.520 0.694 0.569],,
,0.2832146229877001,
,,0.28095831900337453
[0.436 -0.010 -1.000 0.479 0.323 -0.105],,
,0.30948527007303805,
,,0.3064913552589899
[0.100 1.000 -0.464 -0.754 -0.307 -0.190],,
,0.3040840663150867,
,,0.3017185873139014
[-0.461 0.256 -1.000 -0.656 -0.415 -0.220],,
,0.2852220246936478,
,,0.2812154693396042
[-1.000 -0.005 -0.695 -0.479 -0.330 -0.141],,
,0.30376757460036197,
,,0.30179886929725963
[0.569 0.231 -0.700 0.642 -0.255 0.885],,
,0.2809753788572151,
,,0.2795255812487534
[-0.405 0.834 1.000 0.697 -0.494 1.000],,
,0.29729926521090994,
,,0.2955368185445809
[-0.058 -0.658 -1.000 0.372 -1.000 -0.970],,
,0.3154296939760915,
,,0.3121730690409991
[-0.934 -1.000 0.858 -0.616 0.716 1.000],,
,4.548845821141992,
,,4.541391365391237
[-0.504 -0.788 0.249 0.348 0.052 0.007],,
,5.384577051238155,
,,5.374518492502902
[0.327 0.471 -1.000 1.000 -0.382 -1.000],,
,0.30034587985933325,
,,0.29768470232425376
[0.142 -0.382 0.145 -0.800 -1.000 1.000],,
,8.022314627038266,
,,8.004978123604754
[-0.421 -0.649 0.185 -0.067 0.614 -0.452],,
,0.2926865771151209,
,,0.29102817051040575
[-0.912 0.170 0.080 -0.604 -1.000 -1.000],,
,0.3279824504911794,
,,0.32453161496646543
[0.143 -0.425 0.459 -0.701 -0.320 1.000],,
,7.432617601650608,
,,7.41865042054134
[0.990 -0.736 0.972 -0.684 -0.299 -0.916],,
,1.3299844931496216,
,,1.3258711834778414
[0.873 -0.097 -0.698 0.375 -1.000 -0.702],,
,0.2808284853202409,
,,0.27847833697715635
[-0.572 -0.782 -1.000 0.714 0.529 0.826],,
,0.43727402256791514,
,,0.4302246778718591
[-0.319 -1.000 -1.000 -0.809 0.087 -0.592],,
,0.28883317767332384,
,,0.2871183525538861
[-0.793 -0.486 -1.000 0.624 -0.593 -0.371],,
,0.30010670944660167,
,,0.2961572866276685
[0.155 -1.000 -0.507 1.000 0.207 1.000],,
,6.2334290257778395,
,,6.222012309262406
[-1.000 -0.401 -1.000 1.000 1.000 0.571],,
,0.2939236618152907,
,,0.29010611222696486
[-0.331 0.468 -0.561 0.698 1.000 -0.318],,
,0.28573619409860856,
,,0.2845510826609
[-0.475 0.407 -0.892 0.369 1.000 -1.000],,
,0.3115619544675668,
,,0.3094844290281213
[0.196 0.052 0.442 0.548 1.000 -0.341],,
,0.3116674478713402,
,,0.30908809459066433
[-0.011 0.944 -1.000 1.000 1.000 -0.191],,
,0.31315236200467783,
,,0.311929837900534
[0.370 0.525 -0.432 0.257 -0.602 0.485],,
,5.064725408758565,
,,5.054779120815602
[0.060 0.990 -0.605 1.000 -1.000 0.121],,
,0.3104561325682369,
,,0.3086674941146116
[0.230 -0.198 -0.244 -1.000 -0.817 0.659],,
,0.31982609284602825,
,,0.3150027177115933
[0.411 -0.128 0.016 -0.159 0.607 -0.272],,
,0.3045437057335483,
,,0.30225209232236777
[-0.684 0.080 1.000 -0.863 -0.146 0.532],,
,0.28256785999854855,
,,0.28124570208489985
[0.247 0.617 0.989 0.672 0.460 0.338],,
,6.018008634507473,
,,6.004852506320099
[0.196 -0.116 -1.000 0.323 -0.643 0.306],,
,0.28848379102236693,
,,0.2880583145010801
[-0.030 -0.336 -1.000 -0.140 0.726 -0.542],,
,0.7255958672769169,
,,0.722994267920032
[-0.822 -0.415 0.350 -0.289 1.000 1.000],,
,1.9518146291515244,
,,1.9464808616720348
[0.147 0.045 -1.000 0.186 0.053 -0.102],,
,0.3093754059114052,
,,0.30422792198428633
[-0.816 0.346 -1.000 -0.120 0.536 0.436],,
,0.2961356195794876,
,,0.29384199978369063
[-0.844 -1.000 -1.000 0.261 -0.720 -0.543],,
,0.2930834057130024,
,,0.2910495752331143
[-0.375 0.405 -1.000 -0.156 -0.194 0.543],,
,0.289065460867584,
,,0.28624668339597675
[-0.845 0.371 -1.000 -1.000 0.405 1.000],,
,0.057616067007021265,
,,0.04215181479599161
[0.383 -0.406 -1.000 -0.516 0.911 -0.025],,
,0.30926861178308895,
,,0.30618397334135733
[0.207 1.000 -0.673 0.913 0.463 0.918],,
,0.3185459239891254,
,,0.31700271531136126
[0.068 0.312 -1.000 1.000 -1.000 -1.000],,
,0.29386860244266916,
,,0.2912818283890312
[-0.808 0.183 -1.000 -0.843 -0.373 -0.076],,
,0.23725492959150105,
,,0.23132638535329095
[0.304 -0.446 1.000 -0.281 -0.350 0.363],,
,5.16239063786558,
,,5.15036622862726
[0.017 -0.402 -0.595 0.106 -0.132 0.461],,
,0.31047340892899433,
,,0.3093946258308926
[-0.644 0.014 -0.882 0.839 0.755 -1.000],,
,0.2950488930245828,
,,0.29478697637465806
[-0.687 -0.197 1.000 -0.840 -0.205 -1.000],,
,7.557339640352987,
,,7.546047678341505
[-0.134 0.041 -1.000 0.601 -0.070 -1.000],,
,0.290741865948462,
,,0.29051797523796913
[-0.062 -0.766 -0.374 0.064 -0.587 -1.000],,
,0.272293719317786,
,,0.26712306782469236
[0.462 0.182 0.542 -0.630 -0.101 -0.890],,
,0.28020612728111605,
,,0.2762339122743608
[-0.849 -0.281 -1.000 1.000 1.000 0.047],,
,0.2880449902533952,
,,0.28765772958557867
[-0.710 -0.073 1.000 -0.405 -1.000 0.423],,
,1.5862164721516543,
,,1.58087353889239
[-1.000 -0.640 0.312 -0.601 0.048 0.434],,
,5.7333638024746385,
,,5.7224870567141135
[-0.030 0.831 -1.000 0.425 0.072 0.131],,
,0.29631608928880915,
,,0.29576086579524324
[-0.169 -0.542 0.806 -0.493 -1.000 0.224],,
,8.638082194951537,
,,8.615115547735387
[0.327 0.093 -0.264 1.000 -0.933 0.143],,
,0.30673852225343273,
,,0.30386726719494667
[-0.523 -0.915 -0.652 0.884 0.315 1.000],,
,7.084929253407374,
,,7.074125588098071
[-0.730 0.546 -1.000 0.163 1.000 -0.752],,
,0.2988675598290465,
,,0.2927627021968003
[0.761 -0.059 1.000 0.665 -1.000 1.000],,
,1.8470830489351866,
,,1.8416151103767722
[-0.743 0.197 0.704 -0.679 0.035 0.562],,
,13.89292148720596,
,,13.870789946350232
[-0.690 0.427 0.525 -0.994 0.200 -0.919],,
,21.254737476301678,
,,21.21703783955019
[-0.776 -0.141 1.000 0.122 -1.000 -0.031],,
,7.038016129567173,
,,7.027204358155963
[-0.142 -0.649 1.000 -0.389 -0.317 0.937],,
,11.97415508742591,
,,11.947883632697478
[-0.101 1.000 -0.658 0.286 -0.049 0.329],,
,0.3181524267717445,
,,0.31438784983736145
[-0.859 0.010 0.365 0.403 -1.000 0.412],,
,3.19234790108727,
,,3.1851927235342252
[0.866 0.318 -0.768 0.415 0.485 -1.000],,
,8.241206557987912,
,,8.221182491547163
[-1.000 -1.000 -0.276 0.021 0.644 0.274],,
,16.033328973979163,
,,16.004933760019554
[0.161 0.502 -0.376 0.283 -1.000 0.536],,
,0.3162466698309446,
,,0.3132166289956759
[0.219 0.586 -0.890 0.295 -0.951 0.175],,
,0.2969849532242771,
,,0.29510172980404786
[-0.511 -0.656 -0.137 -1.000 1.000 0.403],,
,2.8156688238103444,
,,2.8125209505818374
[0.295 0.102 0.300 -0.670 0.734 0.473],,
,6.574719327108161,
,,6.559680749630373
[-0.354 0.533 1.000 0.262 -1.000 0.949],,
,19.95503311596207,
,,19.927998804872107
[-0.677 0.610 -1.000 0.436 0.000 -0.416],,
,0.2870277872304756,
,,0.2863467521741019
[0.328 0.534 -0.320 -0.114 0.080 -1.000],,
,0.3129496006182591,
,,0.3122678498145049
[-0.395 -0.620 -1.000 -0.735 0.065 -0.689],,
,0.287778021848979,
,,0.2868904606050261
[-0.751 0.442 -1.000 -0.448 -0.379 0.859],,
,0.28972097975960004,
,,0.28495577254631255
[-0.770 0.236 0.666 -0.178 1.000 0.223],,
,0.2959233970664912,
,,0.2955415199570792
[-0.305 -0.273 -1.000 -1.000 -0.437 0.226],,
,0.2774980153675848,
,,0.27546540783186607
[0.598 0.917 0.875 -0.046 0.942 1.000],,
,17.902533393166784,
,,17.8828111345685
[-0.037 0.342 -0.717 -0.099 1.000 0.389],,
,0.24260553656626363,
,,0.24111999192915423
[-1.000 0.582 -0.321 0.144 0.895 -0.121],,
,0.2999645149304043,
,,0.29689609227183295
[-0.105 0.284 -0.823 -0.647 -0.226 -0.325],,
,0.2969354862139385,
,,0.2957419930400269
