#{"t_start": 1642441967.0665386, "env_id": null}
r,l,t
14.235274,500,13.308942
14.828412,500,26.379451
14.296147,500,39.448706
6.379937,500,52.899978
10.579617,500,68.088273
9.669995,500,81.265881
14.848648,500,94.581373
8.222622,500,107.418591
12.545529,500,125.013794
17.410354,500,137.914056
18.307012,500,150.975554
6.729482,500,165.484222
14.726936,500,181.108397
7.870804,500,194.446108
11.230668,500,207.394226
9.964333,500,221.942538
8.459395,500,237.709342
18.336172,500,250.506567
14.395856,500,263.55132
10.740759,500,277.271558
7.446209,500,292.89887
9.638093,500,305.877124
7.439754,500,318.912142
14.503061,500,332.677471
18.399439,500,348.680213
10.758916,500,361.500717
12.686749,500,374.516872
15.006403,500,387.923857
13.113691,500,402.220354
19.460887,500,415.147191
8.288816,500,428.159808
17.919834,500,441.405058
16.062165,500,456.710412
17.006896,500,469.833206
8.925368,500,482.907855
12.533413,500,496.889992
8.871367,500,511.481307
8.691105,500,524.916185
15.643876,500,538.011746
11.771749,500,551.362888
10.664499,500,566.209071
13.912829,500,578.99824
17.312947,500,592.265457
8.046003,500,605.685132
10.653193,500,619.967899
16.037001,500,634.180189
18.77712,500,647.137676
19.529607,500,660.390551
10.20806,500,673.52621
15.767027,500,688.51332
9.839092,500,702.277475
15.304622,500,715.929546
9.52901,500,728.956528
11.617227,500,743.178466
6.48503,500,756.644871
14.807801,500,770.667683
8.344108,500,783.519377
11.954706,500,797.616619
12.562572,500,810.491332
9.111528,500,823.828997
14.743614,500,837.337543
21.921844,500,851.427495
10.563518,500,864.301547
5.696673,500,880.279835
15.410903,500,895.003348
7.293055,500,909.053093
8.45561,500,922.227315
10.55868,500,935.750403
6.793554,500,948.801686
12.344866,500,963.353277
8.776548,500,976.455845
13.190566,500,989.838217
11.706963,500,1003.257661
15.479042,500,1018.112384
13.608859,500,1031.058455
10.328906,500,1044.65293
19.018734,500,1057.940957
6.028926,500,1073.128666
11.168134,500,1086.226721
7.155447,500,1099.322769
10.296047,500,1112.228498
20.995234,500,1126.805934
13.306043,500,1140.100507
13.47386,500,1154.676368
10.373497,500,1167.681774
9.298186,500,1180.77851
6.625844,500,1196.648046
10.534185,500,1209.784378
6.452532,500,1223.405733
5.835587,500,1236.739894
15.260575,500,1252.853173
10.491036,500,1266.205203
12.985997,500,1279.598161
11.845154,500,1292.621364
19.366789,500,1306.973376
16.189189,500,1320.335579
9.214166,500,1333.824433
9.936898,500,1346.905814
8.957913,500,1362.600072
8.511924,500,1376.79687
19.904419,500,1390.098044
8.605555,500,1403.208155
7.92868,500,1418.23901
10.269645,500,1431.942549
11.318259,500,1445.423418
7.769128,500,1458.444361
7.884227,500,1473.547295
9.682228,500,1486.825589
14.910987,500,1500.50366
8.3535,500,1513.696683
10.585182,500,1529.4711
16.813369,500,1542.45157
10.152091,500,1556.599316
7.944617,500,1570.997584
18.234825,500,1587.867303
20.117863,500,1601.103325
8.724339,500,1614.68439
14.044107,500,1628.017566
11.601695,500,1643.194329
9.509629,500,1656.358034
7.666727,500,1669.678864
9.817942,500,1682.810394
6.788657,500,1698.022612
10.622485,500,1711.161217
8.128805,500,1724.275092
19.979742,500,1737.194854
14.614007,500,1751.683396
21.373518,500,1765.137575
15.700282,500,1778.152822
15.446164,500,1792.435134
15.270125,500,1806.082976
14.378159,500,1820.597739
9.929592,500,1834.183816
12.301322,500,1847.253186
13.844478,500,1860.976952
19.035343,500,1876.040542
13.323777,500,1889.360643
13.30256,500,1903.152164
20.466613,500,1917.187188
6.80366,500,1931.974425
11.533049,500,1945.56119
17.604524,500,1958.951674
8.308665,500,1972.49884
7.136894,500,1986.900685
10.590937,500,2002.904796
12.078499,500,2016.509095
13.86257,500,2029.618046
9.902411,500,2045.1414
11.324113,500,2058.775141
8.846051,500,2072.137951
8.135977,500,2085.215454
14.34536,500,2100.489787
9.173254,500,2113.785822
5.684975,500,2128.406241
8.114797,500,2141.591176
12.620212,500,2155.817063
5.860374,500,2169.11591
17.525799,500,2182.093749
8.340106,500,2195.064441
8.322866,500,2209.424976
16.62611,500,2222.521486
11.519381,500,2235.44923
15.475945,500,2248.639495
9.456055,500,2264.045446
13.272161,500,2277.510944
15.585528,500,2291.391904
7.307254,500,2304.255299
10.73184,500,2318.977992
8.24505,500,2332.166191
9.866554,500,2346.743023
13.335104,500,2359.906343
9.002199,500,2372.884954
6.295041,500,2387.479212
17.250649,500,2401.528821
7.688101,500,2414.673794
8.668309,500,2427.8972
12.317495,500,2442.454498
16.382041,500,2457.305077
8.59456,500,2470.486475
8.868609,500,2483.386533
20.324329,500,2498.583383
11.689348,500,2512.191305
11.389239,500,2525.705735
4.765888,500,2538.888222
10.521198,500,2553.499512
11.402032,500,2566.752599
15.153855,500,2579.874587
12.554159,500,2593.599285
14.480859,500,2608.10976
11.338925,500,2621.109378
12.006301,500,2634.188625
15.663234,500,2648.317005
17.64483,500,2662.996683
7.452181,500,2676.284797
10.638234,500,2689.681716
7.006064,500,2702.71885
9.283166,500,2718.047276
7.793155,500,2731.179048
9.712817,500,2744.288932
8.755476,500,2757.399103
11.882901,500,2772.394836
18.429376,500,2786.749685
8.371813,500,2799.737553
12.060607,500,2812.578583
19.106805,500,2827.054261
10.091968,500,2840.077362
10.170051,500,2853.648973
16.877202,500,2866.541409
10.574901,500,2881.047333
18.017339,500,2894.095079
10.541504,500,2908.341547
10.935876,500,2922.126597
7.34466,500,2936.844836
12.744018,500,2951.299967
17.948018,500,2964.641287
23.601765,500,2978.208229
20.79068,500,2992.725255
17.49354,500,3007.991438
9.796213,500,3021.901162
15.440463,500,3036.953661
8.144921,500,3050.126591
13.601874,500,3064.426803
4.435292,500,3077.530954
6.892439,500,3090.838096
6.604046,500,3104.039669
10.398274,500,3118.128975
9.57031,500,3131.34828
11.246479,500,3144.330773
10.515571,500,3157.33986
8.634226,500,3172.876352
10.498159,500,3186.110031
16.971898,500,3201.08003
13.381393,500,3214.548193
6.856959,500,3231.21267
11.479995,500,3244.35001
14.258201,500,3257.524249
7.031834,500,3270.85844
13.258821,500,3287.536801
9.42902,500,3300.902934
12.562898,500,3314.125791
13.88692,500,3327.407452
8.951992,500,3343.451889
12.381789,500,3356.855816
10.626055,500,3370.125807
11.698041,500,3383.288927
10.203082,500,3398.940964
7.758128,500,3412.284945
12.613801,500,3425.637862
19.017802,500,3438.761849
13.415833,500,3453.183909
19.531084,500,3466.888241
5.924331,500,3479.960027
17.02783,500,3493.283534
12.380376,500,3508.71469
16.095747,500,3521.873359
17.71371,500,3534.755328
12.740073,500,3548.263754
15.050223,500,3561.616483
16.185304,500,3575.806223
21.85102,500,3589.124717
12.99912,500,3602.245558
12.046603,500,3616.363255
20.420564,500,3631.991799
22.105533,500,3645.790613
19.728808,500,3659.14257
23.007901,500,3672.721619
8.641985,500,3688.646761
9.229983,500,3701.861916
11.73178,500,3715.167446
11.933341,500,3729.141242
10.872641,500,3746.512036
9.310092,500,3760.120031
16.98484,500,3773.550259
9.804363,500,3786.903141
12.316385,500,3801.927438
10.503834,500,3814.943431
14.736312,500,3828.739627
11.36429,500,3842.519184
9.811032,500,3858.261056
5.525189,500,3871.237947
6.296834,500,3884.735539
9.309562,500,3898.212161
13.134089,500,3912.962827
15.730728,500,3925.953161
18.304763,500,3940.022814
12.17146,500,3953.73285
16.858215,500,3968.588152
16.098425,500,3981.801056
13.415557,500,3994.96862
9.512039,500,4008.294723
16.230011,500,4023.213611
21.665036,500,4036.624269
13.687567,500,4049.792778
22.851324,500,4064.194049
21.540268,500,4079.3679
12.351786,500,4092.940817
22.143242,500,4106.581979
9.640791,500,4119.727071
10.614462,500,4133.553092
10.790006,500,4148.195148
11.951791,500,4161.83662
7.475893,500,4175.855816
10.540642,500,4190.536785
8.868347,500,4204.805034
15.336827,500,4219.453135
19.268478,500,4232.834458
8.061881,500,4246.130384
13.94982,500,4261.444408
12.418018,500,4274.665501
14.087744,500,4288.187423
20.343362,500,4301.37355
21.399193,500,4316.478029
9.928317,500,4329.817604
9.599279,500,4343.085479
18.32937,500,4356.506752
17.129159,500,4370.912042
13.386368,500,4385.036703
6.607181,500,4398.484039
6.249144,500,4412.390667
9.680717,500,4426.835611
9.943145,500,4441.424961
11.797244,500,4454.526998
18.21297,500,4468.467597
13.943239,500,4484.891426
18.932138,500,4498.673454
11.151703,500,4512.488045
9.837912,500,4525.797148
9.978561,500,4540.58176
11.814511,500,4553.891112
13.093843,500,4566.990717
10.732343,500,4580.192014
15.229718,500,4595.271977
12.156998,500,4608.67187
6.210136,500,4622.131375
9.873767,500,4635.771717
23.460916,500,4651.459158
14.801774,500,4664.865427
16.466581,500,4678.371825
9.465933,500,4692.615185
11.596404,500,4707.344949
12.863584,500,4721.167759
20.876501,500,4734.393117
10.915672,500,4747.719523
15.982592,500,4761.004814
11.024953,500,4776.568144
13.756026,500,4789.870518
21.144328,500,4803.510901
9.834704,500,4817.331019
9.094542,500,4833.350269
21.942147,500,4846.869487
8.959421,500,4860.035154
11.238957,500,4873.240932
5.75929,500,4888.012868
12.110825,500,4901.06723
10.16118,500,4914.757272
9.763579,500,4929.315321
12.351214,500,4945.059745
14.653664,500,4958.198533
19.088369,500,4971.986511
13.122497,500,4985.265574
10.298697,500,4999.601461
6.597299,500,5012.674393
6.762496,500,5025.91366
13.530422,500,5039.760115
19.16494,500,5054.655978
12.99791,500,5068.050915
12.870379,500,5081.098327
8.429874,500,5096.414749
13.35576,500,5111.389639
6.455701,500,5124.751313
5.151238,500,5137.856206
7.974895,500,5152.448183
12.604216,500,5167.199367
10.058231,500,5180.821214
7.956792,500,5194.474983
13.127933,500,5208.512905
20.356468,500,5223.177039
18.847548,500,5236.15876
15.869419,500,5249.573816
8.570556,500,5263.960431
9.567557,500,5281.140255
11.25452,500,5294.202628
10.271213,500,5308.355383
12.214939,500,5321.407439
17.607202,500,5334.599909
6.934194,500,5350.059772
7.962787,500,5363.240194
14.199697,500,5377.490252
17.344428,500,5390.686608
13.789216,500,5407.524906
7.30307,500,5421.001429
18.114655,500,5434.374879
17.546598,500,5448.067987
11.549111,500,5463.002276
20.405767,500,5477.372075
12.062864,500,5490.501837
13.078262,500,5503.928815
9.248212,500,5517.998091
16.315616,500,5531.831594
8.046774,500,5544.788295
7.807653,500,5558.282845
13.266525,500,5573.166693
20.442831,500,5587.073949
6.720766,500,5600.354445
14.780009,500,5613.871271
14.286503,500,5628.346274
11.866732,500,5641.905665
17.636614,500,5654.968641
6.793959,500,5668.497098
7.218042,500,5683.806381
13.365912,500,5697.369627
9.614788,500,5710.687634
15.695189,500,5723.896258
17.326853,500,5738.191908
18.749275,500,5752.229763
12.27114,500,5765.296574
13.105272,500,5778.843514
13.316185,500,5793.472645
9.614001,500,5807.447392
17.160009,500,5821.368586
6.878565,500,5834.889197
20.380527,500,5850.161179
6.299135,500,5863.508966
10.251599,500,5876.911013
16.095799,500,5890.791499
8.826804,500,5906.754307
16.794708,500,5920.254828
11.288558,500,5933.849647
17.252718,500,5947.456194
6.633437,500,5960.658726
19.519453,500,5976.4267
9.321434,500,5989.68018
11.255084,500,6003.182883
7.599444,500,6016.812493
18.986567,500,6031.472993
19.414856,500,6044.991294
12.558751,500,6058.227162
8.079064,500,6072.026099
9.270584,500,6086.674014
14.05429,500,6099.795385
15.323574,500,6112.928802
9.94589,500,6126.982728
6.582695,500,6141.734846
13.228212,500,6154.766146
18.704461,500,6167.988757
8.55391,500,6181.950816
12.646317,500,6196.668814
21.551316,500,6210.121375
6.316241,500,6223.838753
12.702665,500,6236.970706
9.096252,500,6252.084786
13.652306,500,6265.099007
6.667787,500,6278.409243
15.339425,500,6292.850913
10.689069,500,6307.895619
11.213567,500,6321.110676
8.034766,500,6334.751268
6.279184,500,6348.73372
14.694602,500,6365.25539
10.334344,500,6378.826645
19.420338,500,6392.405687
16.287748,500,6406.167897
9.366702,500,6421.200273
17.789882,500,6434.855099
8.408331,500,6447.997567
7.49228,500,6460.986076
10.995834,500,6475.491005
13.696439,500,6488.552653
17.848827,500,6502.139719
8.694156,500,6515.584776
11.23175,500,6528.79956
16.405334,500,6543.229998
10.613149,500,6556.490176
10.757029,500,6569.908869
12.481853,500,6583.3074
8.228225,500,6598.611161
6.374606,500,6611.860606
10.454348,500,6624.958254
5.281016,500,6638.473038
6.375138,500,6653.440526
11.348665,500,6667.270776
11.014418,500,6681.188522
13.706352,500,6694.5667
14.002741,500,6709.381394
11.561689,500,6722.622902
7.431684,500,6736.2151
12.605055,500,6749.363692
9.750276,500,6765.46314
17.101489,500,6778.639359
13.156926,500,6791.660186
8.513259,500,6804.706588
3.718944,500,6820.646339
18.938299,500,6833.922359
12.962571,500,6847.013595
16.680978,500,6860.120938
21.50055,500,6875.396101
16.960678,500,6888.872897
6.302193,500,6901.774029
7.469311,500,6915.096761
25.25687,500,6930.512641
9.269817,500,6944.05499
11.620157,500,6956.953346
4.9706,500,6969.999284
8.328633,500,6987.266388
18.656392,500,7000.520506
13.227321,500,7013.851582
11.24082,500,7026.971046
8.291449,500,7041.210947
20.297284,500,7054.760223
19.482241,500,7067.990187
16.991338,500,7081.049889
9.814354,500,7093.921461
11.540511,500,7108.425918
14.871786,500,7121.799528
15.086029,500,7135.591588
15.346622,500,7148.897822
17.709941,500,7163.275305
12.525702,500,7176.546085
16.330333,500,7189.994106
10.932664,500,7203.855151
18.338362,500,7218.295921
9.010487,500,7232.025032
7.23725,500,7245.467818
17.370846,500,7258.867062
7.35868,500,7274.650688
7.585938,500,7287.801435
14.366374,500,7301.285066
8.106345,500,7314.319705
10.009097,500,7329.577819
8.575236,500,7343.021927
14.002917,500,7356.23724
17.816419,500,7369.489929
10.915158,500,7385.272696
12.635987,500,7398.416765
8.144255,500,7412.191573
14.168193,500,7425.858058
9.943538,500,7441.189184
9.544888,500,7454.615507
8.519803,500,7468.342309
8.06636,500,7481.567599
11.498871,500,7496.215633
6.174632,500,7509.406199
8.064653,500,7522.797485
21.53304,500,7536.154507
8.897727,500,7552.234142
7.878425,500,7565.336148
11.046643,500,7579.426274
4.771496,500,7592.604703
12.798507,500,7607.578578
13.17522,500,7621.305939
13.823353,500,7634.865117
11.221266,500,7647.881515
10.179118,500,7662.481437
4.872968,500,7676.674845
14.296168,500,7689.754814
10.607665,500,7703.037918
6.47362,500,7716.091386
5.884203,500,7731.40693
7.968821,500,7746.45492
10.49032,500,7759.441131
21.610769,500,7773.736993
8.926662,500,7789.548888
12.945227,500,7802.700225
13.422504,500,7815.946842
12.663247,500,7829.202551
16.897261,500,7843.965859
11.520925,500,7857.040576
20.258221,500,7871.252561
19.675851,500,7884.703745
7.572579,500,7899.02143
10.489787,500,7912.007286
10.465784,500,7925.119892
9.454966,500,7938.977082
20.89076,500,7955.19617
8.600325,500,7968.455944
15.444628,500,7981.430698
7.558621,500,7994.499337
11.862402,500,8010.562038
12.241309,500,8024.340828
21.072359,500,8037.361474
6.872907,500,8050.511178
14.199393,500,8067.584137
22.259034,500,8080.893468
17.033113,500,8094.631082
7.198196,500,8107.882589
13.332661,500,8122.511774
20.045342,500,8135.916509
6.397325,500,8148.980279
14.255181,500,8162.223856
15.005492,500,8176.534029
12.401955,500,8190.073529
9.58916,500,8202.9857
17.648493,500,8216.80588
14.79437,500,8232.477165
15.622309,500,8245.976575
19.189549,500,8259.000709
19.5081,500,8272.558729
16.639293,500,8285.933701
17.17405,500,8300.674499
19.637178,500,8313.872853
21.570505,500,8327.675738
8.107521,500,8340.606754
11.269181,500,8356.974172
9.51408,500,8370.174838
16.34705,500,8383.752643
10.698104,500,8397.133866
8.091588,500,8411.607021
10.747122,500,8425.978953
12.917427,500,8439.806377
20.991728,500,8453.649356
7.118368,500,8469.167585
10.896648,500,8482.040959
19.93071,500,8496.919516
9.752588,500,8510.236684
8.674303,500,8525.663967
10.636566,500,8538.816034
10.697054,500,8551.902061
13.887231,500,8565.295824
9.594548,500,8580.964575
14.436125,500,8593.991354
15.685223,500,8607.143881
15.22901,500,8620.154151
7.262377,500,8636.694026
10.477648,500,8651.249936
12.569233,500,8664.792104
5.056938,500,8677.790871
13.041129,500,8692.239089
10.095548,500,8708.112334
9.659725,500,8721.608126
6.632058,500,8734.59164
12.256395,500,8749.044867
8.294169,500,8762.604505
13.096752,500,8778.368388
18.200636,500,8791.360842
19.737729,500,8805.786736
8.904515,500,8819.085029
9.310944,500,8832.425401
8.036946,500,8845.78623
12.693681,500,8860.104732
7.587812,500,8873.692748
10.330396,500,8886.947024
15.598577,500,8900.17742
17.505881,500,8913.337829
7.115734,500,8928.567392
16.350088,500,8941.732068
8.149727,500,8955.549536
11.798435,500,8969.228062
21.798948,500,8983.528535
15.406106,500,8996.536856
5.666004,500,9009.434151
13.99715,500,9022.819463
10.403405,500,9038.570004
12.458628,500,9052.338562
10.388506,500,9065.253886
19.214518,500,9078.584316
11.413348,500,9096.572701
10.624194,500,9109.857627
5.200324,500,9123.17397
8.313848,500,9136.433186
14.72325,500,9151.224992
6.95043,500,9164.553535
16.991313,500,9177.789203
11.503574,500,9191.19662
10.627778,500,9205.891913
8.650105,500,9219.171829
8.429307,500,9232.133757
13.541747,500,9245.148425
16.795563,500,9262.567292
7.083035,500,9275.863426
14.692646,500,9289.312617
13.617493,500,9303.053888
6.081189,500,9317.512013
18.098424,500,9330.721602
11.336445,500,9343.787184
8.45379,500,9357.171757
8.719184,500,9372.050271
14.497834,500,9385.519378
12.17718,500,9399.046864
7.115889,500,9412.230628
18.306154,500,9427.314585
18.622198,500,9440.835819
15.268411,500,9454.032337
20.067935,500,9467.528878
6.564388,500,9480.601628
15.180729,500,9498.10813
19.300435,500,9511.320567
14.259566,500,9524.421228
8.627648,500,9538.600176
20.810017,500,9554.947827
10.012962,500,9568.015687
8.447673,500,9581.09785
9.069827,500,9594.013296
12.640491,500,9608.6287
7.607854,500,9621.50623
8.016955,500,9635.010014
13.49463,500,9648.125607
16.407608,500,9663.594788
8.798813,500,9676.477402
13.431591,500,9691.110668
16.060473,500,9704.13055
14.287027,500,9719.984416
11.526624,500,9733.213991
8.569791,500,9746.319324
9.710905,500,9759.794095
7.979309,500,9774.78242
18.820968,500,9788.006314
10.102463,500,9801.249749
18.069185,500,9814.407953
7.008208,500,9830.384407
12.002678,500,9843.430045
8.396967,500,9857.934603
10.332071,500,9870.999122
14.53255,500,9886.703661
11.339773,500,9900.200922
12.255246,500,9914.443336
13.042706,500,9927.438625
8.837994,500,9941.797129
11.075427,500,9954.837889
13.810298,500,9969.109456
13.841459,500,9982.251509
18.980135,500,9996.708629
15.787297,500,10009.813671
10.566683,500,10023.315301
5.856393,500,10036.413737
10.061978,500,10051.83097
16.474947,500,10065.003088
16.44909,500,10078.031779
18.843164,500,10091.403283
15.06189,500,10104.872605
12.967084,500,10119.402159
9.286453,500,10132.660698
14.715356,500,10145.745813
20.177344,500,10159.26915
18.871926,500,10173.863859
9.70087,500,10187.964217
9.957977,500,10201.476825
13.693003,500,10215.40234
13.587041,500,10230.296831
13.562335,500,10243.200811
8.567243,500,10256.285069
15.708771,500,10269.800643
19.618823,500,10284.605089
11.392758,500,10298.611911
13.117101,500,10311.493304
14.684662,500,10325.175024
12.202847,500,10342.448732
8.179516,500,10355.996105
18.273492,500,10368.978265
16.953728,500,10382.972448
15.082559,500,10400.26122
7.471011,500,10413.763833
13.044065,500,10426.770335
9.91127,500,10439.851012
20.672859,500,10455.624834
19.25724,500,10468.721876
17.035963,500,10481.853816
14.899305,500,10495.035969
19.883884,500,10509.382474
19.607482,500,10522.573192
7.700602,500,10535.568441
12.427507,500,10548.774332
14.26303,500,10563.785106
7.62933,500,10576.940181
10.612517,500,10590.242806
13.42809,500,10603.712682
26.447069,500,10619.308302
10.35389,500,10632.625945
18.637388,500,10645.619039
18.932123,500,10659.011583
19.783643,500,10672.568437
14.776434,500,10688.698734
18.08956,500,10701.691443
15.577941,500,10714.844557
18.072372,500,10728.692535
10.289483,500,10743.96295
12.109048,500,10757.092798
5.91335,500,10770.235802
19.314289,500,10783.767021
22.546152,500,10800.743594
14.018636,500,10813.862912
20.376372,500,10827.001808
13.049208,500,10840.797698
8.79818,500,10857.213515
29.230177,500,10870.311378
17.019272,500,10883.309874
11.59277,500,10897.439764
16.142723,500,10914.197683
11.25162,500,10927.558035
13.599415,500,10940.740837
18.288046,500,10954.62486
25.30361,500,10970.122618
27.576262,500,10983.811359
6.312397,500,10997.025773
13.864679,500,11010.239993
18.78794,500,11024.570234
22.603248,500,11037.780719
15.230511,500,11050.95827
5.464288,500,11063.881189
10.537768,500,11080.100697
8.743676,500,11093.142258
23.033491,500,11106.480214
13.28383,500,11120.340972
22.881418,500,11134.738642
11.571248,500,11147.789373
13.532594,500,11161.12922
13.843236,500,11174.274515
11.515108,500,11188.646239
7.51642,500,11201.932745
16.803875,500,11215.36065
19.996149,500,11228.490262
20.463394,500,11241.79505
13.110291,500,11256.927302
12.75953,500,11269.985428
19.288485,500,11283.431153
23.886348,500,11296.691985
14.341077,500,11311.102368
14.241464,500,11327.027154
18.454147,500,11340.244296
10.220271,500,11353.582787
8.243558,500,11367.588288
11.729032,500,11380.746879
15.150386,500,11395.556295
17.397197,500,11408.743353
6.835772,500,11423.011279
8.946923,500,11436.232511
9.799691,500,11450.659929
10.196975,500,11464.44071
19.071908,500,11479.287348
18.820136,500,11492.477741
16.001265,500,11505.92388
16.904893,500,11520.517657
17.817647,500,11534.93915
14.864104,500,11548.484538
16.988211,500,11562.019267
17.553256,500,11575.256001
9.789707,500,11590.010349
18.640986,500,11603.507493
11.783064,500,11617.019491
10.622333,500,11630.246229
26.482787,500,11644.815001
14.316698,500,11658.422124
16.065509,500,11671.997834
14.479823,500,11686.520481
20.642858,500,11702.457882
18.226228,500,11715.749223
19.081805,500,11728.819539
23.098707,500,11741.963626
7.869691,500,11756.138095
8.698997,500,11769.377667
20.566886,500,11783.208782
12.983536,500,11797.327652
14.387548,500,11811.799825
9.648628,500,11826.171142
13.964242,500,11839.853049
28.774786,500,11853.314248
25.663955,500,11866.671936
17.117909,500,11881.217771
26.296543,500,11894.261657
13.62934,500,11907.825989
8.279646,500,11920.998932
16.702127,500,11935.155009
22.080009,500,11948.446833
19.560939,500,11961.794106
24.24539,500,11974.945426
14.674038,500,11990.023794
22.105497,500,12003.320018
13.172383,500,12016.705432
9.106913,500,12030.141752
17.541669,500,12044.973252
20.389754,500,12059.740387
23.960984,500,12073.195548
22.175378,500,12086.890515
24.269858,500,12101.460538
7.757401,500,12115.080957
23.347722,500,12128.763702
14.10779,500,12141.917963
15.571759,500,12157.109884
14.109804,500,12170.193332
5.750119,500,12183.227492
8.14138,500,12197.113668
7.334724,500,12211.597577
21.996324,500,12224.732543
12.528792,500,12238.03714
8.490966,500,12252.162649
25.702009,500,12266.887473
13.071672,500,12279.822913
26.520852,500,12293.068588
20.747283,500,12306.054703
22.531029,500,12321.024364
17.020702,500,12334.145201
6.523319,500,12347.069914
10.426938,500,12360.396139
21.065371,500,12375.105627
9.169467,500,12388.581447
17.206071,500,12402.895542
20.042381,500,12416.855531
19.735956,500,12429.96382
22.865349,500,12444.924566
5.364261,500,12458.006561
15.209335,500,12471.968973
16.179733,500,12485.461756
19.910284,500,12501.394326
17.190478,500,12515.110699
17.660216,500,12528.691591
12.961772,500,12542.208757
18.537013,500,12559.519247
23.405207,500,12572.610965
9.70571,500,12586.047324
16.058408,500,12599.867445
12.389033,500,12615.493057
15.52329,500,12629.030775
18.5536,500,12642.072019
16.663329,500,12655.651907
11.252805,500,12669.738638
21.477748,500,12683.106553
21.56637,500,12696.145553
11.091294,500,12709.163725
23.464226,500,12723.758159
19.628782,500,12737.257776
18.864396,500,12750.356372
9.563511,500,12763.829733
12.549683,500,12778.298308
14.497116,500,12791.655786
20.516934,500,12805.465169
15.858788,500,12819.218976
22.92812,500,12833.82005
19.472414,500,12847.368064
16.978936,500,12860.931254
23.387916,500,12874.498737
16.370086,500,12888.817153
20.487653,500,12902.144567
11.556081,500,12915.097557
6.476328,500,12929.311674
15.938326,500,12943.968915
25.143149,500,12957.657814
19.748368,500,12970.957977
12.324319,500,12984.265682
23.740544,500,13001.014619
7.986065,500,13013.995658
8.857724,500,13026.761539
21.959388,500,13039.938823
21.915635,500,13054.214074
7.167246,500,13070.16597
23.672501,500,13083.386759
27.61093,500,13096.75612
14.091721,500,13110.237917
10.063578,500,13125.822996
14.67142,500,13138.932657
10.20612,500,13152.019082
15.708947,500,13166.259457
18.825372,500,13182.559417
9.888371,500,13195.925077
20.58522,500,13209.329096
30.224958,500,13222.621933
26.971483,500,13237.476156
17.489539,500,13250.595024
28.995459,500,13264.295489
10.943447,500,13277.553371
24.803398,500,13292.227854
15.237017,500,13305.289843
19.141222,500,13318.481433
22.636667,500,13332.300963
20.56426,500,13348.121917
24.737037,500,13361.431131
16.184638,500,13374.882746
20.649698,500,13388.41978
22.53033,500,13403.025336
23.455302,500,13416.394279
21.067393,500,13429.628181
26.063544,500,13443.822871
10.310052,500,13458.638153
28.107176,500,13471.878247
21.660499,500,13485.316056
15.955633,500,13498.816628
10.573895,500,13514.677392
19.004761,500,13527.650517
16.575092,500,13541.152724
10.050427,500,13554.776957
22.38357,500,13569.396386
12.566498,500,13582.721377
16.342107,500,13596.16821
27.056841,500,13609.761747
23.039171,500,13623.394426
9.322162,500,13637.69602
17.54449,500,13650.887068
11.631493,500,13665.282187
8.408659,500,13678.445765
11.278683,500,13694.767902
25.5281,500,13708.042919
11.896273,500,13721.725185
7.240071,500,13734.993171
20.887635,500,13749.43639
12.059039,500,13762.596584
11.907282,500,13775.999631
25.231378,500,13789.949693
16.672003,500,13805.041149
13.06026,500,13818.777943
18.838521,500,13832.87878
13.30356,500,13845.96521
20.617856,500,13860.158553
10.959951,500,13873.442138
10.673559,500,13888.281608
18.835046,500,13901.416948
9.489226,500,13917.401399
19.49189,500,13931.014447
15.136903,500,13945.485462
20.263691,500,13959.623627
25.199564,500,13974.755869
22.670375,500,13988.066474
12.878367,500,14001.748791
15.656744,500,14014.860394
12.007258,500,14029.018428
10.728885,500,14042.242481
19.899521,500,14055.672884
21.434292,500,14069.03748
10.834247,500,14084.001962
12.321353,500,14097.844846
14.156266,500,14110.769745
14.138465,500,14124.568193
12.435995,500,14138.746984
10.911048,500,14154.041822
12.669844,500,14168.390641
12.328334,500,14181.894243
12.788703,500,14195.009333
17.706378,500,14210.756097
10.346934,500,14225.593717
5.301433,500,14239.004646
19.413302,500,14251.996785
14.912308,500,14267.174035
18.522915,500,14280.620385
14.273577,500,14293.892848
10.082832,500,14306.918417
8.281028,500,14322.334762
13.645382,500,14335.436547
18.13535,500,14349.668391
6.091788,500,14362.882808
10.179806,500,14377.494527
9.57311,500,14390.775568
10.960791,500,14404.394767
13.291669,500,14417.585856
10.436475,500,14432.112096
16.846845,500,14445.242377
18.64171,500,14459.010108
14.770183,500,14472.297453
10.764431,500,14487.266993
17.832241,500,14500.451254
18.328122,500,14513.85899
5.723029,500,14527.624984
24.595143,500,14542.744467
20.125202,500,14555.833289
7.352456,500,14569.445851
9.460831,500,14583.830969
16.405948,500,14599.861909
12.235498,500,14612.902129
18.642524,500,14626.443406
17.526898,500,14640.750711
17.902662,500,14657.642852
13.907898,500,14671.031623
8.409217,500,14684.065882
16.555072,500,14697.051297
17.455293,500,14713.650624
9.128377,500,14726.785702
8.128929,500,14740.083846
18.803909,500,14753.511257
9.059665,500,14769.101212
10.6103,500,14783.489026
15.257737,500,14796.924724
17.151539,500,14810.183018
14.024141,500,14823.626365
19.921857,500,14838.070239
17.918086,500,14852.906698
11.772979,500,14866.137364
13.611051,500,14879.466915
10.293888,500,14893.784235
18.177213,500,14908.073747
11.606925,500,14921.572316
14.246553,500,14934.903535
21.035302,500,14949.373434
10.933555,500,14962.956167
16.852739,500,14978.175887
10.551805,500,14991.351923
10.871169,500,15005.795062
13.102556,500,15018.890512
20.9553,500,15033.048839
7.632478,500,15046.97359
11.018363,500,15061.416431
7.085955,500,15074.495708
11.794132,500,15087.545291
17.791816,500,15101.661339
12.19352,500,15116.772548
17.485166,500,15130.16604
17.154531,500,15143.240698
14.031803,500,15156.807058
11.901314,500,15172.457558
17.025608,500,15186.078608
12.310783,500,15199.218288
13.264923,500,15212.625549
7.373094,500,15229.543453
13.763187,500,15242.690828
18.486637,500,15255.85304
11.593756,500,15269.904634
20.991801,500,15284.677916
12.726841,500,15299.159236
11.562802,500,15312.349294
24.809717,500,15325.816207
13.75849,500,15340.326965
21.722748,500,15353.767524
12.131209,500,15367.105564
18.758851,500,15380.971202
12.808837,500,15394.028652
11.507255,500,15408.739564
16.978439,500,15422.329513
18.611715,500,15435.863946
20.818046,500,15449.152409
15.644736,500,15463.998686
9.156279,500,15476.88459
21.144755,500,15491.974429
11.860996,500,15505.034257
9.693554,500,15519.54174
20.501566,500,15532.834721
21.274489,500,15547.143917
11.368518,500,15560.341423
9.026775,500,15575.980047
11.661484,500,15588.957231
14.692855,500,15602.336977
16.833905,500,15617.086541
11.181528,500,15632.465305
8.895064,500,15645.324728
18.067105,500,15658.476778
12.197189,500,15671.738844
12.407988,500,15687.791583
13.336568,500,15700.772774
13.190022,500,15714.802837
15.19161,500,15727.934323
22.171006,500,15742.95504
19.479325,500,15756.180894
8.681812,500,15769.550966
10.124084,500,15782.565467
10.772993,500,15797.141797
18.725058,500,15810.147729
17.454935,500,15823.580685
6.270868,500,15836.581171
17.255451,500,15852.080752
18.251488,500,15866.021933
14.261728,500,15879.344076
13.561322,500,15892.533188
19.33157,500,15907.092942
16.164698,500,15920.070953
11.669789,500,15933.689034
11.012058,500,15946.680562
9.112102,500,15961.164747
10.423004,500,15974.65176
15.002908,500,15988.214273
10.470385,500,16001.355838
14.389285,500,16014.609782
16.328959,500,16029.17982
13.688526,500,16042.490258
8.275125,500,16055.90384
10.556357,500,16070.211298
8.265384,500,16084.671431
19.526451,500,16097.906601
12.576656,500,16111.655955
22.18489,500,16124.830105
15.030231,500,16139.532758
6.51225,500,16152.986382
21.058456,500,16166.074769
7.593057,500,16179.675823
19.279578,500,16194.118767
10.380896,500,16207.341251
10.691116,500,16220.5826
8.933274,500,16234.221102
7.413708,500,16248.732605
9.769268,500,16261.880218
9.949029,500,16274.924512
16.529862,500,16288.495846
16.480476,500,16303.170907
15.749749,500,16316.504973
13.83087,500,16331.252182
10.001977,500,16345.419147
10.450226,500,16360.051749
12.806013,500,16373.18801
15.825774,500,16386.712059
16.384902,500,16400.256821
8.253736,500,16414.79343
11.649548,500,16427.923858
8.063208,500,16441.940635
9.797001,500,16455.218041
8.722811,500,16470.183884
10.232311,500,16483.520814
6.584315,500,16497.255655
7.846134,500,16511.733146
8.044598,500,16526.309193
7.037582,500,16539.671528
8.482348,500,16553.842332
15.232198,500,16567.802719
21.529205,500,16581.028041
10.402521,500,16595.493959
6.787172,500,16609.276434
7.955698,500,16622.506132
8.846608,500,16635.817628
14.225702,500,16650.48813
8.720525,500,16665.323281
9.526125,500,16678.929754
10.630363,500,16692.135185
7.844636,500,16706.828329
9.246829,500,16720.60318
8.224113,500,16734.568677
11.606139,500,16747.851178
9.426577,500,16762.34162
7.447755,500,16775.963157
15.21718,500,16789.703136
10.216918,500,16802.741386
15.15978,500,16817.057998
14.355023,500,16830.166906
8.784615,500,16843.634221
17.527506,500,16857.014141
14.915915,500,16871.203809
7.587188,500,16884.204331
7.726712,500,16897.239779
14.904342,500,16910.601418
7.613136,500,16926.354298
8.464598,500,16939.839233
8.834521,500,16952.890959
17.625152,500,16966.161998
16.820816,500,16981.070054
9.041415,500,16994.268635
12.100121,500,17007.840888
11.050967,500,17021.560571
6.066454,500,17036.117326
10.901007,500,17049.342185
13.870596,500,17062.391999
13.235531,500,17075.943871
10.735322,500,17091.220835
10.363444,500,17104.445178
12.262977,500,17117.514849
9.075797,500,17130.667348
12.9116,500,17150.377761
10.328552,500,17164.283448
13.893225,500,17177.687577
11.75716,500,17190.960492
13.215305,500,17204.167431
12.618632,500,17218.761122
16.746313,500,17232.306796
18.544046,500,17245.734363
15.53676,500,17259.675947
13.832151,500,17275.867768
9.614542,500,17289.391567
16.692287,500,17302.673529
10.760273,500,17316.030921
11.556155,500,17330.244026
6.351434,500,17343.577753
13.31836,500,17356.638084
10.648089,500,17370.302366
8.003172,500,17386.114868
7.414836,500,17399.347228
12.079006,500,17412.640316
17.265227,500,17426.301414
16.013331,500,17440.71593
18.180043,500,17453.910767
10.775986,500,17467.348904
7.649785,500,17480.7782
9.371378,500,17495.701153
19.505122,500,17509.224321
9.187705,500,17522.157583
10.422274,500,17535.583106
13.354258,500,17549.792757
18.03119,500,17563.542389
9.064824,500,17576.808825
10.787535,500,17590.119408
9.635303,500,17604.310132
11.612384,500,17617.473838
8.59727,500,17630.978874
10.931262,500,17645.454637
10.854251,500,17660.365318
13.511846,500,17673.71096
10.676611,500,17687.31716
13.694039,500,17700.691782
13.554813,500,17714.962113
10.185716,500,17727.988834
9.965424,500,17740.963314
17.611442,500,17755.598636
19.09578,500,17769.55639
13.304933,500,17784.308155
5.672645,500,17797.338881
13.659627,500,17810.478773
17.07542,500,17824.610322
11.796192,500,17839.170355
9.871349,500,17852.416178
10.672954,500,17865.94126
20.523131,500,17878.97802
12.364603,500,17893.656157
7.877964,500,17906.760615
7.191616,500,17919.795674
14.637214,500,17932.838871
13.992413,500,17947.163445
11.696629,500,17960.20561
9.065701,500,17973.658038
10.555594,500,17986.765791
10.836421,500,18004.029347
9.619142,500,18018.217562
14.220339,500,18031.676389
10.438214,500,18044.803971
11.272681,500,18059.690722
11.808662,500,18072.950217
10.863734,500,18088.808239
10.277521,500,18101.824963
9.717907,500,18116.400478
11.673515,500,18129.671442
14.870667,500,18143.320658
22.173117,500,18156.335901
5.66292,500,18171.069204
10.026915,500,18183.949014
7.41547,500,18197.096904
8.873973,500,18211.488744
13.223313,500,18226.151425
17.304654,500,18239.145066
8.755557,500,18252.504203
9.603969,500,18265.711312
8.88673,500,18281.590145
15.894779,500,18294.710188
18.280989,500,18307.812196
8.601375,500,18320.726425
15.547166,500,18333.861071
16.049847,500,18348.613528
7.942667,500,18362.021667
17.731781,500,18375.375867
14.546996,500,18388.531749
6.962537,500,18403.287497
8.453452,500,18416.360583
12.572702,500,18430.576755
15.586575,500,18443.770562
16.592927,500,18458.16897
16.519173,500,18473.279533
15.819018,500,18486.410296
13.256013,500,18499.521351
18.583716,500,18514.12501
9.964677,500,18527.842109
19.851909,500,18540.923717
10.809397,500,18554.173719
8.745334,500,18569.367009
8.462193,500,18582.472126
9.908108,500,18595.570483
12.514159,500,18609.020078
7.427871,500,18623.801622
15.401893,500,18637.075355
7.602133,500,18650.123831
8.544372,500,18663.551884
6.134169,500,18678.150232
15.900681,500,18691.740144
21.265838,500,18705.270692
16.775779,500,18718.794175
13.290639,500,18733.606991
16.849818,500,18746.979241
12.702711,500,18760.906272
17.630383,500,18773.995986
15.187478,500,18789.743621
8.645509,500,18804.054512
16.02272,500,18817.205081
8.305229,500,18830.158659
17.114138,500,18845.018071
16.656864,500,18858.944688
11.149726,500,18872.3441
10.685459,500,18885.593041
15.170577,500,18899.934549
9.613325,500,18913.835861
15.023147,500,18927.259391
8.044263,500,18940.962837
9.371124,500,18954.339889
13.880315,500,18970.170191
14.479429,500,18983.499499
10.758851,500,18997.656815
10.705449,500,19011.046746
9.067447,500,19025.9408
11.282945,500,19039.113435
10.668472,500,19052.376156
11.986665,500,19065.360259
13.301012,500,19079.948126
9.430026,500,19093.026361
11.567472,500,19106.49311
18.324404,500,19119.500563
16.609288,500,19133.601117
12.496734,500,19146.922461
18.891276,500,19160.027797
12.502584,500,19174.702776
12.80124,500,19188.891969
16.483381,500,19201.959507
15.492499,500,19215.330165
16.40316,500,19228.93655
6.878802,500,19243.965306
17.498543,500,19257.012913
12.955221,500,19270.181725
7.986732,500,19283.623027
9.548529,500,19300.146718
9.112236,500,19313.342297
20.171836,500,19326.687923
11.220446,500,19340.624588
6.709183,500,19356.818683
15.610298,500,19369.986553
11.965937,500,19383.294579
13.351328,500,19397.026196
7.955874,500,19411.664025
16.560635,500,19425.056087
8.040905,500,19438.462283
7.70619,500,19451.515373
7.562812,500,19465.861438
9.164133,500,19478.765751
12.69079,500,19491.975051
13.25777,500,19505.185416
9.078599,500,19518.785052
13.001505,500,19533.375654
11.227483,500,19546.377941
11.615654,500,19559.859715
11.867007,500,19574.772063
7.029716,500,19589.312798
9.357107,500,19602.586317
13.640187,500,19615.70805
12.911404,500,19629.728277
16.857734,500,19646.681953
10.476176,500,19660.784573
15.912988,500,19673.766258
9.210006,500,19686.905274
9.85333,500,19703.849026
9.533575,500,19717.607089
8.658432,500,19730.757195
11.639779,500,19743.763648
6.75363,500,19758.574905
9.715774,500,19772.295184
8.374755,500,19785.73419
17.680612,500,19799.50589
12.113848,500,19813.681217
12.49811,500,19827.382836
9.226994,500,19840.451649
11.696101,500,19853.503557
11.937687,500,19868.104038
18.01978,500,19881.800197
18.001614,500,19894.945764
9.365603,500,19908.058087
13.957108,500,19922.44868
13.434367,500,19935.684504
12.017157,500,19949.115453
18.507533,500,19962.270013
9.620857,500,19977.044955
15.670414,500,19990.295004
17.959989,500,20003.510638
17.74416,500,20016.817182
5.732568,500,20031.104161
8.946482,500,20044.962046
10.51934,500,20058.471487
12.59052,500,20071.913302
12.396592,500,20086.392963
13.543769,500,20099.711461
11.597248,500,20112.929924
8.595582,500,20126.331558
11.968432,500,20139.268483
11.556596,500,20153.698614
8.120538,500,20166.634389
7.92361,500,20179.675514
11.367638,500,20193.010902
18.452614,500,20207.637242
9.714255,500,20220.842451
7.243456,500,20234.377097
13.405836,500,20247.343462
9.386994,500,20262.344733
7.829359,500,20275.348758
15.136151,500,20288.991288
20.759093,500,20302.314225
14.067207,500,20316.831386
17.173549,500,20329.880249
11.340196,500,20344.318503
7.469623,500,20357.551425
16.298929,500,20372.20481
8.480912,500,20385.299458
14.530503,500,20398.669687
9.981743,500,20412.507678
15.952078,500,20428.165856
12.995497,500,20441.418376
19.443728,500,20454.703022
9.67539,500,20467.677252
9.598314,500,20482.266044
14.020887,500,20495.544326
9.764742,500,20509.043859
18.704797,500,20522.121084
17.727681,500,20536.75915
15.331359,500,20551.073687
13.794204,500,20564.49207
16.371667,500,20577.912901
14.868066,500,20594.639705
11.750089,500,20607.892712
20.545644,500,20621.091175
14.899065,500,20634.81801
13.194327,500,20650.605543
9.689159,500,20664.91728
5.64853,500,20678.064943
14.846927,500,20691.231759
16.984388,500,20704.493281
8.383297,500,20719.897826
10.458128,500,20733.649716
16.795628,500,20747.074825
5.967891,500,20760.050985
10.118472,500,20775.008526
11.46755,500,20788.095716
11.895699,500,20801.258364
11.964933,500,20814.494455
7.75597,500,20829.924284
9.005922,500,20843.490281
11.632718,500,20856.752808
13.512916,500,20870.278658
18.919436,500,20885.020902
7.428696,500,20898.252958
19.700571,500,20911.328646
9.131661,500,20924.586074
16.656339,500,20940.063783
12.747191,500,20953.292878
12.031403,500,20967.37884
10.978547,500,20980.580656
12.217946,500,20998.692486
7.082266,500,21011.790281
7.707238,500,21025.153737
14.87331,500,21038.621507
7.493865,500,21053.696998
7.035296,500,21068.067312
14.364591,500,21082.027964
8.871792,500,21095.241205
5.821094,500,21109.539161
7.961944,500,21123.971498
14.876792,500,21137.794916
11.973765,500,21150.899594
8.905723,500,21165.691769
6.905235,500,21178.78228
17.463133,500,21192.473109
14.702729,500,21205.892712
6.513159,500,21222.094797
7.760234,500,21235.160516
15.72786,500,21248.295516
21.8241,500,21262.287714
10.023682,500,21275.695712
8.740429,500,21290.301152
8.444793,500,21303.534005
13.830461,500,21316.67558
8.283473,500,21330.467933
15.979032,500,21345.144676
7.713487,500,21358.184891
15.154615,500,21371.400073
9.169258,500,21384.763579
7.331581,500,21400.482807
11.169211,500,21413.998299
11.483876,500,21427.36553
11.69996,500,21440.505109
9.191969,500,21455.081328
13.602878,500,21470.246431
8.382507,500,21483.281907
13.066346,500,21496.518515
7.640994,500,21511.333951
6.011351,500,21526.612767
17.083119,500,21540.184196
12.583169,500,21553.413485
10.068621,500,21568.345628
14.805101,500,21581.529497
16.429464,500,21595.347149
15.559991,500,21608.711681
12.41951,500,21622.9528
7.059754,500,21636.360124
7.701461,500,21650.058726
8.391543,500,21664.430883
6.649987,500,21678.826351
7.822228,500,21692.706128
17.4919,500,21705.835912
11.809299,500,21719.274983
12.963135,500,21733.999155
13.610005,500,21747.539318
10.152183,500,21761.055242
10.094279,500,21774.415583
7.042117,500,21789.922589
17.751081,500,21803.689147
7.606832,500,21817.244609
20.558387,500,21830.254911
14.981346,500,21844.53838
11.717645,500,21858.261695
12.98506,500,21871.589846
7.708001,500,21885.1796
16.867774,500,21898.540041
11.105162,500,21913.679237
6.302574,500,21927.233122
11.301034,500,21940.640543
11.338234,500,21953.746886
6.367872,500,21967.902308
9.630493,500,21981.131308
10.471853,500,21995.489363
12.765534,500,22008.756059
8.176663,500,22023.077457
12.043193,500,22036.18539
16.244636,500,22049.978175
12.635647,500,22063.343189
5.532382,500,22078.333238
8.353415,500,22091.491049
18.071576,500,22104.705837
10.966209,500,22118.666042
9.410115,500,22135.420693
7.512119,500,22148.968166
8.322856,500,22162.459225
13.05014,500,22175.609977
6.891847,500,22192.252693
11.57228,500,22205.729614
12.011742,500,22219.318076
12.979108,500,22232.589231
7.926398,500,22247.087341
15.891102,500,22261.371238
9.040232,500,22274.424026
12.806171,500,22287.629428
14.405403,500,22302.65497
18.005354,500,22316.404053
15.519524,500,22330.299827
9.280849,500,22343.729814
7.694767,500,22359.389545
16.134781,500,22372.630202
7.017869,500,22385.615882
11.561882,500,22398.922164
12.470756,500,22413.538522
15.339244,500,22427.07954
8.87643,500,22440.065741
9.421225,500,22453.630322
16.018176,500,22466.905823
19.856115,500,22481.507371
14.979105,500,22495.273321
10.03528,500,22508.366966
13.882412,500,22521.572673
8.990268,500,22536.920229
14.690924,500,22551.026883
17.491249,500,22564.181127
8.683107,500,22577.151253
9.939672,500,22592.303576
15.121808,500,22605.832078
12.161744,500,22618.908202
18.300022,500,22632.071707
11.580306,500,22648.347262
9.571734,500,22661.424239
12.922979,500,22674.518283
8.558779,500,22687.676544
11.498894,500,22702.189448
8.735376,500,22715.835151
14.319869,500,22729.82363
16.745518,500,22743.17015
14.672116,500,22757.797143
9.893217,500,22771.027481
6.768282,500,22784.303785
10.950508,500,22798.10451
12.470449,500,22813.214876
16.619962,500,22826.277188
8.079274,500,22839.380553
10.991855,500,22853.31355
13.477509,500,22867.990352
9.271236,500,22881.74592
14.3158,500,22895.111342
18.277721,500,22908.198152
8.207921,500,22922.687242
11.428478,500,22935.898768
13.860287,500,22949.432344
9.069777,500,22962.708997
11.183629,500,22977.866016
8.735373,500,22990.796147
16.415378,500,23004.335081
12.964306,500,23017.581999
14.273253,500,23032.204084
10.164747,500,23045.322516
11.944143,500,23058.7657
19.000889,500,23072.146768
10.139552,500,23085.543948
10.909513,500,23101.27409
10.24234,500,23115.169199
19.824505,500,23128.129456
10.728452,500,23141.455024
19.266345,500,23156.810207
12.379283,500,23171.612848
7.751113,500,23184.51513
9.727177,500,23197.744116
20.67601,500,23212.196922
10.197654,500,23226.067854
11.670143,500,23239.639775
8.027578,500,23253.105073
10.521319,500,23267.799338
12.639288,500,23280.956931
12.373942,500,23295.083012
10.437065,500,23308.673717
12.650121,500,23323.053634
7.019556,500,23336.474753
16.770804,500,23350.146531
9.360884,500,23363.802275
8.079316,500,23377.937815
10.519906,500,23390.975496
15.543596,500,23404.398519
15.245811,500,23418.183874
9.472933,500,23433.041885
9.167091,500,23446.931243
11.911161,500,23460.047977
14.430031,500,23473.69962
9.490287,500,23487.97911
13.441208,500,23501.025484
14.911228,500,23514.008683
17.871377,500,23527.327703
17.853121,500,23542.214266
12.23363,500,23555.481135
13.331827,500,23568.517002
5.517609,500,23581.907355
11.43892,500,23596.227637
10.724959,500,23609.746979
10.471553,500,23623.339953
8.977876,500,23637.259174
8.797529,500,23650.190023
19.166627,500,23666.13989
8.167913,500,23679.379342
7.280585,500,23692.423542
11.602437,500,23705.853863
19.219315,500,23720.594289
8.793921,500,23735.079343
12.687857,500,23748.080146
9.808824,500,23761.428087
9.372928,500,23775.926513
14.293666,500,23789.020541
11.406928,500,23802.858209
9.076973,500,23816.403454
9.083277,500,23830.66108
10.39283,500,23843.642733
10.924619,500,23856.950697
10.961986,500,23872.15071
9.721973,500,23886.392678
8.586754,500,23899.303067
9.851117,500,23912.310053
15.489605,500,23925.254431
13.818666,500,23943.596959
18.175366,500,23956.571498
12.308318,500,23969.79478
10.317796,500,23982.883662
13.705764,500,23997.881291
10.984098,500,24011.155254
12.841583,500,24024.229353
8.711278,500,24037.494585
14.259905,500,24052.211091
16.429575,500,24065.331112
18.299813,500,24078.416149
15.447843,500,24091.73427
6.924453,500,24105.958572
10.420949,500,24119.034438
9.452059,500,24131.97993
8.225801,500,24146.025874
9.422704,500,24161.567928
8.191862,500,24175.072045
15.705995,500,24188.228663
11.446639,500,24201.384457
9.317308,500,24217.283171
12.7719,500,24230.407763
7.338777,500,24243.721695
18.712199,500,24257.045732
7.991694,500,24270.681167
13.549475,500,24287.331284
10.011701,500,24301.1717
8.106164,500,24314.257303
7.930815,500,24327.410846
5.771716,500,24342.118544
12.463911,500,24355.268446
9.359581,500,24368.342429
11.218985,500,24381.848728
14.850261,500,24396.275971
14.976661,500,24410.051691
14.6379,500,24423.122242
7.338344,500,24437.200191
11.911156,500,24451.956923
11.774053,500,24465.268672
8.584786,500,24478.432296
7.565216,500,24493.192989
18.229296,500,24507.503383
12.43901,500,24520.771116
13.233901,500,24534.516477
6.489373,500,24548.135625
17.536633,500,24563.060026
11.269957,500,24576.407868
14.325464,500,24589.468649
7.692438,500,24602.600839
8.981416,500,24617.258552
13.047165,500,24630.329426
7.601891,500,24643.50536
8.224471,500,24656.773038
9.076396,500,24672.254713
11.894604,500,24685.798719
10.436216,500,24698.905604
13.538044,500,24712.729598
7.831751,500,24727.499963
10.516911,500,24741.026508
10.868293,500,24754.363943
6.419906,500,24767.7641
14.035979,500,24783.792249
17.560518,500,24797.982373
13.229978,500,24811.150954
11.230829,500,24824.318007
11.010812,500,24837.415509
14.796099,500,24853.169025
9.543016,500,24866.087636
13.366848,500,24879.319313
14.39535,500,24892.593332
15.612314,500,24906.887691
14.406305,500,24919.817624
6.296325,500,24932.757931
13.169845,500,24945.744855
7.776582,500,24960.256856
12.164698,500,24973.135203
7.825651,500,24986.337335
12.203888,500,25000.518247
11.664397,500,25015.027977
11.099647,500,25028.464715
13.538841,500,25041.879797
11.210697,500,25054.842949
12.278177,500,25071.542295
7.882114,500,25085.043325
8.987004,500,25098.400928
11.491764,500,25111.735158
15.039621,500,25126.152998
13.278781,500,25139.453345
18.620628,500,25152.979059
13.49465,500,25166.317988
11.797742,500,25181.193398
15.822173,500,25194.365224
6.520951,500,25208.486436
8.461743,500,25221.462832
9.989476,500,25236.119928
11.882285,500,25249.251604
12.267913,500,25262.688729
17.352616,500,25275.686878
14.72252,500,25290.859806
19.462447,500,25303.964019
15.25798,500,25317.088578
12.041814,500,25330.153502
12.817778,500,25346.911863
16.357594,500,25360.036404
12.469275,500,25373.188491
19.526423,500,25386.393443
10.912885,500,25400.058103
13.265786,500,25415.935609
6.205986,500,25429.318027
7.715881,500,25442.273595
13.482437,500,25455.74305
12.617539,500,25470.931921
11.102701,500,25484.72728
19.340917,500,25497.946503
18.159706,500,25511.070645
16.815147,500,25525.766261
10.529271,500,25539.907849
15.164436,500,25553.241048
5.46756,500,25567.035499
12.167945,500,25582.274725
14.873966,500,25596.866429
21.956044,500,25610.454829
9.207833,500,25623.487995
16.90428,500,25638.076321
13.602684,500,25651.278091
9.618017,500,25664.928999
14.751912,500,25679.300317
14.418295,500,25694.033966
11.308566,500,25707.477788
9.037231,500,25720.461681
18.260493,500,25733.947111
10.94225,500,25748.669348
10.096407,500,25762.031021
11.626993,500,25775.468679
14.731666,500,25788.951325
13.344224,500,25803.827904
13.872456,500,25817.52759
6.463843,500,25830.45269
7.657984,500,25843.655024
9.589363,500,25858.690506
23.304484,500,25872.156813
9.217829,500,25885.394536
19.421544,500,25899.344648
12.517002,500,25914.662916
11.45186,500,25928.541191
17.972721,500,25941.884626
13.750099,500,25955.301852
7.157859,500,25969.686652
15.367576,500,25983.408039
9.807995,500,25998.402681
6.396581,500,26011.457788
14.704472,500,26024.683285
22.80473,500,26039.719606
18.471203,500,26053.454046
15.796013,500,26066.926298
12.767944,500,26080.586269
7.008566,500,26095.088415
10.090196,500,26108.41809
19.545612,500,26121.580864
6.411482,500,26136.340215
12.966239,500,26150.842759
17.76642,500,26164.051355
13.29055,500,26177.228358
6.332071,500,26190.235686
15.360161,500,26208.340578
21.227471,500,26221.402525
10.515838,500,26234.939998
10.803374,500,26248.051755
17.654849,500,26263.194521
13.281126,500,26276.258077
13.829985,500,26289.649515
7.981861,500,26302.749168
20.335447,500,26318.152548
8.604607,500,26331.443685
11.813229,500,26344.696958
15.443562,500,26357.882892
13.450449,500,26374.596442
18.547598,500,26387.815495
13.80132,500,26401.155743
6.609344,500,26415.404471
16.571514,500,26433.341369
10.841995,500,26446.41481
12.674184,500,26460.016256
11.941806,500,26474.504313
16.337438,500,26491.657004
19.540905,500,26505.32605
16.803226,500,26518.79124
10.960111,500,26531.778204
13.064456,500,26547.505268
16.393298,500,26561.070951
12.661879,500,26574.348105
13.054319,500,26587.451375
19.735433,500,26600.827761
8.741493,500,26615.989517
7.884294,500,26629.732228
14.358024,500,26642.987061
19.333386,500,26656.183638
21.297205,500,26671.397884
9.8618,500,26685.511846
10.508786,500,26699.602437
10.144861,500,26712.952116
9.496775,500,26727.509599
14.348797,500,26741.001135
17.494692,500,26754.689903
13.041948,500,26768.023489
11.936209,500,26782.6242
8.065622,500,26795.689086
21.278379,500,26809.126145
9.175483,500,26822.902584
13.303847,500,26837.444373
5.34706,500,26850.688373
18.026557,500,26863.894416
14.225262,500,26876.861587
10.439673,500,26890.791105
14.427459,500,26903.939209
9.559603,500,26917.120072
15.559078,500,26930.414438
15.917432,500,26944.890241
10.060734,500,26958.6857
6.126894,500,26971.560169
20.870196,500,26984.872379
9.769075,500,26998.945132
15.641432,500,27012.032321
11.868715,500,27025.627374
6.031123,500,27038.738686
15.482388,500,27052.683056
12.663769,500,27065.781368
8.84224,500,27078.876689
14.599212,500,27092.138707
7.437521,500,27106.81399
9.367557,500,27119.855613
16.26955,500,27133.118515
11.499235,500,27146.392541
14.128273,500,27160.52061
14.072733,500,27173.752227
7.730324,500,27186.881177
16.776333,500,27200.021847
10.122084,500,27213.586096
17.170723,500,27228.091553
17.856123,500,27241.265443
17.684219,500,27254.670759
19.539027,500,27267.910361
15.628069,500,27281.951149
7.449491,500,27295.06126
9.333777,500,27308.169694
11.881989,500,27321.341117
10.14872,500,27335.44061
8.251423,500,27348.271818
16.674199,500,27361.798828
12.730621,500,27374.891308
11.016846,500,27389.837861
10.971741,500,27402.982938
11.954218,500,27416.337412
11.856578,500,27430.053639
6.699805,500,27444.662015
6.23284,500,27457.46947
15.963937,500,27470.565735
12.946971,500,27483.796528
8.184626,500,27498.387186
8.654618,500,27511.786328
10.395798,500,27525.167695
12.101768,500,27538.391473
19.572049,500,27552.884096
10.894003,500,27566.10816
9.93728,500,27579.694842
14.581319,500,27593.109445
15.483758,500,27608.355523
18.870111,500,27621.437675
8.537946,500,27635.009714
8.141459,500,27648.159455
12.381765,500,27662.34027
15.906256,500,27675.249767
7.867707,500,27688.44568
9.852995,500,27701.847337
